timestamp,temperature_c,humidity_percent,wind_speed_kmh,cloud_cover_percent,power_output_kw
2025-05-01 00:00:00,17.296073817894513,80.0473721386494,14.865211634461154,83.04849436322091,0.0
2025-05-01 01:00:00,13.25522976683679,78.16004690830684,1.729049207139894,68.13766600463637,0.0
2025-05-01 02:00:00,14.43010216480779,88.36798093252888,5.094845917110811,60.541197121806675,0.0
2025-05-01 03:00:00,11.95532000561859,69.005817675325,9.538768793720754,81.7978499662204,0.0
2025-05-01 04:00:00,17.70701774850485,81.8931976778627,7.070706193147879,49.024666126204394,0.0
2025-05-01 05:00:00,19.436365878102386,73.52458430309109,2.8187050997932466,93.37619195019971,0.0
2025-05-01 06:00:00,19.916115368242707,69.00823598299164,12.774747172707857,45.42788140063097,0.0
2025-05-01 07:00:00,22.653553714502834,62.751227497992,3.4254065720122293,37.46826482381424,89.86202105627783
2025-05-01 08:00:00,24.827587041882154,56.41291057769189,6.994428575730899,27.03933837253808,201.89023608212523
2025-05-01 09:00:00,25.047986143689506,55.59748087419725,12.881726031228311,25.834829994251642,271.3930223156952
2025-05-01 10:00:00,28.484055021949313,55.2585493902131,8.591862527720025,58.364079256047106,220.11011183065008
2025-05-01 11:00:00,31.49898526811961,46.73754976821243,0.8790280442649051,37.63789554055369,321.04303514917194
2025-05-01 12:00:00,35.16181748360324,43.03841413679513,14.771410294514157,98.08674715698736,107.63327870183105
2025-05-01 13:00:00,34.54394712183513,47.7664615926866,7.390077319629212,48.189059022053215,282.72387266199473
2025-05-01 14:00:00,37.37669439559065,34.94617337287628,6.022272753596283,69.64714372739023,180.11549837505703
2025-05-01 15:00:00,37.73584714274787,38.516707964245235,10.302870318517522,28.899606015833633,254.32273421037334
2025-05-01 16:00:00,35.52727260341589,34.8291170146935,13.584565172466876,87.49847956968321,74.59385800550267
2025-05-01 17:00:00,35.636688946403886,49.0041013399539,13.582872787415962,46.637513949976636,70.2748294609968
2025-05-01 18:00:00,29.983273652883398,55.232852319201434,13.262167277321431,3.992697549503088,4.374365423017362
2025-05-01 19:00:00,26.30869077604071,58.27610049541725,7.311284936996605,83.05220446740854,0.0
2025-05-01 20:00:00,25.16900255988415,65.59875590833717,14.012236343314912,63.940954743537134,0.0
2025-05-01 21:00:00,19.410535489718033,61.50565102952285,12.168640261829692,82.1268061691668,0.0
2025-05-01 22:00:00,20.28396951789659,65.13675974110404,12.773084656303142,22.424071640025687,0.0
2025-05-01 23:00:00,19.83061629792617,76.30855163523134,9.757196988734277,97.92021077031008,0.0
2025-05-02 00:00:00,14.826805654589778,72.814017776654,10.325918316956399,1.3286228139093303,0.0
2025-05-02 01:00:00,14.93439258170688,79.79998027177065,11.117734184337682,16.348463439672035,0.0
2025-05-02 02:00:00,12.821099504754116,84.80230540972397,13.813607809633531,11.875244698568055,0.0
2025-05-02 03:00:00,13.513170207410692,75.52911013030422,12.823927827971154,73.84752734895893,0.0
2025-05-02 04:00:00,15.084514186443986,71.41060759765651,6.267211939758975,71.55085064881064,0.0
2025-05-02 05:00:00,11.974821162916369,71.6057069594705,5.244736262314041,23.67491197587054,0.0
2025-05-02 06:00:00,17.989026183332026,72.725744518931,0.7808492160111524,9.537362554609153,0.0
2025-05-02 07:00:00,23.00524696732734,63.63170385325169,11.276680468145612,67.39988218322834,61.03872039681586
2025-05-02 08:00:00,25.403964336205195,62.92820069256833,13.758410079202992,88.68682303649392,69.32980153310668
2025-05-02 09:00:00,26.638581552053033,55.392482459470195,2.2004972391800064,88.35589239245473,96.29249174529977
2025-05-02 10:00:00,28.389064533839345,42.528832414325805,8.87853644461617,74.12198271938539,169.87005535137664
2025-05-02 11:00:00,32.82496973229509,40.98674729142567,9.717525061257987,15.689812183907536,409.60340675715514
2025-05-02 12:00:00,30.130944853325303,43.10129788389779,6.034561858176801,73.7442824021333,207.9629879027595
2025-05-02 13:00:00,38.15860781373881,37.79444927793743,11.003513608207204,79.64573202875921,161.908867839117
2025-05-02 14:00:00,37.328160928617585,46.69968196882961,9.23367436228839,52.46029860073237,234.1518357792239
2025-05-02 15:00:00,34.2758575919806,42.32472425045502,8.936890435099858,65.82260274935085,162.85547442104874
2025-05-02 16:00:00,35.41749582960998,46.481828911275336,9.388043496516502,44.22225033959505,151.918634235187
2025-05-02 17:00:00,29.078151862122223,33.34768425101997,1.774087199135312,45.30435008434347,78.17595659217936
2025-05-02 18:00:00,31.737440542021663,47.029460364005885,3.8872668631993785,68.32532476839009,1.0278621494337994
2025-05-02 19:00:00,28.800513284698912,42.34445574486141,6.325575764632644,81.95246606786326,0.0
2025-05-02 20:00:00,24.835030214090114,70.33249727266698,6.3457120156981315,52.61728723886052,0.0
2025-05-02 21:00:00,23.2999552971201,66.28323212686799,13.259817069398158,19.25955203118881,0.0
2025-05-02 22:00:00,21.379425997850987,78.26100786852697,8.47869838078027,28.98664183924915,0.0
2025-05-02 23:00:00,18.526616674180488,72.95386210654952,6.408298360655544,10.378556041060005,0.0
2025-05-03 00:00:00,16.469898571752648,79.80301105002943,0.5512965442496137,99.00626600686464,0.0
2025-05-03 01:00:00,16.421760775116653,81.10846426111114,10.735809258050367,43.20987973845707,0.0
2025-05-03 02:00:00,17.567669010717843,86.47378233556105,3.664548779635029,14.20983663122758,0.0
2025-05-03 03:00:00,17.045200386705258,83.5423372464981,2.7296873175564382,29.99236752007003,0.0
2025-05-03 04:00:00,18.406360002372523,78.25051041788949,8.11248738197182,0.6537247585216788,0.0
2025-05-03 05:00:00,14.965807887561887,78.57398982118788,13.175096305631211,68.25739249424929,0.0
2025-05-03 06:00:00,18.274380686262152,72.35242061649481,11.133019336051781,20.574882203874147,0.0
2025-05-03 07:00:00,22.128396862987607,66.17124952479236,9.183570937787517,32.89709533213361,89.95184631259099
2025-05-03 08:00:00,23.946041181037934,58.97822782351913,4.817351872647192,43.893195879215696,157.11149398988914
2025-05-03 09:00:00,26.145463797946014,51.34071624352177,10.618656695599212,76.77528277641507,139.5163239013373
2025-05-03 10:00:00,30.175430868617337,52.3324401363474,10.004612260569248,63.509953263353744,208.3706054818853
2025-05-03 11:00:00,33.67966874003308,50.55258839136625,1.3571847026198758,6.358099379309157,436.48462664651714
2025-05-03 12:00:00,35.10145649113617,43.903322140613874,3.0000511688568743,98.28358692397823,98.84632338846046
2025-05-03 13:00:00,36.5129078965946,31.522583739199128,11.135555732176599,21.137895176677347,386.7116382353445
2025-05-03 14:00:00,33.165367700299434,48.11959950025193,3.972934760649877,26.571605899824412,327.99218135414185
2025-05-03 15:00:00,30.869532877188128,39.23731728404897,2.6898060548579523,27.54492017235639,264.68696081831126
2025-05-03 16:00:00,32.88411397563101,51.06595009476487,11.118482955105724,85.72959783989444,82.18019332154563
2025-05-03 17:00:00,30.31138968392522,54.498433061089926,5.641790803521804,99.3135508566847,29.612204198901182
2025-05-03 18:00:00,30.907780621471307,51.39686271952117,9.34002549712092,18.31692892392721,0.0
2025-05-03 19:00:00,30.185469335385797,51.45891951531206,2.6428199493077815,46.798415743491894,0.0
2025-05-03 20:00:00,29.880897355321952,55.10880600615655,10.179702930103431,21.675550906466945,0.0
2025-05-03 21:00:00,21.11118586497247,65.44528199509378,14.200253297339474,49.83427636164437,0.0
2025-05-03 22:00:00,17.68509293856494,60.19916149727872,7.794160196718721,21.59511804052453,0.0
2025-05-03 23:00:00,18.449590141077547,70.52394168253825,3.141441278599317,85.47733836746272,0.0
2025-05-04 00:00:00,17.06229135294741,84.0345219328218,3.00772263678886,60.81707407102043,0.0
2025-05-04 01:00:00,13.087300217011023,87.2435721599797,13.831188224283885,88.67000087749169,0.0
2025-05-04 02:00:00,11.29788016741657,78.6302292256836,4.905711731007996,86.97965412541193,0.0
2025-05-04 03:00:00,17.84345854818452,89.97697647372841,12.129838857249746,32.89223689105788,0.0
2025-05-04 04:00:00,17.97405349322821,70.76663705472572,6.8173659210965525,94.54361800902663,0.0
2025-05-04 05:00:00,19.220102100211154,72.18361264785112,9.295103034567989,22.336868437380087,0.0
2025-05-04 06:00:00,19.377845714949988,75.19554889978077,10.44283911029122,37.25169416067728,3.324590637377795
2025-05-04 07:00:00,24.196298057340204,64.95498567867095,4.867850923111089,50.75377838133647,72.16934938132998
2025-05-04 08:00:00,26.672454489174616,50.81890406937281,14.299215042990289,72.01870429169088,105.67113179432754
2025-05-04 09:00:00,23.51186661851312,53.79767768800173,5.725510694295305,40.5169217099423,240.48280323325693
2025-05-04 10:00:00,33.59049026019592,51.775389912704014,13.407744238249979,31.10308560092674,311.8828476265824
2025-05-04 11:00:00,30.14466499185528,47.64531453554605,8.031696866508733,6.130119107471521,453.24232584489135
2025-05-04 12:00:00,33.15914336764025,41.501408750525414,8.41213705630865,83.98392734756314,165.7668979830318
2025-05-04 13:00:00,35.20606736615994,30.911739801152063,5.375940544635166,99.04153261179471,101.50913429101169
2025-05-04 14:00:00,33.46376748361242,40.51028212668979,1.8070080740788912,69.7083980985154,185.795631830003
2025-05-04 15:00:00,37.36171432901955,49.53392583888817,0.5500897848902603,12.658219007190663,300.4104333074448
2025-05-04 16:00:00,30.897153102871226,34.433562806692116,0.4255871240567721,81.76561088564085,84.97309157303533
2025-05-04 17:00:00,31.772426956035687,40.2671680575255,3.7217692004819494,7.246099513260484,118.03267923681966
2025-05-04 18:00:00,29.943081117455343,49.503213379694316,11.202501663373319,68.41131174409097,0.0
2025-05-04 19:00:00,26.709625025157344,51.84738805109767,14.201918965941047,22.2264647236462,0.0
2025-05-04 20:00:00,22.785499336481628,57.56037414206162,3.5317914758886544,22.527627271726626,0.0
2025-05-04 21:00:00,24.456356690339756,65.13963407221524,2.05771035503982,62.384734936915855,0.0
2025-05-04 22:00:00,19.99399711023278,63.351891849849274,7.05999815369466,45.058012277267856,0.0
2025-05-04 23:00:00,17.676054904706575,72.63709164454261,8.076895681281002,99.94307687987694,0.0
2025-05-05 00:00:00,20.780885911681928,77.06585376984151,2.3241676766062636,19.867782779126564,0.0
2025-05-05 01:00:00,15.26768591362773,71.47758863896686,7.606936187603938,14.798697035009612,0.0
2025-05-05 02:00:00,10.455596103335012,74.78102822845405,1.7348425246009564,63.52327620856044,0.0
2025-05-05 03:00:00,15.426021201628705,73.82911186867604,7.845679728709169,27.151101694397084,0.0
2025-05-05 04:00:00,16.560819517575588,79.63033769635311,8.039357234478665,15.98341639544124,0.0
2025-05-05 05:00:00,17.062878008814746,78.97179958736093,2.8341217176942846,26.483540193746403,0.0
2025-05-05 06:00:00,16.85571331860748,68.28276239872581,5.303118687746788,36.72845430061022,0.0
2025-05-05 07:00:00,24.450843839012986,63.85171289463573,3.989825280432723,93.6838104438868,30.832758320906645
2025-05-05 08:00:00,24.770186122233177,60.589098019853495,0.8674379404185889,54.482679212658425,138.2409289262648
2025-05-05 09:00:00,20.17612116286305,55.22700747353579,5.461103443298387,74.09230832320496,135.92552442768346
2025-05-05 10:00:00,27.957367074225314,50.52348134478401,8.470333259838824,71.37162416947226,182.51965243589885
2025-05-05 11:00:00,33.14024062767697,57.03485134959127,7.682677153108982,72.51957623100911,198.3698078092819
2025-05-05 12:00:00,37.04130885753605,38.523608871125774,12.520399133997524,41.00834441614203,325.9106599407203
2025-05-05 13:00:00,32.49590450967937,31.63656723187802,2.063372295811074,20.935132427296153,390.90369183782076
2025-05-05 14:00:00,34.00723335528265,45.15531148932906,14.702862234835207,8.312190935654872,388.96300839767264
2025-05-05 15:00:00,36.22962043109231,45.22238799690898,7.473935106382317,45.68566927191643,202.4345001763873
2025-05-05 16:00:00,36.287050215416336,41.88858975062809,7.214450867489158,3.90690779087417,227.4379038970218
2025-05-05 17:00:00,35.752455858901165,42.876024780388704,0.5206357447932652,77.16864287087292,47.675669425008934
2025-05-05 18:00:00,29.64960090863228,50.68717335993113,14.319422288648063,68.44050566571009,0.0
2025-05-05 19:00:00,27.32269669727556,63.047643363816924,2.5082633079457555,67.1825144124429,0.0
2025-05-05 20:00:00,25.2632637555254,63.785376272451714,7.891731917100944,42.92252999370494,0.0
2025-05-05 21:00:00,26.001334791908384,71.39922744906643,4.245883986101539,43.91340990695565,0.0
2025-05-05 22:00:00,21.09847532607501,62.299051226218666,10.220314489546753,97.70558355009513,0.0
2025-05-05 23:00:00,16.489440015089215,74.83264722418859,7.934159876678248,33.73968641405077,0.0
2025-05-06 00:00:00,14.821600523128396,71.54801046382767,14.872882599747168,40.09125054552163,0.0
2025-05-06 01:00:00,18.482325383014825,85.6841729445432,2.576928017471085,23.095901020185405,0.0
2025-05-06 02:00:00,16.268996009161725,76.59688467461636,11.23838679276115,45.280891417710414,0.0
2025-05-06 03:00:00,14.140972608828827,81.21140113947803,9.299303266504662,9.668172292044918,0.0
2025-05-06 04:00:00,15.129720858864577,76.89196221597888,5.017581148850854,14.607874339787108,0.0
2025-05-06 05:00:00,15.264312539989774,71.40857465104592,3.147982044415842,64.67670364673555,0.0
2025-05-06 06:00:00,18.213980697958704,68.90856472398681,5.870828665475295,17.486081388748975,0.0
2025-05-06 07:00:00,22.91477757278084,57.22459278539905,0.6976286003493426,94.62052178345705,28.72026895140166
2025-05-06 08:00:00,25.14913878220987,58.24080340840242,3.1903731528324855,18.42439824840163,216.8854487651828
2025-05-06 09:00:00,27.049301333124014,55.38746216344958,8.742791170832799,95.30078750406614,84.80554033963261
2025-05-06 10:00:00,28.503971887377986,53.44399919748861,11.235149699466383,35.270022567539485,310.69478976007315
2025-05-06 11:00:00,31.59297799428385,56.35041707628289,1.7396352889590039,32.40567991760859,340.65668576085136
2025-05-06 12:00:00,35.736795754755725,46.35953130334286,8.810403955184787,29.034541605057797,373.49074260827774
2025-05-06 13:00:00,32.36870076345211,29.065652952008577,4.434408603186003,63.038031613534926,231.45781801096382
2025-05-06 14:00:00,37.59558607013151,48.63101673393277,1.1222470326600542,19.417352260003828,353.75053903009336
2025-05-06 15:00:00,35.686761707943695,41.536082959214035,0.658533965214082,35.93437139414354,241.13474268293305
2025-05-06 16:00:00,34.244667176330424,45.76022309018934,13.494491386254133,51.02906408948209,142.84156490972865
2025-05-06 17:00:00,30.74916465440711,55.27758333887274,0.3158902938553215,29.170000608318258,101.9191626284102
2025-05-06 18:00:00,34.51766272966599,46.0753577895763,9.678137217990514,35.69052570040125,0.0
2025-05-06 19:00:00,28.209730011650823,52.99463055837414,11.168615749709915,23.682269085639383,0.0
2025-05-06 20:00:00,25.87750583075258,66.71822063038836,11.753421759608472,29.75664927502647,0.0
2025-05-06 21:00:00,21.427752516714534,74.37949131634355,0.6763148240953754,36.72377642233419,0.0
2025-05-06 22:00:00,17.702335036098294,69.64296396984498,13.403621401939208,48.19757330309,0.0
2025-05-06 23:00:00,18.448084404302573,62.508472502566235,11.489237131289208,98.50900900019887,0.0
2025-05-07 00:00:00,18.929260028306576,79.59485894086342,14.147301367444275,99.49305079338366,0.0
2025-05-07 01:00:00,15.04604427848685,72.02070819320227,7.028155099108532,83.59892510096361,0.0
2025-05-07 02:00:00,12.494676749047823,81.73451121557339,5.065246673958403,80.28201002020458,0.0
2025-05-07 03:00:00,14.75940717404791,76.20228459278233,0.5583832978772513,69.40701899157256,0.0
2025-05-07 04:00:00,17.48802252732518,76.32236051966052,6.6866259888285215,22.236586830706806,0.0
2025-05-07 05:00:00,18.023071228002557,77.7606377569449,0.6876624571675444,96.00961881979934,0.0
2025-05-07 06:00:00,20.91413653648128,69.13402391580173,1.6696024904985773,49.32428282013528,0.7006963429660557
2025-05-07 07:00:00,23.339907209419756,64.42287277781784,3.0411868410581997,72.46997939583946,64.50631151349913
2025-05-07 08:00:00,22.510353033165856,60.20768800476682,14.342607479793527,31.140040821507732,182.82624409762295
2025-05-07 09:00:00,26.84510168493699,49.770128605726676,6.286772691429626,18.42256985260482,286.7881776836259
2025-05-07 10:00:00,29.50287362519429,46.61394651092622,2.227509380310843,91.6294918228088,120.10386092026579
2025-05-07 11:00:00,31.407954365756446,45.54328013591021,11.794749832373476,43.6517172390291,308.8745408409107
2025-05-07 12:00:00,36.61229654851968,41.77672865364088,5.7228448101243625,72.62294079786959,198.1312128121839
2025-05-07 13:00:00,35.22299025749404,47.26790809971281,11.616324992242944,93.31910848206269,126.95371868493827
2025-05-07 14:00:00,33.837936377041856,34.561835128516094,3.5394159686913387,84.84691517260764,139.18813366138517
2025-05-07 15:00:00,32.44241474443063,43.236211077826034,10.814141138124194,41.5031793328876,227.59084415166188
2025-05-07 16:00:00,30.015961577099873,50.41564732723581,4.347361401078749,48.798726002145074,149.11716702922448
2025-05-07 17:00:00,26.52080418490191,47.85205472284979,0.38856370356247727,21.26778784203016,101.72801626661659
2025-05-07 18:00:00,27.949282921861958,50.914550066747154,13.57484862100318,21.458258261359774,5.379495443145878
2025-05-07 19:00:00,26.325954357128925,53.03850037053337,5.420826613376417,92.49060562827671,0.0
2025-05-07 20:00:00,22.29080660343208,62.44319853203425,9.390935723283937,90.14740836263793,0.0
2025-05-07 21:00:00,21.742815350550792,64.6718541989407,5.567883375206547,65.80681496297238,0.0
2025-05-07 22:00:00,21.148025591208413,75.56462974830706,8.614771893931717,25.288661648490105,0.0
2025-05-07 23:00:00,20.408337770532242,71.2804105947764,11.963757699133748,0.06033731569277112,0.0
2025-05-08 00:00:00,15.799951813527757,79.49480997849689,14.730238635985424,55.149694739876665,0.0
2025-05-08 01:00:00,13.381103585431338,83.83547421468171,8.28304221595487,60.81016887584779,0.0
2025-05-08 02:00:00,12.596862473586636,82.93965380478673,0.15171531947856032,23.175304029471732,0.0
2025-05-08 03:00:00,15.528893418305396,78.86323474798803,1.4227004454079202,70.89182885274212,0.0
2025-05-08 04:00:00,10.41554296323792,70.07246835644322,7.862616291326271,97.33742301588538,0.0
2025-05-08 05:00:00,17.103992563735993,81.56815199828718,8.733310514302339,76.6618315558516,0.0
2025-05-08 06:00:00,17.34380885833456,76.87215588648345,6.070772054802605,46.999280275205436,0.0
2025-05-08 07:00:00,22.004833779150527,66.38445477540382,11.775759608501424,29.329989091371388,100.15693938911203
2025-05-08 08:00:00,27.384877888252483,57.417325884546464,5.5930806834171225,38.6180918080774,176.74962499051134
2025-05-08 09:00:00,27.142449988289396,58.11927055720938,1.8906933165680384,31.151539841437483,256.6491492216221
2025-05-08 10:00:00,27.087742953386652,53.95326337178645,6.2676118844583755,53.39120860590613,242.048748111078
2025-05-08 11:00:00,30.855003934635477,51.25872835505745,14.924811594993104,77.11922298624143,172.65957114761196
2025-05-08 12:00:00,32.03613399075188,34.61694522425736,5.175575281796491,89.77192526157506,145.58180452915093
2025-05-08 13:00:00,33.85134801443448,33.42530592420375,8.191101188504703,70.4697482196503,198.92946460452833
2025-05-08 14:00:00,33.26620280397974,33.734819015718266,14.525459654992453,79.17077127141509,151.12475407235868
2025-05-08 15:00:00,35.78561397914105,50.279318531711944,3.9855284141581104,29.853787191767832,258.1738614883351
2025-05-08 16:00:00,36.35435052250712,41.54785218922725,10.625957590798324,42.29797950582711,154.2849511499969
2025-05-08 17:00:00,30.997110045938307,47.16931608432076,2.545796001634961,27.080317765564942,93.18570881763083
2025-05-08 18:00:00,31.74730153216172,53.158580291057326,8.201110499147967,61.360139946994664,0.2932483295626288
2025-05-08 19:00:00,31.58826778047816,49.330614082884445,11.61490031086855,21.8734217595974,0.0
2025-05-08 20:00:00,21.003906000500223,56.79057634980512,1.377877931028294,37.038453638504976,0.0
2025-05-08 21:00:00,21.447864414780458,59.94653644779697,0.9551806911988964,84.5456376349488,0.0
2025-05-08 22:00:00,22.21148035130911,68.06039282408858,8.601389613808236,75.45103011396695,0.0
2025-05-08 23:00:00,16.117346577127705,65.49078484979839,4.061730709519832,93.15845166331772,0.0
2025-05-09 00:00:00,13.471995369184578,78.87743855806553,9.336830389067488,44.08838518678127,0.0
2025-05-09 01:00:00,13.076020233721895,78.95401936697826,11.189189178224195,70.13470897731723,0.0
2025-05-09 02:00:00,16.314433527027767,76.86330723268081,11.513541750495207,24.70750923552124,0.0
2025-05-09 03:00:00,15.687391400773807,88.44848211148026,13.866013750238647,4.824528781352589,0.0
2025-05-09 04:00:00,18.085019341612178,78.20797450481874,14.170266492631015,77.83921416787058,0.0
2025-05-09 05:00:00,19.72280706496717,74.37636872897284,0.8823688288145776,56.28197838993195,0.0
2025-05-09 06:00:00,21.894269393089395,72.03736137828766,5.515938440522779,53.57755387513169,0.0
2025-05-09 07:00:00,24.187178916474252,60.787762203560796,11.56459282931499,14.20126006909842,110.41247422490969
2025-05-09 08:00:00,25.904990280521744,58.51015631202072,5.759439578333092,53.56500408795439,135.2039060479182
2025-05-09 09:00:00,30.312669858297003,65.84341464440992,2.2003956482670297,63.01899146858758,175.46695560388625
2025-05-09 10:00:00,29.85527325987345,48.855923682384386,6.084034783411757,68.23192361253916,193.5061623395612
2025-05-09 11:00:00,32.58019948899052,40.910060123153876,11.952935101194889,24.60406729077421,373.2888087253469
2025-05-09 12:00:00,33.86454090016734,48.07429448837524,14.424877950335892,84.24471647400485,167.42758553398147
2025-05-09 13:00:00,36.630136758762276,39.23054544148158,5.802557139972339,86.73711520466544,137.94165437697788
2025-05-09 14:00:00,33.42529998341615,34.40562379177794,12.717467916990648,19.482178277342012,354.1155766523058
2025-05-09 15:00:00,36.069504543715645,35.4874433708934,1.7448977094218883,42.45359177555456,221.76522326686032
2025-05-09 16:00:00,36.9242710705995,41.71115182186874,9.56872439827809,64.78553260765091,107.478970159762
2025-05-09 17:00:00,31.316163539870626,52.02593273514914,11.863399651810843,4.285764907544454,125.55753166924215
2025-05-09 18:00:00,28.29712937565791,49.67949625808847,14.567429505340503,94.61783979295804,1.3515395617230588
2025-05-09 19:00:00,27.707768514232125,55.26548924033386,12.108354948972204,72.78355092158341,0.0
2025-05-09 20:00:00,22.07761208554273,65.31951033938213,10.434738717076437,80.46377582671508,0.0
2025-05-09 21:00:00,17.697113879823,61.916029060971354,2.095246059866821,23.18844127739196,0.0
2025-05-09 22:00:00,19.47518925758794,68.11972689632549,2.4393925741022753,69.52301996154793,0.0
2025-05-09 23:00:00,17.895319060461397,75.3083337663919,0.011678229283938468,96.61673631563784,0.0
2025-05-10 00:00:00,14.7679480351665,78.42007305428395,7.52007576736002,56.566955895591754,0.0
2025-05-10 01:00:00,15.35749670212809,77.50506974127569,9.749096329170342,10.430283591796174,0.0
2025-05-10 02:00:00,19.76737324143967,79.86906452463464,6.695931437538186,16.015244075589973,0.0
2025-05-10 03:00:00,14.929216242552512,87.70364065108504,8.62118473682323,44.188730334668506,0.0
2025-05-10 04:00:00,15.886397811389891,76.99971363204409,12.474631712137858,13.121372398374575,0.0
2025-05-10 05:00:00,18.19234687193292,76.3434766846028,7.8931550969002116,27.407100800936146,0.0
2025-05-10 06:00:00,21.862949917346985,72.70086378994495,4.951033713049778,4.618428357759297,0.0
2025-05-10 07:00:00,22.09108072244914,67.6698345791607,6.5693927315961815,86.8728492373459,35.22608257337847
2025-05-10 08:00:00,22.348509222590522,47.69661019432309,2.516783139417748,43.81051601787228,163.1742108536655
2025-05-10 09:00:00,25.56684593642028,46.31548037087079,1.5753934607368665,55.446913903690486,199.7196804555005
2025-05-10 10:00:00,30.253311766367048,51.830206260594366,4.781551393778175,70.06152813362606,193.6479581607368
2025-05-10 11:00:00,33.2367598329898,46.003462334000865,14.262699643606298,7.833238954710797,434.74529096110547
2025-05-10 12:00:00,30.414285738152692,46.43498189334587,8.174358874978886,59.07198093079924,253.609962144249
2025-05-10 13:00:00,32.428436822910164,37.65354784812003,12.467810330445538,95.4463988719245,104.96587729911346
2025-05-10 14:00:00,32.40562320883205,39.50275497712285,9.90784243429721,97.87921809583739,78.55752318346387
2025-05-10 15:00:00,34.394943500049344,38.930791617567785,10.843772746100397,2.1861686798858693,331.8002437078406
2025-05-10 16:00:00,29.52443398323219,39.44579957646867,8.303754969092006,20.20630997500802,213.2970744756171
2025-05-10 17:00:00,33.13909347764042,45.12089812426685,12.61011685864775,10.501241069965028,120.48485291426006
2025-05-10 18:00:00,30.187567554767543,49.40649760150012,6.951924292469283,38.49507870578898,0.0
2025-05-10 19:00:00,25.184914154325842,47.971836996832785,9.732638489404888,16.977406752152625,0.0
2025-05-10 20:00:00,26.57456132029563,51.94461650690373,11.493192629711062,27.039641012618098,0.0
2025-05-10 21:00:00,23.792750167027705,66.40286106838829,2.220680188658461,4.47638868092316,0.0
2025-05-10 22:00:00,21.35871495660136,74.06353177282575,13.786279396712526,49.562543510138966,0.0
2025-05-10 23:00:00,17.175710785660034,72.8201545814212,4.599956411354482,14.09596803271771,0.0
2025-05-11 00:00:00,17.368764757402705,79.83455410961358,4.028019807723503,23.59919179958434,0.0
2025-05-11 01:00:00,14.321281727390234,72.35034913289674,6.386795480299897,93.58491626179101,0.0
2025-05-11 02:00:00,13.412358675828342,78.67575420605642,11.874034935646133,4.781481349734495,0.0
2025-05-11 03:00:00,15.34322613230928,82.26796804235956,0.2701448583157978,4.944738763031453,0.0
2025-05-11 04:00:00,14.869059250864375,84.17011435890578,1.3408337481987416,23.02741242419044,0.0
2025-05-11 05:00:00,14.752622204472345,75.78000173916244,4.031860088153341,50.448104625726195,0.0
2025-05-11 06:00:00,17.914054324229227,66.27167227537483,12.955109292832343,56.391121015781984,0.0
2025-05-11 07:00:00,23.02692022837055,69.13199180441491,4.72805523846573,92.08459959275284,33.611874757323115
2025-05-11 08:00:00,22.652180631208044,54.269297030565966,9.827323310351337,36.211021762673376,177.19595419529767
2025-05-11 09:00:00,27.542933498119332,61.45123895033713,1.3709205938836366,25.523081109553214,285.1707212836421
2025-05-11 10:00:00,30.95364488755187,53.07305185035319,8.630051785824287,98.24984788648686,95.07534012290597
2025-05-11 11:00:00,33.658520009853184,52.33302985436099,8.280442226227127,5.897338389981477,445.9999484866609
2025-05-11 12:00:00,33.179015623567295,51.539341735053924,1.7613219861081686,71.3806762039454,213.6229047263479
2025-05-11 13:00:00,37.63320178175802,42.94440652144056,10.966129044207968,28.42818170545587,358.3327050283014
2025-05-11 14:00:00,32.03501414755546,44.42675950345001,10.53986598732109,87.95085156745786,122.7408628431386
2025-05-11 15:00:00,32.547075579129384,38.980744456215376,14.970584109865513,56.59855773417127,187.35143925354302
2025-05-11 16:00:00,34.620126003195594,40.07453420792866,4.475207971708475,68.3813992723831,112.35699309941079
2025-05-11 17:00:00,29.507176997963885,51.83509364994995,7.535089534888645,94.8424736055798,36.49824330075247
2025-05-11 18:00:00,31.078535093791118,46.36374531641355,5.016531538360505,98.60911920770718,3.5936057180280874
2025-05-11 19:00:00,25.05836051640474,58.08229798156092,10.088513810933236,10.634835870799343,0.0
2025-05-11 20:00:00,25.305682408765687,58.29107347001897,1.740243532561307,12.878157414224189,0.0
2025-05-11 21:00:00,24.59836953390563,70.81196072281554,11.632213224486025,31.316696636013162,0.0
2025-05-11 22:00:00,23.152122510941226,75.56755798596771,2.9081414968049324,66.60389782876456,0.0
2025-05-11 23:00:00,17.625021892136502,62.271678286525436,9.597917924481063,84.93957915902142,0.0
2025-05-12 00:00:00,16.540522310545565,76.39982112599503,14.385396942802608,62.229707170970215,0.0
2025-05-12 01:00:00,13.14948190620878,85.11225622435771,2.736686394541801,17.703304686435594,0.0
2025-05-12 02:00:00,13.959712193033473,86.55123640551248,6.975610460711935,92.91975075378117,0.0
2025-05-12 03:00:00,13.357133128574889,77.89266909531071,4.9011544783927095,3.55190325661765,0.0
2025-05-12 04:00:00,19.72405731011152,70.93791707339932,8.466459126207061,35.58265571361693,0.0
2025-05-12 05:00:00,17.624695385271785,77.72767289154122,9.273111953120065,42.32422194705654,0.0
2025-05-12 06:00:00,21.22441075186107,65.6419302627665,8.159574228291008,79.29803833424941,4.936107712522475
2025-05-12 07:00:00,19.88747742831125,67.00058959640792,10.725536266382813,1.6350860064776263,122.87940693903293
2025-05-12 08:00:00,23.79894025899295,57.86680605133677,1.1237794802465984,97.72386311122928,63.211603766334065
2025-05-12 09:00:00,26.21546110578456,54.085934514785635,9.972019208367303,0.41417189405719146,347.1965381708289
2025-05-12 10:00:00,28.5724248958534,60.296805773757214,3.341647449292914,95.87294037680637,102.04023435812854
2025-05-12 11:00:00,33.36951229090896,41.12545441825107,12.82912968118129,42.94629249766276,311.6706121617495
2025-05-12 12:00:00,36.10787597010187,27.038398516611167,9.742816693102826,75.46389377072863,193.5173791123241
2025-05-12 13:00:00,36.19392558006366,40.44532439946032,12.352461121681907,75.26143231700163,180.4280890970482
2025-05-12 14:00:00,38.24253199769656,37.06229904871503,4.913952658987009,32.72459348603341,305.8783554526763
2025-05-12 15:00:00,31.69753127085909,45.41352662732112,4.819066844536398,87.02683082009362,103.33136891017564
2025-05-12 16:00:00,33.17464118264368,38.086771545252276,12.10733986756497,92.34225122642388,54.421331930100024
2025-05-12 17:00:00,32.61800744097224,51.61727298373231,6.197872807686614,45.62984597368801,73.18365232856314
2025-05-12 18:00:00,28.258306278368522,42.88994681540993,2.63410733612236,17.18424652185667,0.0
2025-05-12 19:00:00,26.92763817725403,46.86735535482953,1.3487629922881417,76.77215444045724,0.0
2025-05-12 20:00:00,26.437586971136852,61.123080383058955,11.408835782066053,61.021976917909214,0.0
2025-05-12 21:00:00,17.366429569869798,53.783087641040105,1.6268029642143234,46.57083791998167,0.0
2025-05-12 22:00:00,18.510495589713248,71.76115927882664,6.907192577275075,68.0250831814433,0.0
2025-05-12 23:00:00,18.2287032017306,82.88936293790537,2.202245118026755,26.40918966499537,0.0
2025-05-13 00:00:00,12.975139889483813,79.13781826605852,2.3175030100687053,3.9568455514417233,0.0
2025-05-13 01:00:00,14.30011909213969,85.7379019505791,5.762125249157785,24.444802149932364,0.0
2025-05-13 02:00:00,16.974380366345226,82.70981779232397,8.361871176752281,90.69419539589158,0.0
2025-05-13 03:00:00,13.694310762258379,84.40441102113705,14.206312283971076,89.35510561090884,0.0
2025-05-13 04:00:00,15.021127039201428,78.55330729843126,1.7333303397550974,83.12706975198581,0.0
2025-05-13 05:00:00,15.200175082237887,60.31372531476079,3.488495310759891,44.09460534566665,0.0
2025-05-13 06:00:00,17.62344083519242,68.32830025585955,12.718769049835693,85.78269278322603,2.2697469423454777
2025-05-13 07:00:00,25.212358011890842,64.91046840080013,8.421645056489112,55.32900788942171,62.73717606918043
2025-05-13 08:00:00,26.24436071063971,64.91551633896825,7.266905270082935,40.65642460021741,163.46749419819423
2025-05-13 09:00:00,27.572108620410376,54.63942175485544,5.637730777362114,86.33873582227686,109.21968451447377
2025-05-13 10:00:00,29.277665342706282,43.95788564206239,12.540716023849964,26.432548133980482,341.93486585154085
2025-05-13 11:00:00,33.69905861537674,56.56086090666879,4.85521448007083,38.102533607295705,327.89610191175933
2025-05-13 12:00:00,30.975532010684056,41.11581921583294,5.0927671224004465,77.06215621740785,184.40314363082229
2025-05-13 13:00:00,30.95749238529392,45.650629027524644,5.9245266801773875,18.347881027996483,405.93975187621743
2025-05-13 14:00:00,34.48504337475977,46.09762009233886,3.817423467430516,20.04435052674982,345.1284561607385
2025-05-13 15:00:00,38.05744651206095,46.288570938881996,14.49348801752335,26.42597190059509,271.45255486446234
2025-05-13 16:00:00,36.19245960133978,45.67734304995697,12.268806114173819,2.9327524255319037,237.74907058883207
2025-05-13 17:00:00,32.188814497484614,38.43219425392292,0.8781583986739105,21.477118669256424,109.84555998634023
2025-05-13 18:00:00,29.898184095467,49.69304460762588,10.80275266813263,59.91636349941538,2.0443492855055223
2025-05-13 19:00:00,26.91459695509971,52.61715105305609,1.481240581201927,29.227564332367926,0.0
2025-05-13 20:00:00,23.57305408458661,63.98793776554829,2.1637016099855293,83.09746566779884,0.0
2025-05-13 21:00:00,20.237211911069508,67.37216952967525,11.495059108516134,84.92280772727666,0.0
2025-05-13 22:00:00,18.724204633325687,76.54969111898205,12.076656693352529,41.487027706639815,0.0
2025-05-13 23:00:00,17.556063323991115,70.77340184338203,6.353766078392635,4.444847489004832,0.0
2025-05-14 00:00:00,17.693634436408097,81.77537752163833,10.616374855199771,8.792867157540908,0.0
2025-05-14 01:00:00,15.059926165556773,81.52448593393173,7.200907493251363,14.304857555475458,0.0
2025-05-14 02:00:00,12.313164646529252,78.60332855616042,6.575136868774497,37.51400568155735,0.0
2025-05-14 03:00:00,12.941173561017461,82.05816206410886,7.360305173079414,27.528229673242276,0.0
2025-05-14 04:00:00,14.345443613297004,75.7159743193417,11.756926704035614,27.524206294790055,0.0
2025-05-14 05:00:00,18.456743832527458,76.53822443822088,4.662574128321738,22.21387318889362,0.0
2025-05-14 06:00:00,23.233506233994348,72.61179726626452,6.1507814326307155,93.5736852600655,0.0
2025-05-14 07:00:00,19.62721746658938,66.66604185312495,0.07524415387088923,58.3339218025664,66.4254642096308
2025-05-14 08:00:00,26.780289818619465,50.817403142142076,1.9600004749987394,16.771792975629673,212.4578162723434
2025-05-14 09:00:00,28.99087725431442,53.93349902596981,5.976608140492652,26.519291819050693,277.7142741553926
2025-05-14 10:00:00,30.370954049629745,48.177949435129314,13.017611915985634,4.487135154531541,403.15700447238413
2025-05-14 11:00:00,31.698733951463808,45.557397196261846,12.773636811497038,15.299488247594628,406.69332361313644
2025-05-14 12:00:00,32.59441968054759,44.143785970224094,10.673855970366281,94.11075407745268,120.70906902939892
2025-05-14 13:00:00,34.68557003774131,42.13445880370983,6.450150469340294,49.87153668306734,276.2181871705082
2025-05-14 14:00:00,31.537651308246716,40.998363014693645,7.951900124893365,14.075441767106955,367.4097395465907
2025-05-14 15:00:00,35.66228916771923,42.00583866924731,6.4168541276339734,40.351298528181914,225.6926324366784
2025-05-14 16:00:00,36.862685713980184,38.06454853118322,11.749241330136504,17.71565435123036,212.7906624447316
2025-05-14 17:00:00,31.099313326998388,42.91210314253092,14.04218305276336,32.75345649697786,99.29332838194799
2025-05-14 18:00:00,28.603839970105795,52.75343005977354,2.5125168870197374,11.17407219811357,0.0
2025-05-14 19:00:00,25.4330962303338,54.67986023111824,0.2698874980934646,54.45060057777269,0.0
2025-05-14 20:00:00,25.087583598877853,57.531938008661406,8.79558457555092,63.31561305401296,0.0
2025-05-14 21:00:00,24.82856273459977,66.33113113351263,3.1579921976279834,20.75171167087926,0.0
2025-05-14 22:00:00,21.50952847636882,71.37515324479787,12.101685882442665,99.92924607328708,0.0
2025-05-14 23:00:00,19.090533154098136,69.20515599667452,13.987469501737964,54.71723691316175,0.0
2025-05-15 00:00:00,18.027327197287686,75.61496772187714,12.980020743618525,97.80160596437345,0.0
2025-05-15 01:00:00,19.06150602002186,79.88384328910975,12.860147563401737,64.53899234714842,0.0
2025-05-15 02:00:00,17.173012997411362,77.1351863801895,5.906804787534968,51.11997660653863,0.0
2025-05-15 03:00:00,11.28978684480214,86.82229539078858,10.651234197924538,78.55484635943058,0.0
2025-05-15 04:00:00,16.211807064890998,71.9837170111132,13.027024220792395,84.12374893953628,0.0
2025-05-15 05:00:00,17.25999840880669,68.82112618774802,14.262397250388288,15.21097025439736,0.0
2025-05-15 06:00:00,21.588794847033785,68.09262072409255,8.830389518287475,91.88920092547794,0.0
2025-05-15 07:00:00,24.046935745344136,56.77184059210485,14.020939468977891,71.66941951406098,61.89962832852233
2025-05-15 08:00:00,26.759831049800418,65.02973092452146,8.227418098320829,24.882009492990164,194.1587981480502
2025-05-15 09:00:00,27.208495425943067,52.81650955471056,4.524613893445309,7.2145404351295355,319.0463981809465
2025-05-15 10:00:00,28.276472672165276,43.59294137613722,5.123651470457377,50.11629376319492,256.8993776036755
2025-05-15 11:00:00,31.946317547284053,44.29010478708175,1.4191604098967758,39.82707575660876,326.07574767539245
2025-05-15 12:00:00,33.95422383582766,33.585026161554666,5.777525859349119,60.95965408129507,248.17912052134875
2025-05-15 13:00:00,30.934595846782855,39.66708180388388,14.382218942077603,10.471588558190748,431.092263284881
2025-05-15 14:00:00,32.068726611090135,42.21427843103534,11.015157891342575,64.34275308573972,204.42697828451767
2025-05-15 15:00:00,30.48037592608621,42.15098827117198,10.618936116669053,67.20648974413503,163.69870056529314
2025-05-15 16:00:00,32.2966147071466,47.00883047880474,0.29234032867262283,33.247587111981815,187.20249124503624
2025-05-15 17:00:00,32.92604654199113,49.473324696000034,13.833149655655523,87.8675405657625,33.64415716950756
2025-05-15 18:00:00,27.829359321907944,51.821278183848634,8.795683774841716,93.7460459860043,1.556711960376758
2025-05-15 19:00:00,25.807320593999467,50.0924406598258,12.577198252700388,77.85275326088018,0.0
2025-05-15 20:00:00,28.70232266549139,59.50130360141839,0.1266851137474434,74.87718427173985,0.0
2025-05-15 21:00:00,20.044205134358585,60.983555358777835,5.6274608702108555,97.06537558323366,0.0
2025-05-15 22:00:00,20.60905233571297,67.30678265724926,10.92989024650444,32.75775484521948,0.0
2025-05-15 23:00:00,20.832422864919355,66.58909740975508,9.83865661176955,39.94157497603723,0.0
2025-05-16 00:00:00,17.611264673882882,82.7269231416945,1.7048324520707014,46.260918636481605,0.0
2025-05-16 01:00:00,15.508548647667384,81.850607835055,11.21835653107341,14.31570994781458,0.0
2025-05-16 02:00:00,18.901133776007626,71.60550730038128,3.7883155581878327,62.81768402772623,0.0
2025-05-16 03:00:00,16.86702729249159,75.13328875860397,13.39144385955963,39.70576994674702,0.0
2025-05-16 04:00:00,14.251642999889924,67.21416737557036,5.2321120004459525,92.18853065956158,0.0
2025-05-16 05:00:00,19.702075141698742,83.07825701607447,9.472765201408595,74.98361123443509,0.0
2025-05-16 06:00:00,20.696284815499606,73.7979138782851,13.948988782032309,55.74457724398334,0.0
2025-05-16 07:00:00,25.138183058357946,62.298702295750495,8.316364877853047,75.25874054893261,47.25620816186353
2025-05-16 08:00:00,23.702734353535355,63.96134568462926,14.890411863127204,41.608531322594814,155.3009054155511
2025-05-16 09:00:00,28.151472753445802,57.51493057503271,1.4810019923221023,53.37236317357693,201.59031267339054
2025-05-16 10:00:00,24.901075325118672,54.64799798523238,9.981598993703345,95.87944466065528,98.20379533393178
2025-05-16 11:00:00,31.900234670256857,45.66991720985544,7.9389258766540225,43.0199541730108,315.6711840324023
2025-05-16 12:00:00,33.10276236227586,33.44971051216752,11.249113570939738,20.584519688824077,405.34960596723846
2025-05-16 13:00:00,31.70455868903391,43.53828040458398,3.902057165241264,6.965649170616983,442.5768912156104
2025-05-16 14:00:00,35.85383326277154,39.592861944135535,14.053592011600687,74.42748244899147,170.7822307254914
2025-05-16 15:00:00,34.56358249502758,37.8644341443911,11.111403785397119,78.50596007660971,122.40710781539376
2025-05-16 16:00:00,31.565348058384384,40.54208301821835,7.140627679370844,69.5786853799815,111.45654974195547
2025-05-16 17:00:00,32.98338111580842,36.43682838107377,7.15420904230619,92.59369042668331,24.19512341018266
2025-05-16 18:00:00,29.20961248125603,44.72003871298046,11.899275672555301,29.11574321326248,0.0
2025-05-16 19:00:00,25.410566047484224,63.308587730417806,8.13089238024023,63.40696883609591,0.0
2025-05-16 20:00:00,24.065825775113606,51.570364410982165,6.209740730347001,97.07668845357857,0.0
2025-05-16 21:00:00,22.401890525003587,61.08401371426338,2.6609084392111795,60.41593392319612,0.0
2025-05-16 22:00:00,20.376422992692476,61.53215161759235,11.587703138875275,53.58126973479972,0.0
2025-05-16 23:00:00,20.429312253746588,81.35623720955867,12.645026647400266,3.2274795022204317,0.0
2025-05-17 00:00:00,14.2268216031159,78.27709008928542,2.2075171159555045,19.977808452432576,0.0
2025-05-17 01:00:00,12.295970215644932,81.20021570963723,4.492701573830887,45.94102817339283,0.0
2025-05-17 02:00:00,11.872014014069393,88.8351631148481,6.571900991694308,80.69277119693952,0.0
2025-05-17 03:00:00,20.562731459416234,75.67688438008751,5.6853146251729365,60.14512799898465,0.0
2025-05-17 04:00:00,14.960757251932858,78.85945067821736,11.056328396025616,97.72315535587911,0.0
2025-05-17 05:00:00,20.877593977545672,78.0691342065499,13.476579293652364,24.407006286404087,0.0
2025-05-17 06:00:00,19.950921165184653,62.58818392187033,11.744157462951794,84.54302032670435,4.234991640547064
2025-05-17 07:00:00,20.932412041334114,67.92774877371002,9.505298206906392,14.610365900672374,126.53387167833147
2025-05-17 08:00:00,21.142903624035014,59.34308050857879,1.105929430972663,4.1786177547983305,239.52001075695378
2025-05-17 09:00:00,28.018275187716537,57.6089801282562,6.5866117915484805,1.5283768786197638,344.41750180021813
2025-05-17 10:00:00,29.09332473193259,45.107145778065814,10.172005104540725,56.582009442202896,228.31313926688082
2025-05-17 11:00:00,31.188344131559443,48.89368390611427,7.845135527674591,80.25262543153201,173.8820724798941
2025-05-17 12:00:00,33.98778460511887,46.81349399357788,14.704955608597553,21.726022518469456,393.6356204242163
2025-05-17 13:00:00,36.87393684181394,39.488061392915284,10.85172867743677,94.75160324387022,111.95420526730726
2025-05-17 14:00:00,32.43620650775366,30.979143185390857,14.816753017754433,66.38952394643283,193.92194723290493
2025-05-17 15:00:00,35.33973562030658,41.73971860072159,1.790970206526909,76.13457464668257,126.91812759558564
2025-05-17 16:00:00,35.3521389352033,43.015438964108355,7.485207251809269,35.57276728820936,176.84633715576967
2025-05-17 17:00:00,25.162278080073527,47.300912249901785,11.408766788797273,1.4386694120135046,122.96749919007087
2025-05-17 18:00:00,30.185020982987403,44.71362927884261,5.736407474035776,78.67678135397395,0.0
2025-05-17 19:00:00,28.495312644429,59.5271047790735,4.683099352238532,10.355558913257855,0.0
2025-05-17 20:00:00,23.21317657377156,71.41816819548427,10.62659339921785,24.427752150825132,0.0
2025-05-17 21:00:00,25.620497971928316,61.490631669490824,10.164968780231527,22.838662057954107,0.0
2025-05-17 22:00:00,16.694955437957624,65.12251607255558,0.25929166815361393,37.9049458611171,0.0
2025-05-17 23:00:00,14.953856872374903,84.74846853735616,4.511143850337779,98.70177052301909,0.0
2025-05-18 00:00:00,11.361219352218807,76.5765573313884,9.700764055568413,70.85209742967565,0.0
2025-05-18 01:00:00,16.91821879245894,78.61272945976917,2.6825829320504377,52.40350852727317,0.0
2025-05-18 02:00:00,13.28762304079331,74.4073038556614,0.3972004834392012,27.477481419468653,0.0
2025-05-18 03:00:00,13.612956125245336,79.96191241681167,5.756007544488613,3.7189246414906063,0.0
2025-05-18 04:00:00,15.792631338134996,67.51596050048741,0.8891007294214476,13.673741517812898,0.0
2025-05-18 05:00:00,17.288081406589917,78.84130006857903,10.988681469097521,59.3593396534178,0.0
2025-05-18 06:00:00,19.83299875890109,73.61816033088625,5.829459795988276,9.304285516575172,0.0
2025-05-18 07:00:00,19.74714902012806,60.128492672661025,2.573797103131901,83.0617489141399,42.68685504887587
2025-05-18 08:00:00,26.615687649050592,56.614995820380585,12.970123333859075,60.81630635906402,128.7105664852431
2025-05-18 09:00:00,26.877614787518816,53.25305835876121,10.806782936521468,59.155440581844246,187.37364189950875
2025-05-18 10:00:00,27.45779156882283,54.668890673268244,10.764437629895864,66.61944329125244,200.72661505411978
2025-05-18 11:00:00,33.807699389645954,41.79740788207168,13.434432988051158,30.771582289532052,348.8136130460612
2025-05-18 12:00:00,33.531559741558084,42.86666652357547,13.017322853340213,17.4288748293863,411.37954577828634
2025-05-18 13:00:00,35.75109561686936,46.200931280737976,10.249106505118691,80.76854626055184,155.33598598575549
2025-05-18 14:00:00,34.981324769355545,38.89866005479115,9.18334442060609,10.942101125460734,376.21542019371975
2025-05-18 15:00:00,36.517314805746295,39.383886430074384,7.288490707371042,82.80772125745119,108.68831868367889
2025-05-18 16:00:00,35.31994491409979,42.21012759130829,12.299321509162693,29.49887012973409,181.87790975247273
2025-05-18 17:00:00,30.49922612073582,47.58862340474653,6.584422185667625,70.60152044280315,52.247039876714666
2025-05-18 18:00:00,28.794252772784727,50.35173232067369,3.23920038176976,71.35639193399942,2.6500510855856882
2025-05-18 19:00:00,29.051861969399276,59.87999075921202,8.906535668692282,3.5383100388448163,0.0
2025-05-18 20:00:00,29.136961309331685,60.78522861208386,9.67479364859075,48.910309846245184,0.0
2025-05-18 21:00:00,24.062156068885137,58.30993055311158,6.733239699333774,70.6295505796749,0.0
2025-05-18 22:00:00,22.000414222292548,67.46160111260401,7.3428067333262605,10.83025337033321,0.0
2025-05-18 23:00:00,19.031405908312394,67.55317023469404,2.3960865124040964,99.27801764508368,0.0
2025-05-19 00:00:00,14.532058770160367,72.46846370963831,0.6607506329214891,58.14061330369182,0.0
2025-05-19 01:00:00,15.829165059650997,77.2174580037431,14.909643158142297,49.46309602556575,0.0
2025-05-19 02:00:00,13.95025581462092,75.05626584344228,0.5214039218546013,14.031077299574301,0.0
2025-05-19 03:00:00,13.966767227587884,74.79106485473868,6.172945249497393,86.79250101166934,0.0
2025-05-19 04:00:00,16.72640200356513,79.5530656798371,5.420136191090123,34.96177595831724,0.0
2025-05-19 05:00:00,20.164289753651502,68.6941773435543,12.298845542384248,96.22899512275573,0.0
2025-05-19 06:00:00,18.22163247626393,72.83353796342627,8.878448630702103,79.2921454054414,0.0
2025-05-19 07:00:00,24.123449307933665,64.40130212875157,5.450921882645394,16.564275000064,117.557612634108
2025-05-19 08:00:00,24.73310824037249,53.70978039985359,9.534066660134956,99.86402454282742,43.83470073719836
2025-05-19 09:00:00,28.83626591533373,43.05103388623099,11.937851816139851,43.73476540673844,219.76354491850395
2025-05-19 10:00:00,27.563209065623,50.20577682939551,13.222466174404762,30.15540001333723,328.8680568717039
2025-05-19 11:00:00,30.758762206831456,46.33684729403604,0.3823837666833463,1.517883669063158,460.1997215919303
2025-05-19 12:00:00,32.0517223354968,47.984837835696325,7.7610553760460546,75.04894351671047,194.20982027456645
2025-05-19 13:00:00,36.12161171912435,45.75267692710703,1.5076895178698713,57.37659221366268,253.23694786886887
2025-05-19 14:00:00,35.42534030392264,43.62867391977771,1.6081557011120196,99.23006531864023,83.86928716780758
2025-05-19 15:00:00,34.40331028569454,42.70358489240479,7.9037714073184135,99.85502898461557,75.88881583687142
2025-05-19 16:00:00,33.547581058645015,35.34546130092564,0.9274560170918855,7.134553173171987,228.95377511268939
2025-05-19 17:00:00,29.977348749130506,48.6046433202072,6.869162638484455,13.30827603790732,120.4937725478811
2025-05-19 18:00:00,28.60199988637574,48.273958125237804,6.712372708281248,57.19797895871523,2.5744564206945486
2025-05-19 19:00:00,31.056349900466657,57.11163895440888,13.768941314924088,61.43068244583164,0.0
2025-05-19 20:00:00,25.011240271594414,59.54873878983642,13.376630971960008,28.08187151307645,0.0
2025-05-19 21:00:00,24.231920060560277,70.59353472823133,13.110812858046312,61.803963358671844,0.0
2025-05-19 22:00:00,16.59153042403167,75.51847032363345,7.897334588679942,86.56592406432509,0.0
2025-05-19 23:00:00,14.86363223555098,74.99503604763294,3.72765776643083,22.988324791801073,0.0
2025-05-20 00:00:00,17.17411168752741,76.91656230510597,11.018617720142911,76.22688391939674,0.0
2025-05-20 01:00:00,13.148072732453468,86.79805830033278,12.61732474305547,76.89864953801924,0.0
2025-05-20 02:00:00,17.713768205140894,81.46536725586911,10.109894857541066,57.27849110581054,0.0
2025-05-20 03:00:00,15.257760667227272,74.243362396304,4.904363807397054,60.32293780980841,0.0
2025-05-20 04:00:00,15.839722418358567,72.7381217015723,5.3927440046517825,47.8787281418282,0.0
2025-05-20 05:00:00,16.884711985267252,86.1753900465709,6.607484023107213,86.1160971998284,0.0
2025-05-20 06:00:00,20.931310422615493,61.103062037715716,11.68031824000112,66.17996393637802,0.0
2025-05-20 07:00:00,18.540243951733725,63.70434212920659,3.5357196581493615,25.942832504532486,93.38615967459315
2025-05-20 08:00:00,24.364731719938813,64.12341007654368,7.319719333413332,68.12352487068829,106.36286739944015
2025-05-20 09:00:00,29.554534037436614,48.96647308587238,4.939753408492151,5.2137081839935595,332.6676108230996
2025-05-20 10:00:00,27.453540958047448,55.83925445050075,5.795158985414845,40.359675180885844,289.4552096396598
2025-05-20 11:00:00,29.595224640356914,50.45481493889282,12.855362530785483,24.828339854854963,376.91439596213263
2025-05-20 12:00:00,30.750303805322,49.089333066613726,12.147210728113533,82.81271396809838,170.55889105451922
2025-05-20 13:00:00,36.148616787350456,47.52565202328461,6.897106834309046,49.930306133079505,276.7746742130522
2025-05-20 14:00:00,32.111932264526345,45.6116512695221,6.7597390036446665,73.79903991021376,172.1539114740746
2025-05-20 15:00:00,32.56483221374979,40.06357487905433,6.840264201200403,25.95332591658207,270.993289202234
2025-05-20 16:00:00,31.529003430339145,41.59853582651024,3.372067168745925,6.680355624579404,223.05796219988807
2025-05-20 17:00:00,30.374934153361767,33.63719834373336,10.61373617207334,0.9981726195360974,118.20376566891638
2025-05-20 18:00:00,28.929509149384558,47.60432911664836,11.523987836146699,85.07809325182284,0.0
2025-05-20 19:00:00,25.290284128287805,51.20265016663939,5.380116249618105,40.674391509883534,0.0
2025-05-20 20:00:00,21.491097701895256,60.07614011279307,6.830123345895821,7.28330373337257,0.0
2025-05-20 21:00:00,23.125971643422734,62.85240392553433,6.099781962742886,82.18801406124442,0.0
2025-05-20 22:00:00,22.63311933842661,66.94469887046895,4.005553943900882,15.701093077865968,0.0
2025-05-20 23:00:00,16.387146991813427,66.02433062523122,1.0991111877288295,33.3640116051652,0.0
2025-05-21 00:00:00,15.881571562369597,71.05742159099951,10.347515098466742,57.65707340652481,0.0
2025-05-21 01:00:00,14.592130978744045,89.97438655899282,9.290125137606365,96.82904903670064,0.0
2025-05-21 02:00:00,14.897600276926603,74.88095153588289,8.078626984123298,98.91610313769431,0.0
2025-05-21 03:00:00,17.285894008442312,78.4782906089594,10.174127387583077,78.03977726513615,0.0
2025-05-21 04:00:00,14.440339227453624,76.42973333422935,1.8406164539677978,93.15984001296846,0.0
2025-05-21 05:00:00,14.738833470086448,77.12803654921674,7.0465281123998,79.59716741286455,0.0
2025-05-21 06:00:00,21.28490432925476,67.14610227074505,11.578654147209903,20.270602532951585,0.0
2025-05-21 07:00:00,20.01557606363798,66.660417364119,4.563494401526843,83.07928408496177,45.35918460623408
2025-05-21 08:00:00,21.53648522339125,72.612693797134,7.408218308704547,37.13895839902162,173.40881423893524
2025-05-21 09:00:00,28.534625262616103,59.02861059853099,3.2396049259625515,71.27706012643293,146.89117741099463
2025-05-21 10:00:00,29.993558011059676,46.21108270023791,7.943854660973006,1.9585648396417632,415.48028689587215
2025-05-21 11:00:00,35.735614702136665,44.863487093002156,4.2278555734707925,66.29029599753343,217.58993437594444
2025-05-21 12:00:00,36.909348186851645,49.410241409775715,3.0490015039584466,71.82821686384115,205.73794853115837
2025-05-21 13:00:00,33.494264677276774,28.555887136325936,6.52475758033174,60.81515066312895,236.27836542596847
2025-05-21 14:00:00,36.404315837222505,43.34573128624519,1.857677744862492,34.37103359358108,304.9244283035903
2025-05-21 15:00:00,35.34212222877177,46.8694646769271,13.19215445249329,55.472904078792794,185.81801123331698
2025-05-21 16:00:00,36.516812383753575,46.71065219543948,3.2445299653171316,7.4990301785048725,225.9937548840403
2025-05-21 17:00:00,30.73454522910992,53.097366714401126,9.797562046795917,60.32748286090951,61.45391815993616
2025-05-21 18:00:00,30.130303088932582,50.02659526739169,1.3977967132665041,29.40198517160897,0.0
2025-05-21 19:00:00,29.17807936164106,53.15482715118835,6.911406391705481,95.72822903620477,0.0
2025-05-21 20:00:00,24.202586751911937,46.79009045917045,3.0512682621572287,87.5580966361493,0.0
2025-05-21 21:00:00,22.329747110944574,62.797936854725386,6.054494903540888,42.71883679784643,0.0
2025-05-21 22:00:00,17.698810485080966,69.41737597119845,8.552167735515937,53.30962456463527,0.0
2025-05-21 23:00:00,17.000713280569506,69.83626232091999,14.078065102467939,26.900587651103656,0.0
2025-05-22 00:00:00,14.111781798641946,78.16191278771313,12.960893510666835,68.22809370925182,0.0
2025-05-22 01:00:00,18.7029250814969,77.25607533773946,3.9433008388922595,17.325690627091383,0.0
2025-05-22 02:00:00,17.991139912857157,79.87944598670616,5.143597890519275,19.41799528383683,0.0
2025-05-22 03:00:00,12.81988690860901,80.39535593048903,2.120259631491564,22.472861403775667,0.0
2025-05-22 04:00:00,17.31554948590309,74.11713293840951,10.36899079518651,40.403972526115474,0.0
2025-05-22 05:00:00,15.318504894551658,75.25444576413888,0.6553420292232515,81.1595907820724,0.0
2025-05-22 06:00:00,20.250533846641872,76.54673436024288,1.7612455551102413,73.32011874548576,0.0
2025-05-22 07:00:00,26.192972816805305,65.06174005594465,8.78062722222757,74.33219101919842,57.40338058344741
2025-05-22 08:00:00,27.33655445241078,60.803276784693594,9.114304057019305,89.53830862673847,74.17828953229372
2025-05-22 09:00:00,30.04458346565537,61.22366324360266,9.554642017643463,86.64325124263804,99.96624745175693
2025-05-22 10:00:00,32.38273760541571,50.599668890600235,4.610635251636654,67.96241492394769,196.0597587887875
2025-05-22 11:00:00,32.90474598393593,50.746151978953655,6.294070772963841,29.46803637569586,353.9927014001595
2025-05-22 12:00:00,32.32983943348865,42.01530639641915,9.995731758033664,95.3112832590657,115.03419727582252
2025-05-22 13:00:00,29.92142594647627,36.899632771212865,9.302994103609771,54.195404580554815,268.57878368188915
2025-05-22 14:00:00,31.88477513980904,31.129450732070893,13.974565619906254,5.491199847244054,400.39330938955027
2025-05-22 15:00:00,34.570355770380836,39.872546118553174,5.477547412469016,14.807616160831472,290.4056608904671
2025-05-22 16:00:00,31.495911749512405,51.38672416532029,3.555656830056761,96.00289181866329,60.701326684831116
2025-05-22 17:00:00,32.58949355486821,45.340070978793655,8.56024871805726,29.057112184072707,86.16252859816773
2025-05-22 18:00:00,28.15141042310294,45.23871081637377,1.0740751796489245,92.75324679774532,0.5846764970789983
2025-05-22 19:00:00,28.07756475603137,63.81691574948413,12.1997181098541,13.552032251086587,0.0
2025-05-22 20:00:00,26.54704680715296,60.55274062307461,6.215605320611203,47.91277354629897,0.0
2025-05-22 21:00:00,20.71957824112848,67.74983206504004,1.5269227442460442,29.312904761913792,0.0
2025-05-22 22:00:00,22.141548255607937,72.30572818565105,14.974665335973885,73.80465834842808,0.0
2025-05-22 23:00:00,15.340183167749535,69.14257595179727,9.107452470766441,33.86781962859058,0.0
2025-05-23 00:00:00,18.034635113035428,76.65493223133998,2.497847407409255,52.82638774224305,0.0
2025-05-23 01:00:00,19.081406157993857,79.16099103053861,2.9416275020142275,87.32722702622317,0.0
2025-05-23 02:00:00,10.563852940038107,78.77160240154417,2.213558463163072,38.812261587519046,0.0
2025-05-23 03:00:00,13.81928068360893,79.32634912118027,9.828615963311389,80.74034202915256,0.0
2025-05-23 04:00:00,17.06793043777687,78.31816123341943,3.629016472642648,16.53269451700381,0.0
2025-05-23 05:00:00,23.472830546376954,71.79897606122427,14.983542390408475,73.63002978264792,0.0
2025-05-23 06:00:00,20.995982952920194,67.96519324950093,12.573932249393632,7.589497880735374,3.9266926271277796
2025-05-23 07:00:00,19.907603657035196,66.08831195530686,10.431057897088632,80.25909386735913,48.89238522803502
2025-05-23 08:00:00,22.88379626350817,60.70312425213565,11.583721414959365,62.56167498316497,126.08833264278744
2025-05-23 09:00:00,25.285973673076864,57.49612828073354,14.218205473832434,47.87658383721814,222.1202906142326
2025-05-23 10:00:00,31.79854419970114,51.05352910126826,8.003017766961527,52.488395914617016,244.79317668643156
2025-05-23 11:00:00,31.90088821712772,40.27702375919783,14.469867364179708,35.786501077275744,333.12684796666474
2025-05-23 12:00:00,32.282634133415925,53.224517278327994,3.8237166859203517,20.761335415417292,408.4136163996534
2025-05-23 13:00:00,33.89655390261452,32.60975071447878,2.9907235475636624,73.50562001807376,195.1501086518051
2025-05-23 14:00:00,37.21212551225415,37.834311920303065,12.054817150749312,36.15320170346226,289.760078442803
2025-05-23 15:00:00,36.50508202402988,45.83308875548344,3.5141300347758264,76.56840733941796,121.74870237455647
2025-05-23 16:00:00,33.533855710217274,40.8004255834391,13.68061453420051,45.20893522496052,155.12418805894922
2025-05-23 17:00:00,32.82001839930176,38.62697492438656,0.9463044248854457,63.31264363253541,63.93387197331769
2025-05-23 18:00:00,27.046680659125688,51.98699237161634,11.849280798387346,78.44644396153411,11.216851831159547
2025-05-23 19:00:00,27.780197606457307,58.70646869852761,6.676899151802489,66.24475604098038,0.0
2025-05-23 20:00:00,25.442683088443378,58.5945164873211,14.4694805121296,2.962042905289275,0.0
2025-05-23 21:00:00,23.496999648053112,69.11927894979057,10.506388991752935,92.2633152745263,0.0
2025-05-23 22:00:00,20.04898353020781,69.63814663970565,6.628748185230696,15.807411638271285,0.0
2025-05-23 23:00:00,17.558610055509266,74.9330044474673,4.859479039853686,68.79954697203631,0.0
2025-05-24 00:00:00,19.257545841007875,73.30916311475363,0.8452032528338571,99.284680346517,0.0
2025-05-24 01:00:00,11.982089746375092,76.84006274834213,10.694390552790896,89.99800046103789,0.0
2025-05-24 02:00:00,11.681727574767127,81.99324172104727,8.04032315152987,8.019481230855163,0.0
2025-05-24 03:00:00,14.491073061208875,82.94784681251647,14.322641068305176,54.73325136801903,0.0
2025-05-24 04:00:00,18.579905006132122,79.06206643850771,5.938583715456394,77.856222437659,0.0
2025-05-24 05:00:00,18.100979441177294,71.89042172344647,7.2749756057478985,16.960317416292792,0.0
2025-05-24 06:00:00,18.389948077421487,58.32554879878249,7.373034315135695,56.89933725629124,0.2544713709515978
2025-05-24 07:00:00,21.493317362215954,66.79969030645547,0.6875866754885207,40.3196435706237,88.95169737178672
2025-05-24 08:00:00,26.0127376105391,62.476577644348744,10.8402300460124,13.293048448321231,222.18365100710707
2025-05-24 09:00:00,26.89995222937189,60.500607465978106,6.876774668727126,45.119941877003676,210.5498929448291
2025-05-24 10:00:00,31.14528392299936,52.830209938028446,11.517138638560244,57.32779067048859,225.8231357843388
2025-05-24 11:00:00,33.678348610262084,50.770505914509236,12.838795215439518,39.7975079397729,318.82467562919123
2025-05-24 12:00:00,32.31980585939667,39.5890197075876,9.252607857654517,16.588149545928697,418.1004784076878
2025-05-24 13:00:00,35.40830299269171,43.46032826660906,14.759162184919528,74.09036020086435,183.13111043695898
2025-05-24 14:00:00,34.76629935063152,35.84948301410898,3.9643294823090542,22.261681141629953,336.6324018331192
2025-05-24 15:00:00,34.09451392637775,39.876416975080105,5.794575026817268,0.9696606347256331,331.6516809245488
2025-05-24 16:00:00,27.157276943005396,45.71857887175525,1.2418245818828293,35.67226118335204,173.52233094240438
2025-05-24 17:00:00,32.330376964658875,33.604061907457194,0.9854543995204723,49.318067925156186,73.37311161176498
2025-05-24 18:00:00,29.012543606860493,45.06634241599871,9.087432910164347,97.63503841402334,0.0
2025-05-24 19:00:00,23.407871629428985,60.578503183420096,13.702499671660256,85.84062900528225,0.0
2025-05-24 20:00:00,23.52239366440139,59.38472050203897,13.740341312784121,50.23541189501021,0.0
2025-05-24 21:00:00,23.44603022225467,63.68428642211673,5.728923527935034,93.50769280256722,0.0
2025-05-24 22:00:00,18.155065735008137,66.15588226272239,3.114451086542141,96.75621909027713,0.0
2025-05-24 23:00:00,17.721438136567148,81.1524880434088,1.409976880311824,42.13733177193411,0.0
2025-05-25 00:00:00,13.901321833584895,75.80009966929295,12.464824230767041,73.7467066442968,0.0
2025-05-25 01:00:00,17.718252633756677,67.16303077076249,1.8803602703917621,16.627750619098116,0.0
2025-05-25 02:00:00,14.842612581525863,80.41579806554206,13.129736561293885,34.22069743803699,0.0
2025-05-25 03:00:00,14.632250876058448,72.32151751065214,13.154690764369672,6.90747401215277,0.0
2025-05-25 04:00:00,19.02812807034971,78.35030580532215,12.708779798344553,56.16683383734396,0.0
2025-05-25 05:00:00,17.384168510605726,78.73145000529952,1.7891122790577092,58.79481254625117,0.0
2025-05-25 06:00:00,18.316748271438563,70.13283120511572,14.427497825810976,1.0833784131322188,2.265643534328613
2025-05-25 07:00:00,22.850254754853296,64.67606230936448,13.436884074981405,76.50693431477991,43.676881753904176
2025-05-25 08:00:00,23.581113329057604,63.12076729456979,2.3535952389401418,16.79534743182711,215.14883026469303
2025-05-25 09:00:00,25.885309357427268,52.039481839774936,8.580698208461259,13.843946727557787,296.07659498827513
2025-05-25 10:00:00,31.189482077925863,54.10498633418895,12.243570200095881,62.71522720479567,208.6648898550692
2025-05-25 11:00:00,28.254338419510006,49.35680540560485,5.201603161473823,94.41333781598873,114.60540959155445
2025-05-25 12:00:00,38.39866308655203,47.10489799415111,5.350272501291104,4.671334070526845,448.7562625899475
2025-05-25 13:00:00,36.74958474523188,43.28763449383732,4.678253299361991,48.59180181012507,264.30414093779274
2025-05-25 14:00:00,37.11898475373355,40.80914008540937,8.406024540179002,78.46980811311282,158.72768703268912
2025-05-25 15:00:00,33.82775068615355,40.579901681095436,10.325745835409474,96.56797565815211,83.07035708130587
2025-05-25 16:00:00,33.329136538192174,47.145298977619916,1.9644495709262917,20.620029615523762,207.53720640262407
2025-05-25 17:00:00,32.9463166259539,45.72647815468599,4.058730561943933,8.097763458171425,110.59310930739879
2025-05-25 18:00:00,31.004710000246146,44.851138688835015,0.5425295243402095,23.87448146827056,0.48861850479859387
2025-05-25 19:00:00,28.348071321436468,58.862122915151204,12.290493309285466,51.58753345827217,0.0
2025-05-25 20:00:00,19.559442552070756,61.09662303607935,8.5861793572158,52.130729303007136,0.0
2025-05-25 21:00:00,18.565518108549185,58.05569953101211,12.21211083570543,64.07140268777678,0.0
2025-05-25 22:00:00,20.487358629066687,65.75665019680355,4.554849481382338,69.11447675344263,0.0
2025-05-25 23:00:00,16.330382043541075,68.42541021808096,8.101723265602816,26.538989694128922,0.0
2025-05-26 00:00:00,15.004775786265489,76.59253661972102,5.622773849405621,20.913986417328235,0.0
2025-05-26 01:00:00,18.65847082108857,81.29844290912956,12.31253627728622,86.76502215056908,0.0
2025-05-26 02:00:00,13.533697344929413,68.52373231948953,11.141948130668474,14.641097104391488,0.0
2025-05-26 03:00:00,15.140185435136447,78.242996893961,7.103926859137808,36.86301622915259,0.0
2025-05-26 04:00:00,12.043891323771586,77.16882161916219,6.109308747618719,1.37100949710095,0.0
2025-05-26 05:00:00,16.121568630294433,76.32216681537854,5.001864129648529,15.27702789855503,0.0
2025-05-26 06:00:00,21.14769874917128,68.88003684765422,12.841880742864207,21.339537762740115,0.0
2025-05-26 07:00:00,24.538328920138042,61.662232436291845,1.2105103796502807,12.69867224799709,120.729922122109
2025-05-26 08:00:00,25.63096315209686,58.14866043095531,10.414433029218142,31.68662329104067,188.23860828366665
2025-05-26 09:00:00,28.274726836641257,63.9335863294848,9.417374684825063,50.32501448111636,206.19669376044257
2025-05-26 10:00:00,29.173666164496563,43.21660150911083,11.679726451577132,43.5813849336046,279.47108264001366
2025-05-26 11:00:00,32.15245206110108,36.730656202533254,6.930882085994591,32.999698599188434,341.7405931717819
2025-05-26 12:00:00,30.887512492881463,30.37389448142543,4.320989300606256,90.07672412477227,125.60262999381273
2025-05-26 13:00:00,35.93534716584996,49.7685712825745,13.483472470934213,33.69706767937938,334.62378296078657
2025-05-26 14:00:00,33.82360457508703,48.09527002071554,0.43038256606043823,84.04666287036045,137.1468711315044
2025-05-26 15:00:00,36.243983876458174,37.779237200788984,8.055728948210593,50.42389460529242,208.075771252925
2025-05-26 16:00:00,36.812866998515524,47.62833202720854,0.6856894580331263,78.03277678888809,89.55188619347153
2025-05-26 17:00:00,31.016976553571364,46.811888141473126,11.731606717908111,16.98385109352747,105.04270448579246
2025-05-26 18:00:00,29.029483322210133,51.35314503554231,13.350670498096749,38.51324452271514,1.5438072297968732
2025-05-26 19:00:00,30.624924047845063,46.24685000678854,12.791944469230065,50.81148367197984,0.0
2025-05-26 20:00:00,23.636102126340834,50.66855678985691,12.311573972081561,1.213828735631961,0.0
2025-05-26 21:00:00,22.958151973558333,61.50911411132298,2.3310245793698425,87.51369503352778,0.0
2025-05-26 22:00:00,18.844461343634094,74.69871894374354,9.083105799988463,40.68438293264436,0.0
2025-05-26 23:00:00,18.762489408971977,72.14290950120927,9.077108488366328,10.357262883402395,0.0
2025-05-27 00:00:00,17.675345347881546,78.8586566951357,12.054508594534234,71.3616413793003,0.0
2025-05-27 01:00:00,14.798687645189249,79.48500500888272,1.3492385477149145,82.0407918715104,0.0
2025-05-27 02:00:00,16.400616147647508,82.28118689716688,14.235612091364002,34.990168051064465,0.0
2025-05-27 03:00:00,19.55716579313713,76.0970216782462,1.6122056210541325,81.88046194488992,0.0
2025-05-27 04:00:00,14.945788029047112,81.8423116410567,6.753064336640557,20.45533010989985,0.0
2025-05-27 05:00:00,14.726833855536519,75.89425043819563,3.6093797063256305,62.99079470729947,0.0
2025-05-27 06:00:00,20.21021555723112,73.29221257717508,4.915849630615113,68.22808309066218,0.0
2025-05-27 07:00:00,23.6066441801898,61.59788852460631,9.524537662667498,5.030550903121078,120.31558647506324
2025-05-27 08:00:00,27.92811103795482,59.708163799731416,5.5636719098160805,83.93661930017954,90.98784676668369
2025-05-27 09:00:00,27.464949273295403,53.72350103082574,7.214039307134853,98.32652080051786,76.01821872938254
2025-05-27 10:00:00,32.337523261534905,42.71705072203444,12.707330286742222,39.660363392521525,285.54689801403583
2025-05-27 11:00:00,31.045832787833753,48.35558204636802,10.94559166783612,6.913509885068625,445.09537684448935
2025-05-27 12:00:00,34.68288092021315,47.50571865067748,9.342942491717311,66.07532921551982,222.53105281917644
2025-05-27 13:00:00,34.67224445378342,34.102835861453265,4.431349630970644,86.5492049567387,151.2664056826393
2025-05-27 14:00:00,37.948491602285564,44.22448812688214,4.605045481575776,37.15868614239678,295.1378865594351
2025-05-27 15:00:00,34.09517951837367,38.28139229096812,3.2042745004718096,87.51073195016656,102.04798481163375
2025-05-27 16:00:00,34.16483440622194,37.920827072467944,13.374036981029562,25.54754548380924,193.2442029566306
2025-05-27 17:00:00,31.12355773142722,44.51318498128752,12.561931462122777,97.91637074930031,28.160367170934965
2025-05-27 18:00:00,28.890708102125558,45.83044770945495,9.079449162340856,24.54061977650417,0.0
2025-05-27 19:00:00,29.245022947455173,63.634915795332645,12.493413406560839,17.49821792983539,0.0
2025-05-27 20:00:00,24.729940203531662,61.33924333936858,2.5655593465000512,12.772373863436359,0.0
2025-05-27 21:00:00,24.380809314688307,58.98733151982584,4.980345232352445,43.25812284441529,0.0
2025-05-27 22:00:00,19.934505637019114,74.96649872876004,4.76575383661359,78.31954019703261,0.0
2025-05-27 23:00:00,19.11167530092143,68.9118457082661,4.08950527689394,14.717870659964616,0.0
2025-05-28 00:00:00,17.47366348828535,82.26918886778132,2.429157762568926,33.30117470002367,0.0
2025-05-28 01:00:00,19.092265634448758,77.52915689169454,6.87684320052221,68.27325436373127,0.0
2025-05-28 02:00:00,13.557284710627364,95.20580583603537,6.192415871186847,9.281199889580938,0.0
2025-05-28 03:00:00,18.57198616709185,77.42793880250774,3.0678218965288857,27.54600106147409,0.0
2025-05-28 04:00:00,16.210209001978694,82.48961338600789,7.967228538933354,53.095002429424056,0.0
2025-05-28 05:00:00,17.69378985552539,68.36994477733933,10.643886935146227,1.5706411730911918,0.0
2025-05-28 06:00:00,20.73583381368636,66.79534652327402,4.396012632425906,12.089931215985183,0.0
2025-05-28 07:00:00,20.921678841198734,64.62309359577895,9.459129488606953,27.19339970593344,95.02661441206666
2025-05-28 08:00:00,23.370754826050923,63.00169825294208,14.956347413181495,24.952344908726232,199.44027136578308
2025-05-28 09:00:00,26.929500550400732,57.463576731422236,3.202424203823755,90.42267946258833,93.76488558758851
2025-05-28 10:00:00,27.686123487758724,55.38078841035584,8.955225099717268,66.0053661268495,205.1500692120593
2025-05-28 11:00:00,33.102454883375486,39.49071185132408,12.802157101580537,44.44264157462329,298.1490849942406
2025-05-28 12:00:00,37.234733832137096,43.328714085452226,9.584818912088759,29.856989861422534,362.2437278441177
2025-05-28 13:00:00,31.796749903241924,35.005834616273454,7.261153419235617,58.21548802056581,253.92536385086532
2025-05-28 14:00:00,37.52266768083304,48.575822727205804,14.579214548277303,68.02935399639868,183.47087532685626
2025-05-28 15:00:00,34.81846464301278,38.93929366954742,1.1878662127517892,36.22362099004087,244.57975254350953
2025-05-28 16:00:00,34.66768046664924,49.86550080776878,3.1446799156432705,76.81391103670045,89.02198006571588
2025-05-28 17:00:00,29.640394379233683,49.618372258266575,5.012864850203329,39.10250524229306,84.14950261779666
2025-05-28 18:00:00,32.366058440039644,48.8702112814208,2.946986058357783,26.30473919617129,5.112305937909967
2025-05-28 19:00:00,27.874992183562586,56.53124593888493,1.7283989333591399,91.28072922222621,0.0
2025-05-28 20:00:00,24.329416375373036,67.34692242901289,8.059973258494095,69.57292217410924,0.0
2025-05-28 21:00:00,22.863076525412463,62.21290014854006,13.449659709881232,90.40516554465931,0.0
2025-05-28 22:00:00,16.43229618110924,74.0381949964697,0.42958736074938053,38.724083593790645,0.0
2025-05-28 23:00:00,13.932336808750678,69.57087864047345,14.477919972496105,51.6599679111316,0.0
2025-05-29 00:00:00,17.57172216870802,65.44016991628605,13.232529544784446,57.03086983600005,0.0
2025-05-29 01:00:00,13.00463008750891,83.02897044461892,6.190528388820319,19.778798110265438,0.0
2025-05-29 02:00:00,16.22496021800716,88.99369950472078,3.694093612508731,68.66536398089693,0.0
2025-05-29 03:00:00,14.489027671324134,79.49090951585005,1.5070471257437013,78.94253496423661,0.0
2025-05-29 04:00:00,15.88766178269633,69.84823476942785,9.47858695023638,85.08990445153016,0.0
2025-05-29 05:00:00,21.115233971670314,78.3506949239316,0.2921610787233392,17.984909188770693,0.0
2025-05-29 06:00:00,21.411426600207815,64.45010286672169,13.15506371288254,19.956627668062687,0.6787962792847566
2025-05-29 07:00:00,22.741945522038748,64.64063333870922,10.68864041804114,73.11362457452924,43.18960489613739
2025-05-29 08:00:00,28.00626063464658,65.64246811641307,2.820121065497536,60.53511362732387,131.8699126805271
2025-05-29 09:00:00,24.201851360536438,54.078185083756416,14.469567347064423,22.85585638086166,288.5605046387692
2025-05-29 10:00:00,26.491725974852674,39.924243190968184,7.867695199345946,15.548435659678661,370.13750979899123
2025-05-29 11:00:00,32.67703335475381,48.46715285646151,7.424007625220057,37.57351244389682,323.0904869257112
2025-05-29 12:00:00,38.103450811052724,44.59242703489816,8.398213971470067,40.00415203028934,318.6667555798501
2025-05-29 13:00:00,35.74939129310633,41.747752961576104,10.103195587546923,86.84521663541159,135.32323300917372
2025-05-29 14:00:00,35.158874249399155,35.69231071232098,0.6075905114881608,24.269101085369904,343.1792390497494
2025-05-29 15:00:00,37.15152777568317,39.941530358202456,14.204972916022752,47.49903974965892,201.14724650793983
2025-05-29 16:00:00,31.16538381249489,41.022241208217956,1.9670886381981862,94.32735323584616,60.696361843840144
2025-05-29 17:00:00,31.3615497706515,47.28468536784877,10.706086739126345,18.49022657896413,102.87139790331099
2025-05-29 18:00:00,31.193492475707252,43.98754660938665,8.536557406226583,62.07297177255802,0.0
2025-05-29 19:00:00,26.593783359897913,58.17369570717112,11.981871430663565,66.24792899081345,0.0
2025-05-29 20:00:00,20.967410786383063,57.519656699702686,7.587839713835564,11.15088612331714,0.0
2025-05-29 21:00:00,21.405001647952766,65.01218317757402,1.6081145037272209,53.45662746219985,0.0
2025-05-29 22:00:00,18.371526692764466,74.53717471260029,1.4623962161822641,90.30910147530695,0.0
2025-05-29 23:00:00,21.040747604061558,84.66019236469712,7.962249737751826,54.091909308358524,0.0
2025-05-30 00:00:00,12.375711343818336,74.563663095467,9.464499609791881,22.285447813265037,0.0
2025-05-30 01:00:00,14.3164752671996,83.01922569301895,5.3057319629706114,7.792523344688174,0.0
2025-05-30 02:00:00,14.577754878369186,64.01594236220298,8.118724156667465,73.70326646111566,0.0
2025-05-30 03:00:00,15.125066529890864,75.97370193158666,7.854024270162909,41.53604623681863,0.0
2025-05-30 04:00:00,13.881624281493057,80.35843453371744,0.36772014996303726,56.8229199044422,0.0
2025-05-30 05:00:00,18.998010625115135,77.93529396170737,14.714879153274008,66.2179295825366,0.0
2025-05-30 06:00:00,19.431421549767286,67.98037892442572,9.648982239610502,94.52680312060771,5.049855334178371
2025-05-30 07:00:00,21.06073242097358,64.01543499984545,2.679588633698872,18.560994933065267,105.65827020579782
2025-05-30 08:00:00,22.911038881481165,57.24822525946247,1.170281528250613,81.37384938553883,85.85957242313546
2025-05-30 09:00:00,29.39084120764801,55.80190425918021,8.002380262089625,73.57106517729152,146.15645926309605
2025-05-30 10:00:00,29.707693487314298,57.22028527695694,5.34560679239002,70.04297010677773,181.91394977589297
2025-05-30 11:00:00,32.155803021807856,42.91956256721113,5.15953891034796,25.81745495641936,368.29848237414706
2025-05-30 12:00:00,32.71103759379225,39.870316367827336,3.6656978127457447,37.83783719013362,333.6267691688422
2025-05-30 13:00:00,32.91937462695268,40.8768253366869,0.22536157513924293,38.0700536136521,332.2260732614337
2025-05-30 14:00:00,35.45282360509558,45.3272456792016,0.7636182252082374,50.4868449991618,256.9875813482727
2025-05-30 15:00:00,35.58325994456606,38.07566947652352,9.331397233174132,81.65603178470539,116.97311540776339
2025-05-30 16:00:00,33.48623403571647,40.85552140012521,8.521012610683343,62.35572740189321,123.99436496198366
2025-05-30 17:00:00,33.70036571530107,43.99691566271553,2.8015781712671655,22.175743290318618,102.24039932841463
2025-05-30 18:00:00,31.277375587658014,46.359501015107675,2.132586087900292,1.5922099781177868,5.810201677896378
2025-05-30 19:00:00,29.14758120827412,60.62804825883303,11.309597264358574,64.00437094273632,0.0
2025-05-30 20:00:00,26.6462807001346,59.91578857744928,6.90600856847789,84.87620524268571,0.0
2025-05-30 21:00:00,19.926453774138402,64.23163589349217,8.94757363901306,76.8030550735584,0.0
2025-05-30 22:00:00,16.524504341257696,59.59998340287225,9.194571906208454,88.85457862303973,0.0
2025-05-30 23:00:00,15.518816558040518,68.65946813779324,8.794428996416935,68.2147976242166,0.0
2025-05-31 00:00:00,18.18385045989018,75.76704405866765,12.460363176690027,33.47159078201264,0.0
2025-05-31 01:00:00,18.63740987000208,91.50849953451643,2.0544339918324117,36.80744158015903,0.0
2025-05-31 02:00:00,15.597527113095234,74.47534829027478,4.5099089919061965,90.22909513300225,0.0
2025-05-31 03:00:00,22.650055405139824,81.17723627201211,13.060546830960801,16.59532899645354,0.0
2025-05-31 04:00:00,18.809037731753484,75.1033243833286,4.679033236266878,32.775148862574135,0.0
2025-05-31 05:00:00,17.093717817193014,70.64517445539101,6.4540600578650835,37.463588225964685,0.0
2025-05-31 06:00:00,19.22698440260377,78.02401402364382,0.22592353654587838,29.73163399029878,0.0
2025-05-31 07:00:00,23.94296513355081,63.38269605684704,4.35878697588905,36.660803240351,95.27907529910884
2025-05-31 08:00:00,27.456003950296484,52.47802692181578,0.319365324094677,56.12687641129548,129.4955046591986
2025-05-31 09:00:00,28.63692455529802,53.79734382997054,2.9134598474470415,53.43802719281969,194.09377629944416
2025-05-31 10:00:00,31.611077381021495,49.00866467054964,1.1663554392106223,97.55269071636374,99.10316930667784
2025-05-31 11:00:00,35.84712688220115,48.28692044227316,3.9414884795104017,77.95371479726525,178.73274034834208
2025-05-31 12:00:00,34.16450138866738,49.578461393504696,9.889162305515145,26.36119630333288,384.87406846139555
2025-05-31 13:00:00,32.90192294462766,41.74865209513641,5.74671491210823,40.877238156769415,313.1406387863375
2025-05-31 14:00:00,34.263954630797706,35.06191302344911,11.163585895885559,81.85425617684209,134.5283144160748
2025-05-31 15:00:00,30.905455185151972,35.30008022579407,12.431974061369342,44.82834594043095,215.72634110232988
2025-05-31 16:00:00,38.41774936271869,43.80404334167783,10.333473413584588,26.169242726383146,194.23229655688777
2025-05-31 17:00:00,31.514329053398363,49.29588141979559,12.66888844367951,50.37813774844268,72.71045838606653
2025-05-31 18:00:00,32.64716226225939,54.550169072078035,4.420960751551851,4.441177870563706,0.0
2025-05-31 19:00:00,27.779304386835804,54.32408804900493,2.544428395138884,73.13564712447167,0.0
2025-05-31 20:00:00,25.455548536468466,55.43748952256995,9.7522859038133,56.89590846407925,0.0
2025-05-31 21:00:00,20.52825855580745,60.147186074270714,4.638059684837486,83.62430728302591,0.0
2025-05-31 22:00:00,20.442546186727238,70.3566649425273,5.0434388992692325,59.4065454973828,0.0
2025-05-31 23:00:00,19.23640072396232,75.5134984315975,4.4997829389175195,74.88661208782354,0.0
2025-06-01 00:00:00,15.482906951797823,79.10081763293631,2.073871235936085,15.269415822848009,0.0
2025-06-01 01:00:00,19.119624941015854,78.05246783208524,10.778918014196096,44.00778704580013,0.0
2025-06-01 02:00:00,14.803574009512861,67.64222528956603,11.020063179296026,77.00679445802699,0.0
2025-06-01 03:00:00,12.928975018827234,73.96897229206012,1.0096491345500063,69.65394529721041,0.0
2025-06-01 04:00:00,16.155698936489227,79.33326657896698,12.039748743797421,7.963752751229414,0.0
2025-06-01 05:00:00,15.780141925846422,78.99564059946087,11.898833369659513,27.438782931043228,0.0
2025-06-01 06:00:00,23.574063015209763,71.08372464635768,6.155661619349121,30.564191231315775,0.9142968584023108
2025-06-01 07:00:00,21.64818276189466,62.28740126644165,4.121767638508491,53.15951960569756,74.6340564145962
2025-06-01 08:00:00,24.897343367195138,63.14837397410737,3.3042147424696857,96.74054198496488,52.78248734855773
2025-06-01 09:00:00,30.472018067596757,56.445672174762954,3.84364390962648,47.117405807499715,212.53947241682238
2025-06-01 10:00:00,30.616506051140448,53.209182932229176,5.724053611005178,34.47281454862178,314.3695941737399
2025-06-01 11:00:00,29.111635912787825,44.37090818801552,0.14404683799492501,58.28059484488627,250.64607792814283
2025-06-01 12:00:00,36.88735037894544,52.79293258925095,11.475343735573498,47.06276830103553,299.284264493804
2025-06-01 13:00:00,32.070725833126545,49.837864199355465,10.083929876624623,7.42419190429856,442.6419835645859
2025-06-01 14:00:00,37.16272751062615,41.36919444880095,4.251392893439306,95.61671744990034,95.12333849951155
2025-06-01 15:00:00,36.52546863166223,41.82915028500351,9.676170103701448,80.45864264580462,122.26485320010707
2025-06-01 16:00:00,35.09205044923812,38.965143328439446,13.927234054873919,11.274548755903224,220.1107039928114
2025-06-01 17:00:00,31.227535822884953,51.34029616673435,11.3395730219654,79.63329053127151,46.61414235886945
2025-06-01 18:00:00,33.099520577602505,39.12141768542647,11.41083454663838,95.19856863327631,3.3053878224056796
2025-06-01 19:00:00,27.726684836140436,55.30864787633153,7.688028472010923,9.154986092381323,0.0
2025-06-01 20:00:00,24.76525617833741,62.22987892526258,3.189149227384809,23.128837102799395,0.0
2025-06-01 21:00:00,24.00066741041337,67.62244606266255,3.11823243985494,47.7975296775062,0.0
2025-06-01 22:00:00,15.551936492708021,66.36589434665999,1.271019797348016,4.220879784501996,0.0
2025-06-01 23:00:00,18.77709626029705,76.18590908638862,12.228433462273363,17.96958144257458,0.0
2025-06-02 00:00:00,15.434622940628369,76.563162844581,8.235709936042028,79.45513958187476,0.0
2025-06-02 01:00:00,12.256288566637998,85.02433577604053,5.270515531276814,39.6964315806733,0.0
2025-06-02 02:00:00,11.76971711349789,83.26602044176484,1.151182302098432,40.36760303579573,0.0
2025-06-02 03:00:00,13.741197937113139,78.93010103810354,1.3541652451955244,4.047132734582104,0.0
2025-06-02 04:00:00,20.033810435007258,78.82776161713015,7.051028250545473,83.7596285515535,0.0
2025-06-02 05:00:00,14.717112627840333,68.15022633015252,1.2838697724516517,66.03689813636487,0.0
2025-06-02 06:00:00,20.5762159971296,67.2267168602936,1.2086324879140782,30.715533184372703,2.0233247772874945
2025-06-02 07:00:00,23.525940824941717,76.87766751645421,1.920204912813734,94.57391562852368,30.24128311853506
2025-06-02 08:00:00,24.350792363711598,64.03959843052186,2.93423693054487,88.25855751322497,77.18573937410156
2025-06-02 09:00:00,28.93701325301972,58.07637747248063,6.263846092714685,54.307461053750174,200.68540770570223
2025-06-02 10:00:00,34.060352875581856,50.3676754567872,0.7894064575204957,11.183041504413982,378.54784302452475
2025-06-02 11:00:00,28.99672968772768,46.08959347718055,3.712099318343923,43.391608676676775,309.7137287991543
2025-06-02 12:00:00,31.78108328346223,32.02504924929747,6.217324707689475,53.38554064934971,273.3387182607457
2025-06-02 13:00:00,35.62739601148755,40.6167616722244,4.85349419418937,49.64550619717719,284.88796327900565
2025-06-02 14:00:00,35.36497989082059,43.20184689434551,14.897052344883571,21.718582980247003,332.21883576799013
2025-06-02 15:00:00,33.64595451597727,40.920119369501776,9.16449583006415,76.0557626086263,135.38284027161018
2025-06-02 16:00:00,36.6767429864423,39.32998827328325,1.2361789851323541,15.160816041003343,212.4637744444586
2025-06-02 17:00:00,32.42766201584012,53.012940399484215,1.4063168224568612,71.27024443318285,52.847065139117035
2025-06-02 18:00:00,29.43906113133767,44.40619879225507,2.716226863695132,79.7145210222773,0.2697410977461952
2025-06-02 19:00:00,33.72359582103204,47.80564331954788,8.171279103089374,94.413829552054,0.0
2025-06-02 20:00:00,24.21228370512136,55.934809249537395,1.5314665177498787,97.26597466225682,0.0
2025-06-02 21:00:00,25.01053336033544,59.920092122708866,2.420751691011489,12.086387861821745,0.0
2025-06-02 22:00:00,19.756409451729663,68.0020596248526,13.500029641783778,26.00067188161289,0.0
2025-06-02 23:00:00,19.93424301501748,72.22992609519464,0.5696048448212088,27.796243003327536,0.0
2025-06-03 00:00:00,18.448552652296456,79.74369738266377,3.6934552723977325,36.194790396652834,0.0
2025-06-03 01:00:00,16.305028812456364,92.27977749143281,10.955011568905018,47.62525686682261,0.0
2025-06-03 02:00:00,17.000716611688954,73.21073359132616,9.323649836915736,5.901794108481639,0.0
2025-06-03 03:00:00,17.107111915137097,78.09066028086701,3.797749646764296,15.276597445045981,0.0
2025-06-03 04:00:00,13.939094138632818,77.07364339104215,9.679179958001905,36.53426616051074,0.0
2025-06-03 05:00:00,18.22934120637461,87.27242997144857,11.513377001386484,37.6712734495588,0.0
2025-06-03 06:00:00,19.23193672704824,68.01959059264927,5.91232119281264,91.76405358553853,0.7106590104611452
2025-06-03 07:00:00,21.5108070759492,62.93389046456881,13.880201090163796,78.89321158757755,54.41854993072149
2025-06-03 08:00:00,25.349113497987993,69.60841149190264,4.172386547771351,47.51526568014353,155.9954165235347
2025-06-03 09:00:00,30.031299052391645,57.406784571629835,2.231952845144427,38.21348699989293,235.35497968125694
2025-06-03 10:00:00,27.288462213258633,48.352141277989226,9.512416490109102,88.23443131795014,122.72481274963532
2025-06-03 11:00:00,35.1062505675976,43.32209253973311,5.673307679319031,14.017431319184526,406.1246771926438
2025-06-03 12:00:00,34.3229189647255,47.81467851225574,4.653259748419743,51.258914931074095,280.1902962324223
2025-06-03 13:00:00,34.923996282690545,33.70396334653977,10.557235790889749,44.817186464194435,298.5231582804641
2025-06-03 14:00:00,33.28168088185678,35.0303173512652,7.803726064891558,81.22935194231144,140.80180811900925
2025-06-03 15:00:00,32.60058328230229,46.20067122769035,9.32227399962079,52.994046159900286,194.48142105804544
2025-06-03 16:00:00,36.842660046680514,48.34457469983211,14.307294054300812,19.982397760470406,204.3277304390059
2025-06-03 17:00:00,31.99414800620912,46.75459004615286,1.2143576001540062,28.403726309713196,86.86910841097288
2025-06-03 18:00:00,30.622567104266494,40.10619760761313,8.759639516161329,16.000847839563427,0.0
2025-06-03 19:00:00,29.91101111397183,54.4259326578685,10.967203752293864,75.50113469558296,0.0
2025-06-03 20:00:00,23.84807184673712,62.764017000022534,10.885661997735076,53.63401763420109,0.0
2025-06-03 21:00:00,23.263936332545025,68.39277646880257,0.6256640371094752,24.946289843862722,0.0
2025-06-03 22:00:00,18.047061343947135,71.68129003057477,10.028737341902573,82.8348796559762,0.0
2025-06-03 23:00:00,20.66606565100304,81.07023957965148,0.6449064623444312,86.74079304120697,0.0
2025-06-04 00:00:00,15.292754381200796,70.66947704200203,6.092568608109016,70.57972949167171,0.0
2025-06-04 01:00:00,15.338291616363652,75.61420788719062,3.7098447337384948,66.29520770046983,0.0
2025-06-04 02:00:00,17.87069969566162,70.29443193953126,1.5206449809535334,38.611019744660524,0.0
2025-06-04 03:00:00,15.151594098422091,78.17281945076702,2.150776009264713,68.58420563075744,0.0
2025-06-04 04:00:00,13.886680550850008,75.93707245058849,6.107499227168793,7.265892956138343,0.0
2025-06-04 05:00:00,16.535712184884048,71.73929927876654,13.097716054392572,96.64954001958654,0.0
2025-06-04 06:00:00,25.800572276579835,72.72079437300445,9.399926594858586,51.422270010507546,0.0
2025-06-04 07:00:00,22.88222931760343,66.16578668072353,1.2055528472822359,15.601843643662772,111.10263268284938
2025-06-04 08:00:00,25.305750950489323,60.730897799053835,9.332177701805495,52.66856037955733,140.76728695241434
2025-06-04 09:00:00,25.969293641270994,48.860991181357946,5.369756832503837,38.895394320545016,247.54843691138424
2025-06-04 10:00:00,28.471230543104983,45.77345022439961,8.902640863879705,23.5208947978918,349.2506100093139
2025-06-04 11:00:00,31.580346330979435,45.620382773108496,1.3914946348234318,13.925655715643403,416.4507856145604
2025-06-04 12:00:00,38.240789919930165,40.92476313807811,13.648394823217187,12.430147097005474,424.1426606027448
2025-06-04 13:00:00,31.774073182898213,31.530670402478442,7.951558369937467,82.19280677518024,161.47224229375144
2025-06-04 14:00:00,34.13163748802272,47.17846973915226,6.997063512831293,19.77211139994174,347.72350603775647
2025-06-04 15:00:00,35.92815766930245,41.72069005496532,12.147401184770452,48.448911025266014,210.4727595455837
2025-06-04 16:00:00,33.58805927609617,39.21125323525423,13.84286403624616,90.52227357689875,71.4359724823012
2025-06-04 17:00:00,31.171724384277606,45.225828877592626,4.4822297115740515,47.998303490182096,81.55520489713265
2025-06-04 18:00:00,29.37187281257467,50.23346061727878,6.18530941965879,91.60998218405871,2.415194121675038
2025-06-04 19:00:00,25.67799171451386,56.37506627144429,11.95234097716104,67.69734900789499,0.0
2025-06-04 20:00:00,28.619716472734552,52.633440128476224,12.39329541448988,96.0066569888541,0.0
2025-06-04 21:00:00,23.281929635136294,70.37881314570755,0.7899558558057512,13.619375180934556,0.0
2025-06-04 22:00:00,23.38341642478018,76.74201986553996,1.15784436689548,86.07594394321903,0.0
2025-06-04 23:00:00,17.39179079881927,69.58455709537748,8.571654209700425,56.38352264323822,0.0
2025-06-05 00:00:00,14.46044060298274,82.40809879620406,12.683350357093671,8.362329660079537,0.0
2025-06-05 01:00:00,17.02452278365826,85.10803200484978,3.354124639637438,28.672143125886507,0.0
2025-06-05 02:00:00,14.455990593491883,75.89869422441872,10.680359622408085,97.43862915487124,0.0
2025-06-05 03:00:00,12.793236016004588,83.41087924288385,9.21075858171388,79.11428531280157,0.0
2025-06-05 04:00:00,13.598996522591438,76.41660530482768,5.537097554528339,11.766777717042276,0.0
2025-06-05 05:00:00,20.6556089213828,71.02732510992809,12.730794292422177,48.24314795133533,0.0
2025-06-05 06:00:00,20.798549882826087,71.40133421080955,8.772192370260615,83.97212292434462,0.0
2025-06-05 07:00:00,22.607491863618144,73.3781352400346,9.36515292378536,38.97068111194268,93.33323296557003
2025-06-05 08:00:00,25.44058330660605,61.051406685428134,11.130157793302304,31.35782815518504,185.31823751529566
2025-06-05 09:00:00,28.5409714877197,60.581572519915326,1.7955139322613483,95.31962298318818,84.35906182155757
2025-06-05 10:00:00,30.14609714537967,52.51287581888392,10.55622981356868,6.823059652099584,397.9070597645011
2025-06-05 11:00:00,29.970583784027905,42.382438409528994,6.85879903485972,19.048887709050998,400.99921469689957
2025-06-05 12:00:00,32.0440561928502,50.506889633709356,5.852300067034355,17.251752739662596,427.91196047246797
2025-06-05 13:00:00,35.99122169049531,46.92010126672806,13.100979212076439,87.21822305897454,143.09969124462646
2025-06-05 14:00:00,36.44791297674874,36.02296228265748,5.3905145287122505,72.43323165295288,166.63741732334438
2025-06-05 15:00:00,34.02018078812964,45.75405482376728,6.223971444913586,36.27865527544587,239.06602203002186
2025-06-05 16:00:00,32.32612856142583,42.94861016084041,7.190350835035834,4.176813236725008,248.54550990807923
2025-06-05 17:00:00,32.748075340199826,49.7278132070984,9.09124468789075,75.95096006877878,51.48803966078188
2025-06-05 18:00:00,28.99409013478294,51.097972363572126,13.590576367622358,24.837152352978443,3.5634201247232764
2025-06-05 19:00:00,23.57882633554399,61.24359714665296,0.6507003947893492,21.307691366527838,0.0
2025-06-05 20:00:00,24.454650414172633,54.66494292397589,6.118761021790161,99.79922795333309,0.0
2025-06-05 21:00:00,26.169382255920247,68.84363818266881,9.230509572667602,17.259613167751198,0.0
2025-06-05 22:00:00,20.035717139830638,68.75448334375385,6.846150329481196,80.64308659625536,0.0
2025-06-05 23:00:00,19.44775654920259,77.95182832280783,1.97958760164887,99.64338081589307,0.0
2025-06-06 00:00:00,19.550454801703978,74.25355290776797,5.1829245068986936,38.071697536879824,0.0
2025-06-06 01:00:00,11.659390691365859,84.33180976349142,4.422196021052453,45.53973461856936,0.0
2025-06-06 02:00:00,14.156330130544797,86.26290871956216,14.465473559524991,57.83385955174922,0.0
2025-06-06 03:00:00,13.442855960115478,85.15695757564514,8.54882195257876,93.57717568226825,0.0
2025-06-06 04:00:00,18.32817278835186,79.17289131190958,13.231017300790404,39.097886400769,0.0
2025-06-06 05:00:00,17.3482622608554,79.45728760988587,0.8623570516601464,43.34487478693032,0.0
2025-06-06 06:00:00,22.809065957784338,68.34827240017238,13.638502339531895,74.20985831690278,0.0
2025-06-06 07:00:00,22.011648741493193,66.9443460508193,5.234494044323589,60.902308533841754,77.57785326882565
2025-06-06 08:00:00,22.435784728107453,57.42063566563715,7.078754121813099,11.795963907597828,229.54687948630917
2025-06-06 09:00:00,28.16831940636218,64.80662815840938,9.888898213004595,87.73145012636775,95.85259902669472
2025-06-06 10:00:00,32.26340194765517,44.115176026350696,14.342390512129192,76.22351401704152,161.5562785619036
2025-06-06 11:00:00,30.76505415429862,52.24960589045902,12.676301692400077,7.550199431151139,434.54770968283333
2025-06-06 12:00:00,35.42784138320202,42.13589458310806,13.470653705220181,35.41388063729241,341.7791142946449
2025-06-06 13:00:00,34.164102460851275,41.82488474296874,5.447229192902615,55.733791810197964,261.0283441525462
2025-06-06 14:00:00,34.70391284972253,34.86391396881829,8.099488754709563,74.24884094683848,168.34713491594496
2025-06-06 15:00:00,34.42591864478715,44.8480300817166,8.958041316548604,49.324737556933776,203.0710001116476
2025-06-06 16:00:00,33.07017246504285,47.18385559709749,4.385009104874676,8.007404824236119,220.83536272990324
2025-06-06 17:00:00,31.8412563069815,41.23124556258093,8.108571391369885,46.80334586747785,91.43989557666808
2025-06-06 18:00:00,33.67995466988468,55.819663384013964,1.6773899519108937,42.338646201261255,4.672864784671385
2025-06-06 19:00:00,27.715755298093157,61.333057137355446,6.542693833643875,13.695862299628391,0.0
2025-06-06 20:00:00,23.714820049240707,62.992617261119,1.8209036481909098,64.2946127072249,0.0
2025-06-06 21:00:00,20.113718392901458,67.10816442613283,5.975976612576692,65.84048860649573,0.0
2025-06-06 22:00:00,19.883001308942397,66.75328045848444,1.7317017790890517,99.36039972691172,0.0
2025-06-06 23:00:00,15.35104008683238,74.40654137593236,4.778512085022132,93.57455703252151,0.0
2025-06-07 00:00:00,15.248771429767428,85.74048739741761,6.332320951295368,73.99336879263913,0.0
2025-06-07 01:00:00,18.141120885472596,70.62647109127283,8.02034603182808,26.632198239942696,0.0
2025-06-07 02:00:00,14.245702456108136,82.13711360377148,0.3602734151903553,7.340180451967004,0.0
2025-06-07 03:00:00,14.313001951524488,79.35349658284694,12.282848121280528,32.09216294841991,0.0
2025-06-07 04:00:00,15.236145465007748,79.11886274118112,4.495102147994992,17.080359439303894,0.0
2025-06-07 05:00:00,18.369521207636865,76.20631385065896,13.817270014714195,61.48505313779346,0.0
2025-06-07 06:00:00,18.6236245026944,66.25771524883675,8.663920900042754,46.03955795176032,2.9150930377078907
2025-06-07 07:00:00,21.97276250156495,70.44662181562873,1.0094547133635778,97.43882997511675,22.62346023835704
2025-06-07 08:00:00,22.311482317331137,55.84589516211953,8.000677160100297,79.00375607126028,84.76412527373881
2025-06-07 09:00:00,31.145958096274953,57.760078047046015,4.813388930518452,23.59872618549246,281.27057825535724
2025-06-07 10:00:00,29.03484627819825,41.48124265100854,5.576381050535424,44.26237210408978,269.19628896672486
2025-06-07 11:00:00,36.12445094715759,43.605980048726515,13.301196438483611,86.29727502822794,143.55174606589014
2025-06-07 12:00:00,29.630017394126874,43.410249281106736,11.06290005583818,86.06727144793388,151.000912489254
2025-06-07 13:00:00,32.774640773267166,35.72280630490669,6.367141107167688,32.30123559056272,353.2863063631393
2025-06-07 14:00:00,36.54307544474694,39.20099321690594,3.588372603470484,15.597184005541775,361.48150668244034
2025-06-07 15:00:00,32.27214598570511,36.56851092107711,10.024209205752186,57.2708351841547,186.44299434274018
2025-06-07 16:00:00,33.683527766184206,41.33235152944642,8.969118418434373,20.079331016383883,204.02526116214918
2025-06-07 17:00:00,29.38925405504485,49.9628864789101,3.6652624610927087,87.7560186233434,33.5363418651484
2025-06-07 18:00:00,30.212941707376594,46.763179830771534,8.97664140603036,55.81397316595628,2.871823569787628
2025-06-07 19:00:00,29.135855826331298,41.79263064873058,10.845295191437952,11.209320672491796,0.0
2025-06-07 20:00:00,26.82901719735822,58.717867180175936,12.250147231145576,9.194913322673093,0.0
2025-06-07 21:00:00,21.33219833007886,66.97831048838903,7.130111550879426,83.2277065743127,0.0
2025-06-07 22:00:00,20.29863292456399,65.3750110301914,4.61770023974221,57.69761931869439,0.0
2025-06-07 23:00:00,17.642775463294736,70.8023035704735,14.93517662801478,60.634455626449736,0.0
2025-06-08 00:00:00,16.027438917391013,77.63953934954796,14.167400206203538,33.14822936816443,0.0
2025-06-08 01:00:00,15.200397182339005,86.17764950412383,7.752309312259111,66.62644737251188,0.0
2025-06-08 02:00:00,19.037609621212432,79.41780955766833,2.3333945950239006,48.506230911377926,0.0
2025-06-08 03:00:00,15.543138792163633,85.2898443304476,6.888545543059926,92.94298095750905,0.0
2025-06-08 04:00:00,11.200794697281026,75.82437823208122,2.0301074394429937,93.66089993432709,0.0
2025-06-08 05:00:00,18.956866263239423,72.22145256384613,9.380781697448711,14.67425628020209,0.0
2025-06-08 06:00:00,22.543086876581857,69.47864677080966,10.824481042160334,10.334789471518778,16.86502816207828
2025-06-08 07:00:00,23.964739286241887,64.06114488114446,12.931593735691736,43.95239242567334,81.4150449804904
2025-06-08 08:00:00,23.547428189538664,64.75903080634231,11.59240282544548,1.8105528582780805,249.2215988948747
2025-06-08 09:00:00,30.036617606050203,45.231476134880076,7.255669348884213,77.928932030398,132.2186177555219
2025-06-08 10:00:00,30.22752551201432,56.529370162533304,5.691452050631857,94.76288218805003,106.75680012331081
2025-06-08 11:00:00,32.40605232813149,54.61670634120542,14.769605862293455,81.02320953216126,159.6135914189526
2025-06-08 12:00:00,34.43993349578865,42.19250895972522,5.055308546566639,15.207879993593988,417.6975243960231
2025-06-08 13:00:00,35.148047917389995,38.60621942185998,10.506887858899876,67.17854122706818,217.22932196736278
2025-06-08 14:00:00,33.920110304531356,40.32955644104373,0.90144565246707,78.59465006584492,152.22343147630048
2025-06-08 15:00:00,35.61313260064843,36.13586203064955,10.004575370754955,52.915060991704685,198.36054241796248
2025-06-08 16:00:00,33.41761206774322,48.552643171156035,6.949829635803073,18.297391812322072,218.15385676928048
2025-06-08 17:00:00,32.76522785451439,50.11541599753495,13.792449464641734,71.52594675136321,46.592257802183425
2025-06-08 18:00:00,31.706126921817862,43.598656313967865,12.51715961022288,15.507654052439213,0.0
2025-06-08 19:00:00,26.630579329896356,52.44107688930076,5.170235610725278,23.74707911895331,0.0
2025-06-08 20:00:00,26.124437244618704,52.908598815496525,7.196190861313287,18.90975831710643,0.0
2025-06-08 21:00:00,23.527875567447254,69.72941324722308,13.12559137277583,33.864620048148865,0.0
2025-06-08 22:00:00,20.030390516986586,76.91246345828166,4.806873834817922,7.803385204806834,0.0
2025-06-08 23:00:00,17.643750374671928,77.76728500992125,0.7742062708223174,7.70135574640185,0.0
2025-06-09 00:00:00,15.415146556396516,90.02129426668937,11.568087606204948,3.7577920371742013,0.0
2025-06-09 01:00:00,12.513243943818955,80.79516801993323,10.454159956237637,12.848908893801658,0.0
2025-06-09 02:00:00,14.034865974197544,76.50133689941559,6.493305998656175,4.578122849245259,0.0
2025-06-09 03:00:00,12.331039500086174,78.75293327599783,4.016385240993623,39.594666689812485,0.0
2025-06-09 04:00:00,19.121954821787103,86.52269503949691,7.184206798423122,97.65542212713788,0.0
2025-06-09 05:00:00,18.365798106200316,85.51376640694299,8.204919695006513,49.11098819115401,0.0
2025-06-09 06:00:00,17.525310127457917,70.71813928499978,1.3570801378320407,33.913670485324296,0.0
2025-06-09 07:00:00,23.73889678682865,68.93661355779398,13.536471895720252,68.74277909689359,56.753021632563495
2025-06-09 08:00:00,22.65811618303053,57.938498024373956,3.1707905265563046,3.1089289815984023,243.7742540245021
2025-06-09 09:00:00,25.70237893904558,53.43399580441429,14.583918539827522,53.58447987156298,202.38815963875885
2025-06-09 10:00:00,30.274786127230108,46.38628455520336,4.6747759092800765,5.89255604722444,402.4566940859002
2025-06-09 11:00:00,30.675779929022372,41.581337878427306,11.961441112490288,92.05975021664062,121.542494010247
2025-06-09 12:00:00,31.36292884028314,39.17499498142914,0.7926745754383663,67.89292553494906,226.87446431102856
2025-06-09 13:00:00,32.0335172734614,38.18225596270835,5.301784573130731,70.47284400150492,201.6474981090277
2025-06-09 14:00:00,30.92999270820759,41.942299655159395,4.902875834918252,60.26026890169977,221.11207936620713
2025-06-09 15:00:00,34.2831535057827,27.35123457790625,11.937666644494236,48.01066672264592,209.38424635860935
2025-06-09 16:00:00,36.386098566354306,49.46494642482092,4.038676559981681,48.934393421936704,146.8894978603597
2025-06-09 17:00:00,34.318736108843225,44.10632518510959,3.115499672335999,40.71333432071449,83.34129743246294
2025-06-09 18:00:00,30.065272449927424,48.51083444738428,12.309020719797127,34.89105914424587,0.0
2025-06-09 19:00:00,26.83412412711544,58.24015762230499,6.373397850109303,40.96507397318807,0.0
2025-06-09 20:00:00,27.338837668654918,54.976737561176435,4.597226802951348,66.19919979828029,0.0
2025-06-09 21:00:00,24.051569592230425,62.78881606595854,12.85837376769722,62.120533581594515,0.0
2025-06-09 22:00:00,20.019640899067692,66.95512034967405,0.9706845339246556,13.732639431143056,0.0
2025-06-09 23:00:00,20.733190216029758,76.37423597278145,11.300200508619303,57.488448042188764,0.0
2025-06-10 00:00:00,17.76631444020538,87.56550870672599,0.01160366588879691,53.51049270160444,0.0
2025-06-10 01:00:00,16.784883066304815,81.92378719476962,3.660451437314169,24.295177994902616,0.0
2025-06-10 02:00:00,13.205606534155491,84.26497738159254,9.214814526026949,55.34742146440276,0.0
2025-06-10 03:00:00,17.32089335476796,80.68903337145917,7.631735376225464,83.57183822564174,0.0
2025-06-10 04:00:00,15.997133147762062,74.94153109403274,4.44617009854494,79.08278536778626,0.0
2025-06-10 05:00:00,21.75385617907292,71.69456705528412,13.014251882106935,58.67286124871971,0.0
2025-06-10 06:00:00,20.736858320957705,70.52216412395907,14.167384851732825,70.9407261496162,0.0
2025-06-10 07:00:00,20.845810105224196,62.94745011036624,0.7501204283012669,62.32629251511391,61.28410869364962
2025-06-10 08:00:00,27.05360513421988,71.09608656788554,14.600728780982339,85.79343159519263,80.57011500608692
2025-06-10 09:00:00,30.241770662782695,54.77899818065727,13.72572787446188,77.92993462782239,135.8330322775739
2025-06-10 10:00:00,30.44448258580212,47.81604290165736,0.48558848130006493,12.06831764142513,385.38319732101286
2025-06-10 11:00:00,30.37076871579779,48.102858756456044,14.172323706072145,67.19000999968146,213.15277672686844
2025-06-10 12:00:00,32.62764654767512,40.4250926043116,14.882447305494491,40.144776663028544,332.34299962130655
2025-06-10 13:00:00,34.941314362580584,41.00455165263027,10.107835981594501,69.60759696905518,207.82196001613434
2025-06-10 14:00:00,34.53651055234472,46.70575720096267,6.347991709949637,29.00133060714448,330.8659433404141
2025-06-10 15:00:00,35.317372040352495,44.45233859575401,11.730010058662206,4.441703925111651,326.1895751387311
2025-06-10 16:00:00,31.804637278565792,43.328395796731904,6.815839691207715,35.449102073957015,177.90110818385224
2025-06-10 17:00:00,30.375937419194116,49.15340211427537,11.365393439122036,37.40785711723692,88.40427852550397
2025-06-10 18:00:00,28.06586883301396,54.67725604974538,3.054061704183411,31.1455393789123,0.0
2025-06-10 19:00:00,26.437682250017147,51.38394730840974,7.958610928100011,54.944305740297786,0.0
2025-06-10 20:00:00,25.837127148998523,53.242433083339925,1.357224565740024,98.06717513156015,0.0
2025-06-10 21:00:00,21.099369962433222,60.23378231386021,11.480058936687474,69.41059615407205,0.0
2025-06-10 22:00:00,21.72218897050145,58.264071844838455,2.779704021443781,34.61145951612239,0.0
2025-06-10 23:00:00,16.933334076489416,71.08313874446935,2.7134024491258457,99.53081908581923,0.0
2025-06-11 00:00:00,15.509321607670508,73.9027401399192,10.291024634776125,80.03312298600876,0.0
2025-06-11 01:00:00,17.82773370888625,74.69906288230209,3.371776500395638,93.31378480868085,0.0
2025-06-11 02:00:00,14.363511746367841,84.52376245853183,11.061690098056564,84.02492591312682,0.0
2025-06-11 03:00:00,15.940731346008759,74.45585525345523,1.130708518701529,6.343953954637516,0.0
2025-06-11 04:00:00,17.19325877706203,77.1552192652396,8.425738780804526,27.730942944791938,0.0
2025-06-11 05:00:00,18.38254053864269,81.54310589900795,3.74201146165231,43.57195748033828,0.0
2025-06-11 06:00:00,15.668856425514985,70.68682703537623,3.133067903284928,71.11099836062435,2.9902172551585178
2025-06-11 07:00:00,22.500382372458002,61.18372673906642,9.859768736651441,51.01541222016647,68.70195788238937
2025-06-11 08:00:00,26.14295397063617,55.2212674839943,2.3277584927629578,74.65195438205406,97.69126579272789
2025-06-11 09:00:00,29.14753187189462,63.337092279888914,3.1787529296534527,77.01595308515282,129.28634050117526
2025-06-11 10:00:00,34.087595807012555,43.755387268314536,13.674582435856838,81.8855765219126,150.35283678882098
2025-06-11 11:00:00,32.49949336362134,41.2845829139581,6.436878909388634,93.48786499114169,125.81211582237992
2025-06-11 12:00:00,32.10680509836104,41.28561209792313,7.705886262946981,49.85491592752936,294.08936032581266
2025-06-11 13:00:00,31.87264953454953,40.89798796316561,13.270792344432753,37.0543784548027,332.7974878721984
2025-06-11 14:00:00,34.29463612770065,42.64211293252168,13.775266778269629,59.20232723424619,220.9578321449058
2025-06-11 15:00:00,36.29316202481907,36.840449654410705,9.423895973720963,94.16991285485925,72.94674891116368
2025-06-11 16:00:00,34.962491725783096,46.462665736553234,14.362502885749565,7.191110456860439,229.46776781866888
2025-06-11 17:00:00,29.173802665116085,45.14225257052544,8.49929818334954,83.0834595698575,43.60550694392107
2025-06-11 18:00:00,30.604652529028144,46.97984355852945,7.379218184815828,25.783326020408516,1.3152988538550523
2025-06-11 19:00:00,28.765237455376287,50.630973395042474,6.682898704456367,96.39316806617349,0.0
2025-06-11 20:00:00,26.236953285439576,60.5202195183038,14.328322922586104,79.85568875558565,0.0
2025-06-11 21:00:00,23.50288098089566,67.51180705432225,5.411335755536777,55.66730243501282,0.0
2025-06-11 22:00:00,18.370046176284358,74.04518767717117,6.335128892536107,17.12847544504279,0.0
2025-06-11 23:00:00,20.232143010475593,69.14982028516205,10.721278270983177,74.0661738084056,0.0
2025-06-12 00:00:00,13.799111631502218,81.67036940706033,13.904161040579389,54.88956650324602,0.0
2025-06-12 01:00:00,14.112984704910877,79.05747469266451,12.230231590972556,57.702962285585045,0.0
2025-06-12 02:00:00,11.945417634211344,79.20129873040788,3.906060847240757,8.03815390146424,0.0
2025-06-12 03:00:00,18.94452563510534,78.95076256290045,10.289201886349412,8.981955392419493,0.0
2025-06-12 04:00:00,16.047822583312286,78.03792930273221,2.830482080283374,93.05593972332159,0.0
2025-06-12 05:00:00,17.589796177854936,77.51251831837712,10.72405513692474,15.404173129423826,0.0
2025-06-12 06:00:00,21.428876172585333,67.6109900556931,8.866273165990412,34.19253513132235,7.87623005425536
2025-06-12 07:00:00,20.740095934629082,53.48927331653275,10.683077048500582,71.88181033199632,56.9417737245768
2025-06-12 08:00:00,23.505145472173464,52.31096321965522,2.912287969348583,94.43652060769465,61.598793830002585
2025-06-12 09:00:00,30.271799122578624,56.218988210991995,7.383015929349914,68.01161249139066,159.09138340216055
2025-06-12 10:00:00,29.401459816593512,64.91441403282697,12.306673012716,66.82649508290861,195.9859757683213
2025-06-12 11:00:00,30.08821568983268,53.02061997284062,10.853679622166602,63.49214742428146,233.18003213539572
2025-06-12 12:00:00,32.77207915871633,43.17791078076896,4.2207937742262915,8.4090407469525,454.4751199204566
2025-06-12 13:00:00,36.59827613371098,41.31324434801216,1.0901214904429157,52.974692885755815,265.7743808396864
2025-06-12 14:00:00,30.51588905595427,47.322308838136074,7.694848050158792,4.795609901148213,398.95021058830963
2025-06-12 15:00:00,33.84529701022662,33.618849500891216,2.2290500988186364,4.057273144600049,336.3812343104118
2025-06-12 16:00:00,34.659243483424234,41.01772954103216,3.3039985494523254,12.129976505125073,217.05627973885268
2025-06-12 17:00:00,30.91822916040977,46.888465446799124,9.483218341693599,22.090505978698804,101.49099694148003
2025-06-12 18:00:00,29.416458187466368,56.46151141992765,8.283840096773835,27.444763910250416,0.0
2025-06-12 19:00:00,32.25221670409673,56.54110388141196,0.5199031572408258,36.698873466420814,0.0
2025-06-12 20:00:00,23.500384139629023,57.31218158605193,7.963475126069838,76.92226013328428,0.0
2025-06-12 21:00:00,23.683426474687767,68.57318461338559,11.623095462918867,44.52964235245275,0.0
2025-06-12 22:00:00,23.338102846512612,70.85370977928639,10.360904207295285,54.992717858117416,0.0
2025-06-12 23:00:00,17.284700878415745,76.74826753935085,14.12976147518745,90.79741619894006,0.0
2025-06-13 00:00:00,19.160017852098882,74.70639734537305,13.911577546468424,40.64287529993991,0.0
2025-06-13 01:00:00,15.721230210162359,78.11422541636024,1.1952242911095183,36.22245463491755,0.0
2025-06-13 02:00:00,17.293662886073317,76.46304813864342,3.5911674245922494,6.561828740194864,0.0
2025-06-13 03:00:00,15.181771427832528,77.34029092403287,9.328799835149985,26.16877677751759,0.0
2025-06-13 04:00:00,17.064746057578652,70.3920317476345,14.829638913185955,8.805991791186207,0.0
2025-06-13 05:00:00,18.467753059185434,79.09580273709975,1.0188194669182455,76.80748759390117,0.0
2025-06-13 06:00:00,20.761029316359743,70.26812996489092,12.526743234383286,51.6775494536059,0.0
2025-06-13 07:00:00,24.093462244963252,71.70208222295976,7.820372279386253,58.14742297532574,71.37896634429183
2025-06-13 08:00:00,24.192875090834757,59.1212575243932,14.772840091287918,44.53942984918547,160.60467135678098
2025-06-13 09:00:00,28.945764484371896,56.00543410352232,11.5377790507303,16.84675825083699,307.55917059798963
2025-06-13 10:00:00,29.671974780912464,49.449540521304364,14.210165658158239,87.5953555435776,126.04228134182972
2025-06-13 11:00:00,32.73049005217543,40.77382642597406,10.174784929111315,49.42710648565624,281.9333769373383
2025-06-13 12:00:00,32.00165278918747,35.72166481879253,6.161966936992892,44.10411394322381,322.76878237886126
2025-06-13 13:00:00,38.24545314705808,49.41982971659402,1.776209949195155,21.753109460053622,369.0840856896599
2025-06-13 14:00:00,36.15810379714483,26.90240815310944,14.970284300454976,27.73641018962987,313.91464246672
2025-06-13 15:00:00,33.56744474730889,38.425054830136006,3.0709523705972446,19.574774549633013,286.8760652996658
2025-06-13 16:00:00,32.24546743543398,44.97657204988244,5.66500574588243,49.46646801116734,145.2739473072325
2025-06-13 17:00:00,29.325407389366788,46.06492286888573,11.461538859311043,84.39713327358027,45.01780763799323
2025-06-13 18:00:00,31.69355004358822,57.08056647481341,4.573393284615078,21.771892188848106,0.6194616484276806
2025-06-13 19:00:00,27.697362609570877,46.141474003239594,8.039833632240006,85.5459343610232,0.0
2025-06-13 20:00:00,25.941182454997396,58.7012621351211,10.172255309172863,92.35908713841842,0.0
2025-06-13 21:00:00,25.163234162291236,64.55949677426878,12.554849760833779,12.507707454664684,0.0
2025-06-13 22:00:00,22.048908795551412,68.83915591981172,10.94195147422858,14.782239464171276,0.0
2025-06-13 23:00:00,18.499686270406446,74.75260221104868,10.611943476137252,58.16050265988518,0.0
2025-06-14 00:00:00,14.2717938842267,72.23141798978315,3.027324379939447,76.80121482424907,0.0
2025-06-14 01:00:00,15.795868502918553,76.22825072099081,0.5850004190870123,33.46952612832472,0.0
2025-06-14 02:00:00,17.725635568805277,81.2632067425439,1.533027864562933,64.8369629977873,0.0
2025-06-14 03:00:00,15.793270865500157,76.24826557213635,13.846397004829319,1.4006057797665061,0.0
2025-06-14 04:00:00,16.809695533632393,80.36176316955462,7.0730123384961585,76.6714184120985,0.0
2025-06-14 05:00:00,21.25957405683331,72.51414179543853,9.250332801529607,65.77256542594134,0.0
2025-06-14 06:00:00,18.365714837129687,63.453350347772705,11.1456325013862,41.388902557386764,0.0
2025-06-14 07:00:00,21.334546557163943,65.70943246571362,3.6435439925855078,76.2582106288502,52.63533605880194
2025-06-14 08:00:00,25.145214274855366,57.79184430962559,4.582183225466742,12.568849541210502,228.52357956873908
2025-06-14 09:00:00,26.086973055730564,59.36609949009471,5.028431550372908,35.83280077149013,246.4282041406937
2025-06-14 10:00:00,28.086987738818582,46.63181257855182,4.014631117694459,86.3809680336617,138.87639316644197
2025-06-14 11:00:00,32.65290956829076,37.602845565985795,7.132063659571103,16.596403730232133,407.6567271971009
2025-06-14 12:00:00,32.33736558198148,39.89431178871484,14.2779475924092,79.45119652127742,172.2985895426556
2025-06-14 13:00:00,36.9525479576446,36.90657079763862,8.326760268451839,97.91977956289308,98.76975053094503
2025-06-14 14:00:00,33.138879651056925,36.15469361964052,6.547121316363324,56.560386981284736,233.2984330471425
2025-06-14 15:00:00,31.65429612177809,41.69051546878529,2.0583225554553404,37.44167231904668,236.7827750482778
2025-06-14 16:00:00,35.799918945192346,48.692263679029146,0.45626764358914607,53.409870680437,135.80874837700196
2025-06-14 17:00:00,35.55688333519648,50.455935820462315,1.4406455610157287,4.688278870238916,118.88602843961445
2025-06-14 18:00:00,30.653877969825725,46.564542040308545,6.176919643061139,27.992735269630252,0.0
2025-06-14 19:00:00,25.15120779319663,57.63157322499836,14.795830252576138,93.6362886099043,0.0
2025-06-14 20:00:00,26.25328063595094,63.54784033395674,11.947013765936175,53.037812402021956,0.0
2025-06-14 21:00:00,24.49817043873894,66.64753555136221,9.989255740237368,80.86865751211604,0.0
2025-06-14 22:00:00,21.676994819044285,68.93906544475118,12.94387226714861,31.52662712596421,0.0
2025-06-14 23:00:00,14.120424794191292,73.96419402756551,12.022455269101101,74.08591850738104,0.0
2025-06-15 00:00:00,18.39266169961077,72.8473548315869,5.3598594968638285,69.8152364326715,0.0
2025-06-15 01:00:00,15.938990317949962,86.3195938279472,5.778729899275398,87.77170912960491,0.0
2025-06-15 02:00:00,13.52041211886366,77.22318546602895,11.24800773084615,40.49686535666102,0.0
2025-06-15 03:00:00,15.092097324313178,78.65714884238406,12.713385135043497,1.170343027134113,0.0
2025-06-15 04:00:00,16.738689090601202,80.38303506534248,0.5564874402202408,3.4149868526714533,0.0
2025-06-15 05:00:00,21.00860353052623,75.04987351330412,0.5213433967576736,11.098020282240972,0.0
2025-06-15 06:00:00,18.000374595247237,69.42180834634284,5.5618440590868445,72.11264889991949,0.0
2025-06-15 07:00:00,18.19360336008578,66.05032542801166,10.336287417126302,96.28435634775808,32.17549409676005
2025-06-15 08:00:00,28.04375437194826,67.97240610322011,13.356855276565781,4.118655050245035,242.21597235376686
2025-06-15 09:00:00,27.02554264924343,61.64799595837428,5.381370633949071,15.3800442561011,313.43283197779647
2025-06-15 10:00:00,28.123623884450655,56.270576327832934,1.5518332889108621,28.81219765272315,325.25994176070196
2025-06-15 11:00:00,33.18603013766659,41.371456246566225,5.624170604441084,2.971984918594417,457.6279696840437
2025-06-15 12:00:00,33.915355059201275,42.91127962617799,4.722001371486634,26.283602587667943,382.34222714250905
2025-06-15 13:00:00,32.25778753768358,47.293255995450394,9.760243948845048,48.49127397717271,285.4639989405513
2025-06-15 14:00:00,37.637718969656255,43.63863608222976,9.112411766062472,16.84940408626424,362.94343623853246
2025-06-15 15:00:00,33.81141347792911,36.095352066228436,5.9593812409952465,47.812581906571715,210.0276525452426
2025-06-15 16:00:00,32.354485706729655,49.00578242927376,1.9685852175170808,19.35336821485475,212.18700018370512
2025-06-15 17:00:00,35.4090124036579,48.99353141614114,13.502507093270895,59.04862816321833,68.67470974676442
2025-06-15 18:00:00,31.863966755558,47.15858479041338,13.486721614294686,67.47770930450895,1.3297335963184211
2025-06-15 19:00:00,28.49335845274689,60.66539339653502,1.9281026720151457,76.71496089093829,0.0
2025-06-15 20:00:00,22.187208350776096,55.84750716349274,14.874349392038924,3.7699490489243592,0.0
2025-06-15 21:00:00,21.65766999381568,69.48736345784107,12.195256963365033,74.85793514300448,0.0
2025-06-15 22:00:00,21.491709225543783,75.63242454892861,5.221364088092914,25.570840589718614,0.0
2025-06-15 23:00:00,14.936464363828655,75.97661481797458,12.04104180974377,38.570867297352166,0.0
2025-06-16 00:00:00,16.22324008662192,81.12564643934626,3.53481856108242,81.70909329574287,0.0
2025-06-16 01:00:00,17.186426212449934,80.48085599154834,5.51382691588133,65.51210284301693,0.0
2025-06-16 02:00:00,16.943075790678787,81.82441873745773,0.08832280991637298,71.42310766296157,0.0
2025-06-16 03:00:00,14.676604740480595,81.91176169392152,9.284920158050426,36.76451669189523,0.0
2025-06-16 04:00:00,18.723689715800038,87.97588783853092,10.459576890577708,34.10825906865743,0.0
2025-06-16 05:00:00,21.140092331432854,75.14694989519646,10.24106168260097,71.16063612627765,0.0
2025-06-16 06:00:00,19.69600576505841,67.89281492309667,6.89063343969229,6.468731458157617,1.6709023653050643
2025-06-16 07:00:00,23.07154395377004,61.97539484851553,9.202421307201227,11.644682305823185,122.8592772691734
2025-06-16 08:00:00,21.9095403943672,66.37335154927345,14.342384504827118,55.16456370118519,144.1965493247671
2025-06-16 09:00:00,25.581446749154015,49.80703214352194,1.7435022983465875,41.154105751934324,235.85083829701733
2025-06-16 10:00:00,30.175606896063133,47.216344339642255,8.23732600745441,5.401198191434564,411.5550780621763
2025-06-16 11:00:00,32.36016342527546,52.75664013478623,2.515665215146688,49.99610907763282,277.1290139600141
2025-06-16 12:00:00,31.789049829338087,48.337659433830495,5.426355170593777,24.244780094870954,391.25085605684677
2025-06-16 13:00:00,34.36947233907047,41.98964244227285,9.132725004358027,59.08664421325647,238.73556929700047
2025-06-16 14:00:00,31.302005834244504,37.653688063200775,11.33740277574103,54.24030982399175,241.09069260749754
2025-06-16 15:00:00,34.998200468979334,37.25229397499723,13.86615442510336,71.04575252313498,151.25910058236664
2025-06-16 16:00:00,30.482243183723085,39.541450395010386,5.361656264168136,23.686920665436663,192.6243007400547
2025-06-16 17:00:00,30.237481967597958,39.66523664179948,0.24748428939292078,60.85621492904345,66.10589086098048
2025-06-16 18:00:00,31.0292963385619,44.2131188320317,10.147735026578685,6.009190202188219,4.236491416108711
2025-06-16 19:00:00,28.134975978075,49.40533340699615,2.53265908494905,86.77659917267594,0.0
2025-06-16 20:00:00,21.336835191173304,56.18928898005387,10.950151543681429,37.341631894336345,0.0
2025-06-16 21:00:00,18.962837287358404,61.39103293609324,14.288182283899014,51.918944563373955,0.0
2025-06-16 22:00:00,22.73077995060931,67.40753056505943,1.460944273699265,93.78956339009862,0.0
2025-06-16 23:00:00,16.633097232673013,75.87035702825511,7.244600305056211,36.62542449143294,0.0
2025-06-17 00:00:00,13.086281604337351,81.93063412160119,3.9096085194874237,74.4627938600981,0.0
2025-06-17 01:00:00,15.790892895388566,78.93602052554625,2.879159666047456,1.0733690218084013,0.0
2025-06-17 02:00:00,14.939883621100966,78.13822874061901,9.832951238890319,76.48881723556629,0.0
2025-06-17 03:00:00,12.791000100214266,75.01931007389823,9.775165141696846,52.970985180268215,0.0
2025-06-17 04:00:00,16.591692413904322,85.0858176139069,4.284967465061172,47.784134710688505,0.0
2025-06-17 05:00:00,15.57652387648218,74.04489436735656,1.253071794191254,46.64886941153168,0.0
2025-06-17 06:00:00,24.121951769636546,77.66080337045095,5.183119190909456,76.06708627996453,0.0
2025-06-17 07:00:00,21.119563625588366,66.0854800901087,7.872543525210166,73.656009650583,50.681167690615155
2025-06-17 08:00:00,26.19302273385618,59.664173565138135,8.200992513751384,6.058673703532791,242.08840476054584
2025-06-17 09:00:00,28.151219996340373,47.93993760494817,12.41212245734067,67.36917626381938,161.78749406853373
2025-06-17 10:00:00,31.19088693076126,58.43755381763945,10.453403550361362,95.76590560672773,105.48022445006485
2025-06-17 11:00:00,27.546953032365305,41.955769905165425,14.529146733687021,13.582995892289173,430.61366893109783
2025-06-17 12:00:00,33.78467535322538,42.76624364821429,11.901054693291526,76.42540301069383,185.86081840522505
2025-06-17 13:00:00,35.281354807493734,44.28956671352305,13.804397617584494,32.518323770212255,356.4198447046635
2025-06-17 14:00:00,35.77247893069089,37.116934402420725,11.702454398541557,66.481922928291,183.84942086842437
2025-06-17 15:00:00,33.96984333532174,38.72325380698212,12.13219743905046,90.71047485439851,94.53943697655427
2025-06-17 16:00:00,33.93762078461252,45.0407827400654,0.8722498969763709,11.578525046790478,210.36798030438587
2025-06-17 17:00:00,31.54711022776801,45.56752723489806,13.325752479049193,90.62438955571118,32.70254023123739
2025-06-17 18:00:00,29.34713902765473,37.58286814693936,3.2523630757188418,51.736198387016884,3.2675421625227723
2025-06-17 19:00:00,28.807358678140165,48.8584750071417,3.3728838147392493,85.86042860269323,0.0
2025-06-17 20:00:00,26.724180567728695,60.88283694329406,0.93842881252931,39.87175548167643,0.0
2025-06-17 21:00:00,23.85723558984961,72.48189170114912,3.0231450427870943,19.242505044561142,0.0
2025-06-17 22:00:00,22.098716540913273,62.0927190423267,14.341963829184763,16.810675876946778,0.0
2025-06-17 23:00:00,16.883435534699924,64.16463475662265,6.461371820234907,53.79573766897311,0.0
2025-06-18 00:00:00,14.92854172346205,77.55507469487353,11.056961929395413,0.7871765725363078,0.0
2025-06-18 01:00:00,16.54277028571608,76.94898397984943,3.826772227254289,87.83155573593713,0.0
2025-06-18 02:00:00,12.377042264335088,76.53296475216507,1.273367406475956,16.083368156939535,0.0
2025-06-18 03:00:00,12.809828698556142,83.12211905737375,12.533445476019104,4.5572241389774,0.0
2025-06-18 04:00:00,18.061777565924565,80.6801127393405,14.684649035271782,15.90817790815322,0.0
2025-06-18 05:00:00,18.198765511596406,81.54850575854114,7.752074949456237,80.39360538186217,0.0
2025-06-18 06:00:00,21.11475592087644,70.94054854101593,1.9675709582271623,52.859425136644525,12.911110175589675
2025-06-18 07:00:00,21.03250159386935,61.32623027389114,5.183293585624901,46.468347567622345,76.26555379152398
2025-06-18 08:00:00,28.045320352543424,56.21027006671875,4.151621345518199,4.143650874081716,239.10827046719896
2025-06-18 09:00:00,28.831370731902446,52.0773259865648,4.969401269461398,15.878221757067667,296.3884727073655
2025-06-18 10:00:00,31.041432135129604,46.466723785718294,10.4287334675756,67.54850527535125,194.97944558150022
2025-06-18 11:00:00,30.54541386473335,47.52478262630684,0.8467723594165583,46.040313140186015,308.5095850527663
2025-06-18 12:00:00,33.138007802759496,38.01786625707572,12.820608667071856,26.490515617727116,379.9083491869427
2025-06-18 13:00:00,33.74735453050478,35.95141406480448,3.034321762376029,4.09097446056591,452.8868536993946
2025-06-18 14:00:00,39.2641595081409,39.235400332399394,1.5980788122919065,27.182266704227175,326.5424322967691
2025-06-18 15:00:00,34.47978383025504,41.38125287295942,4.035568398151953,9.08065027854381,318.966132786435
2025-06-18 16:00:00,33.54420287108462,45.26080781281946,3.14847614204869,27.67120722948676,193.15648262819033
2025-06-18 17:00:00,35.37281205173016,51.33456196020931,4.923632393776348,37.7297810280841,97.40824736156681
2025-06-18 18:00:00,33.24172039918334,49.940503020525576,14.97385600970348,43.52677714736865,0.0
2025-06-18 19:00:00,26.298894556733018,53.42026238153061,1.0200452192770937,28.62383879741013,0.0
2025-06-18 20:00:00,28.596206883362374,60.14124739641334,5.713445093854624,57.63041379586677,0.0
2025-06-18 21:00:00,24.24056901228111,66.97895752664337,0.3963977653172851,48.73288275843053,0.0
2025-06-18 22:00:00,19.624093402506116,68.72519968966948,13.359214861466258,30.744131793668195,0.0
2025-06-18 23:00:00,17.719151945614872,80.66226536618427,10.531402078694876,73.18011535130822,0.0
2025-06-19 00:00:00,17.903334014639867,81.22301131799014,2.1959798316390717,81.66903858045968,0.0
2025-06-19 01:00:00,15.89873875409755,77.94442385920777,1.1222227671492269,28.732507174245757,0.0
2025-06-19 02:00:00,16.137856201156474,86.79163102034053,6.4908893742782166,88.85696992255748,0.0
2025-06-19 03:00:00,16.708342069758512,81.12874999804428,13.639549405041802,10.315772232836984,0.0
2025-06-19 04:00:00,17.508340542428655,76.61592952160083,5.021313933605473,41.322601168581826,0.0
2025-06-19 05:00:00,15.154941058840054,72.8300866418504,3.200936971925303,55.514132296986865,0.0
2025-06-19 06:00:00,18.494107704170375,65.90916211022875,14.613515235560856,63.90921348768978,2.8223463791115417
2025-06-19 07:00:00,21.548574860332668,64.31787206410826,10.552952947678687,96.56696700779469,28.429910864969216
2025-06-19 08:00:00,25.920294744504478,63.04649796100456,7.333201279868819,29.38047259401403,192.59025011228653
2025-06-19 09:00:00,24.687654596301947,50.938828071240074,7.2676576305174025,52.84805141733373,203.18010482344948
2025-06-19 10:00:00,30.57446622002826,48.2465814007119,6.005200025058243,41.76323667207769,289.591317944674
2025-06-19 11:00:00,31.205236857648806,43.64370758388863,3.8814642869851985,13.309538393291277,425.48254779171015
2025-06-19 12:00:00,33.0631754660016,41.1841656816035,3.1166043197700857,76.11328813295351,180.45832265625373
2025-06-19 13:00:00,33.02918973483891,40.46067223810769,1.583527674436881,98.55139189318834,104.53284117013817
2025-06-19 14:00:00,37.66669106195639,35.834170675792095,11.28003175690752,69.95871641906511,178.94572605196976
2025-06-19 15:00:00,37.18660153109887,39.79121064545859,5.851799958384311,49.94817716944502,203.45904775370406
2025-06-19 16:00:00,36.641164136280864,35.72849240918163,0.6643021967967749,45.527610666478104,144.69026679141453
2025-06-19 17:00:00,31.588442181121046,45.05902116592627,8.414978870700455,64.21338062670029,62.12127983197733
2025-06-19 18:00:00,30.277049562593678,56.17290612734801,0.7389069154620143,30.862651455244748,0.0
2025-06-19 19:00:00,25.23861920209123,49.60618768485547,3.957119002490874,91.70198059999286,0.0
2025-06-19 20:00:00,26.068100511107478,65.88815177892948,9.980008163138256,8.29409246237608,0.0
2025-06-19 21:00:00,24.413929248081658,61.204295151076046,12.734564301935686,44.45464504440243,0.0
2025-06-19 22:00:00,18.592153519941743,62.66525692164795,6.604209798143014,45.32324460448757,0.0
2025-06-19 23:00:00,17.712555559056213,73.53913796407559,9.219322045035577,29.024847098292007,0.0
2025-06-20 00:00:00,16.064278066775476,68.05877409845617,13.622998920266571,37.551451796239846,0.0
2025-06-20 01:00:00,13.621958516973336,77.20205852212052,9.047888020223713,73.13096345353266,0.0
2025-06-20 02:00:00,12.21745170843286,77.4350330356713,7.725690238755009,7.627225920499702,0.0
2025-06-20 03:00:00,13.918856587262242,86.66156355017841,12.567414212210538,96.70389103891117,0.0
2025-06-20 04:00:00,17.449218502811725,70.80248620255402,0.10892468095268726,94.21935870520096,0.0
2025-06-20 05:00:00,14.87079015514832,69.93853031443889,13.92814496286433,42.84867262370335,0.0
2025-06-20 06:00:00,15.7337813274425,70.47653080554231,4.428956904125819,64.87531126065008,0.0
2025-06-20 07:00:00,21.010974062433505,60.69251472658704,2.1145467497888673,20.617801558565517,98.90131375631096
2025-06-20 08:00:00,23.8030259395003,69.73071415376292,8.141520433069148,26.38623103744413,201.35449961020163
2025-06-20 09:00:00,30.404027162597437,54.662511348928035,3.734339827335858,44.51822208912832,219.39920488693338
2025-06-20 10:00:00,29.409304543826504,46.1985255378079,8.308231199327441,11.56749154302571,383.7976478187562
2025-06-20 11:00:00,33.333879476381085,35.832969468371104,11.824519815999208,1.832117500042163,460.63293439306335
2025-06-20 12:00:00,33.776715138638984,44.89849827062226,9.074766855586015,66.63108065819699,228.6608372262958
2025-06-20 13:00:00,34.35784222530522,42.57722973517954,10.893528501019366,9.58981957753089,426.08019061785205
2025-06-20 14:00:00,36.03794215660618,46.50439542919374,5.7776819770343,26.6654274220421,326.63596349683246
2025-06-20 15:00:00,34.15772978890697,39.38376131025846,1.9875620338905053,25.74070428527643,266.2239913664395
2025-06-20 16:00:00,33.532158058275435,41.48310361692006,8.636764894551494,65.6372417273142,110.13963135709746
2025-06-20 17:00:00,32.37867336941825,47.208575999803415,8.323444633522337,89.72481558396923,43.65577862597546
2025-06-20 18:00:00,30.581670542945325,40.70152610442994,4.403280584583987,30.087415112246518,0.0
2025-06-20 19:00:00,27.981669277641593,49.681568909635864,0.10873483524444838,79.42236573746153,0.0
2025-06-20 20:00:00,21.292136288582906,61.321456454498005,2.416151604722483,56.12001295243785,0.0
2025-06-20 21:00:00,22.04136733072879,64.83272261661831,3.133968395030245,0.1348184590190482,0.0
2025-06-20 22:00:00,18.21612747840435,71.88530593467372,9.421854319870418,87.85217328523642,0.0
2025-06-20 23:00:00,17.166468953852025,78.321933170386,6.428753081460831,62.33371678158406,0.0
2025-06-21 00:00:00,18.600988129046264,74.19921387394348,4.511835975934778,73.71193215542974,0.0
2025-06-21 01:00:00,15.313804322634624,81.2856789190813,3.2504151939235952,75.27058127430972,0.0
2025-06-21 02:00:00,16.239274490029437,80.94241689567163,10.28756870594257,77.97783185332997,0.0
2025-06-21 03:00:00,17.787410885119197,78.51587751941767,10.476158159177292,66.45175632347241,0.0
2025-06-21 04:00:00,16.95645230218752,79.34007407534786,3.485965584133326,81.75693122228547,0.0
2025-06-21 05:00:00,20.65627814623481,73.89861270078715,3.6301454027029245,63.9406338660591,0.0
2025-06-21 06:00:00,22.90641480425103,65.4629063439318,10.401950235035569,80.08144695660202,0.7318635048666482
2025-06-21 07:00:00,18.81404525869028,60.42544739092494,14.375996012504134,95.73620066057357,38.850882318079314
2025-06-21 08:00:00,25.706134132981283,57.47906970085394,4.470970544933197,54.36835482409478,137.007418694554
2025-06-21 09:00:00,27.52882299283365,54.726847887142654,8.290158226203792,81.48939506426134,123.60868256856762
2025-06-21 10:00:00,31.870242336123898,44.49631665057134,13.22988151306207,81.44794658991829,150.2285259376759
2025-06-21 11:00:00,31.325944256181586,35.28350203380767,10.044502265555288,13.989079995255938,422.7280546490679
2025-06-21 12:00:00,34.19709085837735,40.394377041352634,7.794843779337448,10.611577622571655,442.72356145295106
2025-06-21 13:00:00,34.80123307345896,34.75753320284693,13.538530446799365,67.30641288125902,211.7315633493735
2025-06-21 14:00:00,35.081305308892745,45.11277628911932,9.824044652718271,40.085607390595065,278.64365436444325
2025-06-21 15:00:00,35.219339036058315,39.91762882940038,10.061658013622283,32.77648089618852,246.3712530218139
2025-06-21 16:00:00,33.489330097912756,37.56191875310093,7.60582564072816,17.16307071634221,206.23283835751533
2025-06-21 17:00:00,31.11680763485906,39.69221912120525,13.606656387679442,81.96653572682484,44.33058246894893
2025-06-21 18:00:00,31.456327551727547,47.30130477503368,0.9243085381007299,77.520108658104,4.095973807763585
2025-06-21 19:00:00,26.36362875351241,53.0421404904033,14.149666478203898,65.85567269132864,0.0
2025-06-21 20:00:00,22.955308316776584,56.621076388064694,13.043362882532843,14.342978831151909,0.0
2025-06-21 21:00:00,23.73440194772783,68.61871851751988,6.571226610672143,57.22096365843876,0.0
2025-06-21 22:00:00,20.237221190977884,73.46650697839158,5.1197714416071305,92.65909328034977,0.0
2025-06-21 23:00:00,16.98373562117638,71.211959473282,8.176089685818472,8.667046853192694,0.0
2025-06-22 00:00:00,17.33344605971643,89.33320620283018,0.3635126122116933,78.52919319502578,0.0
2025-06-22 01:00:00,14.265905782273984,76.75335141452169,5.6865039937715265,65.98839476146043,0.0
2025-06-22 02:00:00,17.809778874723794,85.89861826371661,1.4868159702839367,81.68418300644788,0.0
2025-06-22 03:00:00,17.409965696033527,67.38427206708035,8.98537504154577,31.954127994040405,0.0
2025-06-22 04:00:00,15.86408437285337,82.9137353312089,4.688373354585807,6.3710424829659935,0.0
2025-06-22 05:00:00,20.58737168533879,72.58534473130382,2.4791757093033673,11.150418965927644,0.0
2025-06-22 06:00:00,16.335843030611,73.54159081314819,12.354777035322872,2.9453306498108067,1.6457262366971146
2025-06-22 07:00:00,21.902242687397212,64.92322640514782,10.238142143784813,61.66793902092531,60.131828845664224
2025-06-22 08:00:00,25.33006207001629,69.11448478001762,2.322027314162919,47.54590919720596,158.73942539789886
2025-06-22 09:00:00,29.550872183795477,58.69042222655999,7.32486053453054,30.073210436596298,262.23446701300054
2025-06-22 10:00:00,28.81356766971679,62.18412327447918,0.26765460108360895,70.66279411884781,189.7585401111766
2025-06-22 11:00:00,30.8373725773309,56.55680306785978,13.631952350362411,83.06702493483155,155.31924876474903
2025-06-22 12:00:00,33.51189195702324,49.76324895265757,13.56006685318124,78.50487646851309,177.44172805414632
2025-06-22 13:00:00,36.15244634591602,41.99189317465667,10.662996906248614,43.68564746943051,297.3302041113648
2025-06-22 14:00:00,34.881523362875775,48.50537202688638,14.077060612161086,28.751949922303986,319.34687151266536
2025-06-22 15:00:00,34.83600189617562,35.80744003249104,6.094614261392671,78.30745466032522,122.6911115637158
2025-06-22 16:00:00,28.89058145832938,45.688435860903965,1.086374184148215,3.8661706392470574,235.83864650491319
2025-06-22 17:00:00,32.320199149614346,40.33436527846873,10.099887771589032,70.50332449649898,49.16724322184814
2025-06-22 18:00:00,33.415082077162396,48.92521380495754,6.934697970017841,25.592358440179908,2.7752184227143264
2025-06-22 19:00:00,24.324695615816687,58.47979393170615,3.8511015151779926,70.34047941996869,0.0
2025-06-22 20:00:00,26.1290511677331,68.25992484863359,7.939626831109276,26.032813553607692,0.0
2025-06-22 21:00:00,22.581242722378697,65.82937104690328,4.488082048250697,76.06492759893439,0.0
2025-06-22 22:00:00,22.467217649893673,71.2330099662482,14.397251714366611,41.84486663163513,0.0
2025-06-22 23:00:00,19.920161078909512,78.37155116692591,3.6383663094870906,26.477617437098,0.0
2025-06-23 00:00:00,15.423376149846971,73.35298723825296,12.087332570141086,88.39311567811839,0.0
2025-06-23 01:00:00,15.692380345386047,72.82426840314633,10.159754147670284,62.05027064725957,0.0
2025-06-23 02:00:00,13.895004618854845,76.90204274940275,7.806279939829055,10.42318733101274,0.0
2025-06-23 03:00:00,14.890279331222478,81.631901763488,10.895331197479884,16.821008562462282,0.0
2025-06-23 04:00:00,15.31951551060138,82.47062303277582,14.763632973744263,43.79218536751686,0.0
2025-06-23 05:00:00,14.135246108780125,63.885723894728315,11.030805402543658,30.878407643631633,0.0
2025-06-23 06:00:00,21.60357269210692,72.77945169728511,4.9134115982777695,88.39909502826518,0.0
2025-06-23 07:00:00,23.919521465859653,55.07726624464661,3.192037999757016,89.44562221736767,39.328927114291204
2025-06-23 08:00:00,25.752947791949182,63.72580980097624,0.5965591146219668,33.58999201526306,174.70094421117412
2025-06-23 09:00:00,26.503177130472526,49.477891150267155,10.417841795120346,77.50757513635799,132.73878149759716
2025-06-23 10:00:00,29.81964738788784,50.68462291471804,11.305108399886716,23.877131419198573,343.46042279181296
2025-06-23 11:00:00,28.142534341080307,35.483717224697074,12.470348229589048,21.656110645822004,397.01630620851006
2025-06-23 12:00:00,29.30404248236732,36.15429916212205,6.678013340161431,48.33010038816108,308.2264120880666
2025-06-23 13:00:00,36.674866435609026,32.74144029769461,13.427863015747448,87.13602279124039,143.5701340339566
2025-06-23 14:00:00,35.8486480747923,40.64610148724987,11.643847621299997,7.159464735716192,401.93261723293944
2025-06-23 15:00:00,34.99952143145407,42.137270661945486,7.885273180039414,22.115659794273135,274.92009186062694
2025-06-23 16:00:00,33.693272070347845,33.82526822805434,2.251351795072363,48.386876567722936,146.03652986512208
2025-06-23 17:00:00,32.20381107697413,42.511250680506926,11.121184481626122,78.7968024396355,45.828400115830554
2025-06-23 18:00:00,27.70799975718163,57.6731842877811,7.00594341915086,53.403075161502755,2.551798982640664
2025-06-23 19:00:00,26.791238143919706,52.513068221223186,9.83742306705914,44.863573922115776,0.0
2025-06-23 20:00:00,29.219693048950454,58.93236982409433,6.6669385318143055,39.729442022287856,0.0
2025-06-23 21:00:00,20.72116696893434,54.1360262475353,11.775659640456546,47.60362726288043,0.0
2025-06-23 22:00:00,18.53887706440565,62.480180553242974,11.533560800579021,94.7945578375395,0.0
2025-06-23 23:00:00,16.642537499573923,77.16805310484568,8.929927945210672,35.35719552373776,0.0
2025-06-24 00:00:00,17.660326181987593,81.05626381890949,0.40876813716515137,19.638173683029546,0.0
2025-06-24 01:00:00,16.85784239128231,80.7892731924411,6.301050764069424,43.98335145656899,0.0
2025-06-24 02:00:00,15.642444646989382,84.03856367490823,4.37832615745019,71.06521993216155,0.0
2025-06-24 03:00:00,16.94784010494729,68.83219349336879,11.417529999784435,13.24762032696285,0.0
2025-06-24 04:00:00,14.076602837230054,78.50769094147911,7.432368135054899,62.79578735185428,0.0
2025-06-24 05:00:00,19.514238381105045,78.50974409806699,1.4911670951507183,1.0074425846161916,0.0
2025-06-24 06:00:00,18.125362679593135,67.79383199993552,11.116327964012635,20.442834884559936,0.0
2025-06-24 07:00:00,21.75073032935853,57.00013896375097,12.758636750781564,0.6545276882075957,126.59565902601068
2025-06-24 08:00:00,26.875633519860703,50.168382590639375,4.779546769700619,67.62143771328617,112.6391612058467
2025-06-24 09:00:00,25.819204707880246,59.693936565342874,6.094690988192639,60.388716197197745,178.33115795627774
2025-06-24 10:00:00,29.15044160270184,48.58141539528556,0.8772944291162577,8.954326883211483,388.1461290800565
2025-06-24 11:00:00,31.493291310623572,42.217764159763554,9.473737215431454,92.41870589801357,119.11554267160844
2025-06-24 12:00:00,37.222117147514,39.885349595343214,6.420261350412878,69.56291038986954,208.03903047450345
2025-06-24 13:00:00,33.297123113545716,48.475007493089805,13.797276485411327,74.17268227261023,197.3337223077277
2025-06-24 14:00:00,36.00300541889496,29.09911730997785,4.365635114589319,64.7655063977043,192.74427665723584
2025-06-24 15:00:00,36.332775364053546,49.35121512828424,2.028597043984253,11.329659137671456,300.9494401520068
2025-06-24 16:00:00,33.666439803371404,40.68660415958908,2.8280966742764524,24.49574127445475,193.79624108405886
2025-06-24 17:00:00,33.90798321401004,43.8958007746193,14.981650307638876,84.28671895974036,47.76668707105862
2025-06-24 18:00:00,29.105805549856797,49.86612300138407,0.7905367080411013,56.05227321693216,0.0
2025-06-24 19:00:00,24.7481442312989,53.487184681520496,4.826408593609017,98.60798649011133,0.0
2025-06-24 20:00:00,24.089222839943353,48.54592362633205,8.81941580134353,76.25973131237048,0.0
2025-06-24 21:00:00,20.80822701222657,62.98857031056247,10.786320450853019,5.699899173211287,0.0
2025-06-24 22:00:00,18.089179327188138,65.11197400781282,1.0988097153743976,55.34274583276999,0.0
2025-06-24 23:00:00,17.010987867076388,75.80695673688086,6.496228667172835,39.57951222494627,0.0
2025-06-25 00:00:00,16.650026767431136,78.07611424187341,14.723777675751265,37.78083562229996,0.0
2025-06-25 01:00:00,11.535328646313388,79.57588955116469,0.9708626051993829,64.12553713875285,0.0
2025-06-25 02:00:00,14.62098563403421,65.05643925620235,9.797160016274628,75.8809667124091,0.0
2025-06-25 03:00:00,19.67929019156663,72.07684305545821,14.664227141214456,22.942707970615384,0.0
2025-06-25 04:00:00,15.274714373102379,71.99049789950442,9.877929357064556,53.825637495171584,0.0
2025-06-25 05:00:00,18.15517414698707,71.9090158859096,14.464635267658089,30.140767460358063,0.0
2025-06-25 06:00:00,18.454066490909728,66.27380858053789,2.333707459286358,52.97189911482471,7.830260368336852
2025-06-25 07:00:00,21.57365395285228,59.68674802483189,12.34298022859742,4.948646694629744,121.98406397229
2025-06-25 08:00:00,24.245312329332357,54.840014112524635,13.580830303202546,58.80107342036889,127.25896972373025
2025-06-25 09:00:00,24.46782897096997,53.093054651263216,8.956912322553915,46.4435904206534,223.41964104873009
2025-06-25 10:00:00,35.74552522848324,50.565700158161775,6.742717437019648,83.86234384359784,132.34657033649916
2025-06-25 11:00:00,33.51720447402113,40.59847442081158,4.854278520493059,29.45022290691446,355.61500180486127
2025-06-25 12:00:00,32.222218270924174,37.734397664398784,3.087153058187421,56.84311739349809,269.4821909798532
2025-06-25 13:00:00,32.31935370609574,49.86893531707016,9.67610743512542,25.141038246050606,382.46325748010304
2025-06-25 14:00:00,35.28954957102345,37.52967071929533,5.492091509107949,15.056481809560186,364.02995119970706
2025-06-25 15:00:00,34.96508808849152,42.44136519564297,1.8566904655059875,58.837136327660076,176.96389046031823
2025-06-25 16:00:00,36.158826211820816,45.982946385177655,0.13397488499705623,24.38491771811456,187.67968964788034
2025-06-25 17:00:00,31.3663444550448,40.91905930222234,4.940052806360866,78.93592633445353,53.469238787448774
2025-06-25 18:00:00,29.047509593726932,52.801058863417154,6.389541718294152,8.258915976910098,0.0
2025-06-25 19:00:00,24.36281024693671,59.68338488321329,8.5178274744967,5.117178352255847,0.0
2025-06-25 20:00:00,25.00920906350745,57.34616058859747,11.52831732212292,83.46994251064,0.0
2025-06-25 21:00:00,23.101966219810432,57.735719221394156,7.530159514988027,95.49362451929024,0.0
2025-06-25 22:00:00,20.55590460314595,80.38902231970242,8.343359244521858,22.805709021592747,0.0
2025-06-25 23:00:00,17.44794743662064,70.03567211458406,6.1860052427469165,16.4835511985733,0.0
2025-06-26 00:00:00,15.759110637571704,74.12393639900392,2.579434617837295,40.140507442117126,0.0
2025-06-26 01:00:00,12.452311283119563,79.84939217707705,1.8789260052393542,35.895119983967426,0.0
2025-06-26 02:00:00,15.473303166747774,75.06515825132786,9.459561445873588,80.2321709217847,0.0
2025-06-26 03:00:00,14.687502070334462,78.67518219211114,12.244402953869264,81.29068957057002,0.0
2025-06-26 04:00:00,17.326990207544895,77.58461544441948,11.580942921854584,11.644058048623695,0.0
2025-06-26 05:00:00,18.003589009815858,71.18771989092632,14.336296715333999,37.47424969051805,0.0
2025-06-26 06:00:00,20.988639851089435,74.81663999378014,11.181129497498365,46.992558688578924,0.0
2025-06-26 07:00:00,24.529006706391,64.85591473168652,7.542551258250408,60.39891901505271,65.67293130202178
2025-06-26 08:00:00,24.862305080886923,56.59606562223539,10.31072909346112,43.446688320209184,162.16637482636798
2025-06-26 09:00:00,26.373778193071946,58.08797528428247,12.893349925042177,14.070697528608978,318.1617774634038
2025-06-26 10:00:00,29.663165832192192,53.51187867622729,9.615197183524694,88.22837614955503,123.50316461615517
2025-06-26 11:00:00,33.154922035141475,55.364639101914236,7.321202086817501,23.275145807617026,374.99493172640774
2025-06-26 12:00:00,36.21845256967667,36.08629431591962,14.1193595729616,22.70149442532955,402.1915471127607
2025-06-26 13:00:00,33.83546350609697,40.989654429707294,13.746150600230042,7.200753514351432,435.8555235215541
2025-06-26 14:00:00,37.60472541571505,39.01203685165499,7.42235032093112,85.18098733820601,136.09945714300204
2025-06-26 15:00:00,32.00431543516081,36.57351619459685,14.893880605550553,40.30119630732233,238.65493184995478
2025-06-26 16:00:00,31.3489938009485,44.60525381137126,8.935060504916835,94.43593481145174,48.412812385580125
2025-06-26 17:00:00,28.816254818631954,43.51344423291807,0.30988674993021714,59.358413051483694,60.116860012852236
2025-06-26 18:00:00,26.868805998323328,43.80937595217653,6.5551095012848135,54.78515172133351,0.0
2025-06-26 19:00:00,26.39172656028601,51.20042551016636,3.4438388464192404,29.44883466293895,0.0
2025-06-26 20:00:00,22.266343984843957,61.60334419775169,13.823090550334685,16.89437601821232,0.0
2025-06-26 21:00:00,22.331440428014524,77.71268882702581,2.8151083242124866,25.2078163912276,0.0
2025-06-26 22:00:00,18.879518531179592,61.22723681085592,9.148521392231268,49.91822786374357,0.0
2025-06-26 23:00:00,20.999296437052728,75.02835197709842,6.461285551842061,46.28101539408963,0.0
2025-06-27 00:00:00,15.140253210155786,75.96692205653879,2.690283124218795,0.7008921785727429,0.0
2025-06-27 01:00:00,16.467682247484692,75.79962547379338,13.125481142416676,30.649827093220637,0.0
2025-06-27 02:00:00,17.49947082580075,87.14197682647722,6.005354673757582,93.57041893978102,0.0
2025-06-27 03:00:00,12.25492961403253,82.27708646119906,11.975466160312504,87.02153013454156,0.0
2025-06-27 04:00:00,15.089281830065636,76.54351584210906,11.958556613717526,81.22149276597308,0.0
2025-06-27 05:00:00,19.24303086529346,80.85872583124203,13.060031851994209,52.475201976050634,0.0
2025-06-27 06:00:00,21.150481425326078,65.64971739260815,0.6781774222223991,38.13391889385284,0.9095037801185247
2025-06-27 07:00:00,24.571965752704415,65.38186398360864,0.6893385665564744,35.29568741082687,87.31401408034753
2025-06-27 08:00:00,24.99912883317806,61.1545002054206,0.15203919145754918,11.885319590136834,220.42920702481052
2025-06-27 09:00:00,25.88729079639614,56.376732221050325,4.512678311428187,0.9217526945032306,343.9973372712779
2025-06-27 10:00:00,30.347606079457286,46.34221126370347,1.185602603590818,48.335394489375474,260.132063677987
2025-06-27 11:00:00,34.26125007630449,42.73725709428341,11.625755499565306,90.83910196464228,125.56697910376579
2025-06-27 12:00:00,32.15793562336376,40.735884922829804,12.228882155712737,18.779398315237284,419.67416973382126
2025-06-27 13:00:00,35.613549836736986,41.670641050686676,7.858466142465709,32.52780901045224,350.2286875348091
2025-06-27 14:00:00,32.608779806032366,44.10930350056438,6.934998033193941,28.33642489161572,318.57171212029806
2025-06-27 15:00:00,32.475627431043236,35.47182184839709,9.393934728485897,72.87959270363837,136.15879110244455
2025-06-27 16:00:00,34.136750719643906,48.908594408233,0.1844152218468803,52.90954786836106,145.19390455457165
2025-06-27 17:00:00,31.541726845440245,46.73847630597594,7.785234684051967,94.14814011107518,28.93967855979125
2025-06-27 18:00:00,31.332079393868906,47.065160801608684,9.196804383445764,33.19442007629533,5.305361444192064
2025-06-27 19:00:00,29.66455866378014,53.0250417601764,1.9440345705901412,84.12108301302926,0.0
2025-06-27 20:00:00,23.07515368984025,56.32190687399293,13.592199907189356,70.21900290971945,0.0
2025-06-27 21:00:00,21.139877790282465,66.57249277601942,6.233175457103199,74.6110705747822,0.0
2025-06-27 22:00:00,17.775033905796448,72.22322690197964,1.145535627518126,26.227263745621055,0.0
2025-06-27 23:00:00,22.231855028416664,71.18684751859332,7.8357271398265125,60.891073008571475,0.0
2025-06-28 00:00:00,17.84406852149409,76.8127237231967,9.522474767922448,70.59689478610764,0.0
2025-06-28 01:00:00,15.461933714294199,79.67287424103915,14.352512611158913,66.33727379951571,0.0
2025-06-28 02:00:00,16.9688531682331,75.16895648961639,7.8128335960363255,67.23892968406304,0.0
2025-06-28 03:00:00,13.416515316285558,81.69728716053224,11.022915618086344,18.708757279225075,0.0
2025-06-28 04:00:00,21.32581957225005,77.41449827075543,13.29345882199862,58.49959358383232,0.0
2025-06-28 05:00:00,19.457059832598926,77.59392134051666,2.0471902935787374,68.46829540296885,0.0
2025-06-28 06:00:00,18.47009556820556,75.79889861239272,3.52296178947394,94.34811053036185,4.994361514411993
2025-06-28 07:00:00,17.47788743521778,69.97429896585993,14.191462382361838,61.586710047650726,57.63184605602301
2025-06-28 08:00:00,26.64970716570259,59.85290153028741,3.9015072614180135,23.99748823014578,204.25411420018057
2025-06-28 09:00:00,32.623707488003305,54.37245773095034,8.1171015377582,20.18099201752864,300.9413216111513
2025-06-28 10:00:00,29.01138162735078,56.51022801911853,9.205257082022733,22.086706169452665,354.04595659794177
2025-06-28 11:00:00,29.99377944703954,41.55560684693257,7.891244894280517,24.041879210772944,390.48265490261156
2025-06-28 12:00:00,38.90832244234579,35.05644346320891,7.500569886048,75.56065608915078,185.9539788116401
2025-06-28 13:00:00,35.453068753829655,38.60605072166195,0.4329236065340808,65.49658023777783,217.29007760518175
2025-06-28 14:00:00,32.564434209690255,32.51719072578972,12.70382218137432,84.42587190980537,141.46201408342188
2025-06-28 15:00:00,36.56132208052242,44.99412752234391,0.08596205132648693,21.961274773638696,280.7896244637733
2025-06-28 16:00:00,37.05660281801183,40.97690097448808,7.051280012283243,55.188166266615845,133.0766907302933
2025-06-28 17:00:00,30.532631151780972,43.31017573076243,4.007513974885407,9.814945711811996,118.18386845763438
2025-06-28 18:00:00,28.15683787756672,51.3286753528329,3.0390985047664336,52.39586055678852,1.9211800579529683
2025-06-28 19:00:00,29.755478348675506,53.204740869835085,9.94705729015346,34.58761238156017,0.0
2025-06-28 20:00:00,23.619325941075097,55.842047455109,8.448051891455787,38.98491466451988,0.0
2025-06-28 21:00:00,20.376462283092344,68.87798437156088,7.714183739036572,72.67674635797351,0.0
2025-06-28 22:00:00,18.31335323437247,75.11548903386195,11.678962648520587,15.068337882981265,0.0
2025-06-28 23:00:00,16.2798948878609,78.89710486242964,6.635747863444095,39.24224239860248,0.0
2025-06-29 00:00:00,16.450597153024905,67.97929817178013,12.37174475931273,79.67891303861639,0.0
2025-06-29 01:00:00,9.257659179497193,79.68664189647212,4.339650004319054,82.07482260399482,0.0
2025-06-29 02:00:00,12.99404924252724,79.40816175823396,8.647081524154714,35.59683854431616,0.0
2025-06-29 03:00:00,14.926957725360078,75.56591381155356,11.473661010404733,94.29825743058473,0.0
2025-06-29 04:00:00,13.87963045752539,78.93926725086112,6.631057061269448,60.46447349625315,0.0
2025-06-29 05:00:00,18.530001741064115,74.52920300422028,2.5857541426460195,4.387914168495765,0.0
2025-06-29 06:00:00,21.184890164487673,71.46958456331402,9.053533854128766,95.64903479522985,0.0
2025-06-29 07:00:00,19.643189472943202,73.65007272071762,1.261878907847584,63.38469270775043,69.91137423800616
2025-06-29 08:00:00,24.797047240913635,56.83648219093351,13.895026251634008,41.02346094107112,165.34565677073422
2025-06-29 09:00:00,28.79938199343961,49.25245902229182,1.7119763819834188,73.24703678189225,145.12475747984115
2025-06-29 10:00:00,30.96583418424038,49.17223523227849,4.766047897192239,25.100569432257323,329.9415377443557
2025-06-29 11:00:00,32.146325434109,40.27262253552025,0.12702172868011952,86.50066441869244,144.61580456208284
2025-06-29 12:00:00,34.2530452196991,42.51494216859822,2.0665727585479687,0.8666790500911903,478.6696375662372
2025-06-29 13:00:00,31.61555407542023,36.47890829723801,14.979970354817556,62.38272835307439,236.4159121755765
2025-06-29 14:00:00,34.48297068771948,41.07537227212409,11.97028362612244,48.62733574005883,254.37433066191593
2025-06-29 15:00:00,33.136282620451595,42.637283532807594,3.7334219527530865,36.95496010577693,235.27118342919945
2025-06-29 16:00:00,34.66227282901594,47.015179581722336,3.9660504741670257,44.15306017140919,149.51889017425216
2025-06-29 17:00:00,30.17155900152061,52.2672554818222,0.417566514905206,89.79758107314242,31.22289109951617
2025-06-29 18:00:00,30.324852593294754,40.082279079346,1.8981413274356584,46.640565601391614,2.56696348322103
2025-06-29 19:00:00,25.55808534874119,50.32149601918968,12.183500384617146,4.296611351762946,0.0
2025-06-29 20:00:00,22.373610727097365,60.62179897391849,1.8597115565065665,13.157758914661999,0.0
2025-06-29 21:00:00,21.585079377166284,64.88105476728087,0.4399827187154798,11.85562951613467,0.0
2025-06-29 22:00:00,18.565120591806586,77.20115473182202,8.116012319950206,33.28778099754669,0.0
2025-06-29 23:00:00,19.58605211882892,75.08690808709775,14.610886614169859,75.43728834611564,0.0
2025-06-30 00:00:00,15.354627308045309,77.85022836535343,1.6037271339973884,47.939453509186094,0.0
2025-06-30 01:00:00,12.412766616395452,80.98079951135279,14.626472193020884,69.12210358624685,0.0
2025-06-30 02:00:00,15.83835896121543,79.3400781482007,13.209764156710527,35.89549870491354,0.0
2025-06-30 03:00:00,14.620706224190783,84.88588220711122,3.0830377071755755,95.68243021662292,0.0
2025-06-30 04:00:00,18.89796983801898,67.10767027081837,10.576083910858905,70.11764163315071,0.0
2025-06-30 05:00:00,16.9454201240123,78.80766939154414,7.130536495526955,2.0859474852433,0.0
2025-06-30 06:00:00,23.63356663008071,66.54893378015741,3.33429651193869,89.1889115749799,12.24092232718933
2025-06-30 07:00:00,20.220687632007277,65.78841487674802,8.44740168614109,15.030755083654867,109.04033193729607
2025-06-30 08:00:00,27.215495038065384,54.969696853840276,3.800332455246342,65.10340200589442,117.70718688028985
2025-06-30 09:00:00,24.34780897980356,54.75878473592836,7.024389712392377,63.941398100107286,173.17078473881764
2025-06-30 10:00:00,29.316420736995926,51.85424470234825,1.34142269304242,48.19822786522842,253.6827273767753
2025-06-30 11:00:00,33.146742101116395,44.43306654939869,4.635288995388263,79.47709788273215,176.32755448055505
2025-06-30 12:00:00,33.876187375757766,38.48045527131023,3.604938934566901,5.2391623071275095,463.518637917139
2025-06-30 13:00:00,36.040019656584285,31.650601410672863,11.060926426518554,1.0826575673191896,461.4443220318143
2025-06-30 14:00:00,33.84315949556801,34.532245273729046,10.890535272845554,85.84863432685685,131.71296484211055
2025-06-30 15:00:00,34.88720754626113,38.43476069765725,0.5527957417417317,27.734327767139412,270.85087611280585
2025-06-30 16:00:00,30.583637014134503,38.70228475389345,1.9281657800947227,61.45740372588205,127.76016506795594
2025-06-30 17:00:00,27.880272160163607,53.020954085219444,3.2647088221092213,46.84251253267293,88.66986605723962
2025-06-30 18:00:00,29.68450599025301,59.61646623609931,14.027664478824505,63.399716552132915,3.663599477492058
2025-06-30 19:00:00,26.154048086512642,55.49195580460284,13.197044043445871,95.56678852732936,0.0
2025-06-30 20:00:00,26.095759389123067,65.71293993296898,14.784811535028027,38.300618482414386,0.0
2025-06-30 21:00:00,20.137502344082577,61.59317323865283,4.377982352884292,84.75992211938238,0.0
2025-06-30 22:00:00,21.11531547925232,66.11029038917988,3.894283101125125,15.958854931822797,0.0
2025-06-30 23:00:00,19.789016097603835,73.3731710667996,3.246314714999473,26.558681189100408,0.0
2025-07-01 00:00:00,16.968605964371218,70.34670476139428,9.010031491945133,8.87394875194346,0.0
2025-07-01 01:00:00,14.06396427549068,73.66400196559874,1.9452866451224737,15.397438985806989,0.0
2025-07-01 02:00:00,17.05936527767092,73.31276313903582,4.6046432876939996,96.01033584264796,0.0
2025-07-01 03:00:00,15.392844526424117,83.69267799161678,5.47012542997709,95.84543250439444,0.0
2025-07-01 04:00:00,20.440605960467952,76.00433473044413,12.968352936327236,66.34818343663493,0.0
2025-07-01 05:00:00,15.603854571888258,69.36440529522974,14.877942187790659,39.135867895280164,0.0
2025-07-01 06:00:00,17.113414464242176,71.60833605293229,12.857662950475413,62.36155179282956,1.7234151313390234
2025-07-01 07:00:00,22.02834478899749,57.97682025226533,13.618643613505434,26.882164817860865,101.4609866941318
2025-07-01 08:00:00,23.69182289551086,68.26408942981871,6.902163852962962,89.70371250246035,71.26416309774176
2025-07-01 09:00:00,26.870851709023505,60.09793862672578,8.353111768004656,11.658873260519286,318.3936671973166
2025-07-01 10:00:00,31.480927976442164,52.02715975038146,1.5864328946346724,47.53822753501521,258.27454612397406
2025-07-01 11:00:00,32.32239419484651,51.08363732851324,14.798874803941464,70.9490892182077,201.6875676677708
2025-07-01 12:00:00,32.829765621143395,54.18610724599578,4.24071102789806,7.466612778304316,453.7588911986851
2025-07-01 13:00:00,32.00502005098366,42.13451359984391,9.894208883578369,61.90908859290648,237.2488697086095
2025-07-01 14:00:00,36.00357500935903,42.94849932447853,14.57761605848865,64.85503073397328,203.40972509271023
2025-07-01 15:00:00,33.61071115683622,48.75514481242605,2.1588889490371233,85.78092866487911,109.59858679707563
2025-07-01 16:00:00,32.501970025186445,38.77754208780437,12.516992295136058,0.18509004189615208,236.54677923229187
2025-07-01 17:00:00,33.612881077768435,50.51705747023759,1.3488541603375082,8.291631569504275,113.76824293147938
2025-07-01 18:00:00,33.883519238014294,50.317774621855314,2.6202753910371506,15.88030552705465,2.4432431315735648
2025-07-01 19:00:00,26.378836566329724,54.99976901022143,1.022835262742157,83.59000004009557,0.0
2025-07-01 20:00:00,25.363023164144497,65.94417930260309,10.377227778010608,99.51878975341828,0.0
2025-07-01 21:00:00,22.308365168994097,62.765821214814096,1.2241103268340252,9.705575975643754,0.0
2025-07-01 22:00:00,15.50806326569193,58.39478457492625,14.536752667465867,35.74941684214168,0.0
2025-07-01 23:00:00,16.881754855399738,75.39286608538077,11.633466203891354,89.86899503915609,0.0
2025-07-02 00:00:00,14.382025852014838,74.60044511481401,10.827929994773708,27.4797919366108,0.0
2025-07-02 01:00:00,11.684547141601824,73.08635598428154,0.20115556423313974,6.455383430491657,0.0
2025-07-02 02:00:00,12.170475856524678,74.57991001332779,10.928415303490318,88.70525986242315,0.0
2025-07-02 03:00:00,12.975171039177635,76.69562484782766,8.07192112571791,17.089052407520498,0.0
2025-07-02 04:00:00,14.03905436187249,74.4233770147397,12.125923214403379,98.62841919527347,0.0
2025-07-02 05:00:00,14.43063370720579,83.18337153711376,2.6340374493715184,97.71933456499647,0.0
2025-07-02 06:00:00,19.663359962520108,71.93306065796573,11.727093017446888,56.570011728216286,9.798110205782288
2025-07-02 07:00:00,21.356496137508483,66.85974108346373,10.269178406914264,94.49593105628422,28.471055107966382
2025-07-02 08:00:00,25.203754984698016,57.71843399742083,3.1195246210823275,68.59450635643589,120.19587469836118
2025-07-02 09:00:00,27.722340101627008,54.80822980511757,4.414347631428509,99.38997000452747,71.37659413015547
2025-07-02 10:00:00,31.50947192317095,60.218279750410375,5.475368344757362,69.39605347363867,189.30525469221894
2025-07-02 11:00:00,30.789285405597774,42.73865781786106,12.489977654838189,67.21599780866421,210.1411534120167
2025-07-02 12:00:00,31.985789278486696,41.008154651537694,11.400543701721482,32.775507790879466,361.423360226706
2025-07-02 13:00:00,33.35131329461248,54.953008797746584,11.22269793374336,77.05830962828072,174.01801032493537
2025-07-02 14:00:00,33.38886990635798,45.67224938611577,9.45645934256185,61.505347019534526,213.60459000979776
2025-07-02 15:00:00,37.85505052445378,33.01967523035154,14.785960129909112,23.884660337981213,270.4248286688727
2025-07-02 16:00:00,30.972176942054368,45.259423307416654,1.3762765539531063,21.04549679148765,202.12811989166954
2025-07-02 17:00:00,32.252616127850935,48.36520185214776,2.942555819500141,86.77901620458806,34.13416101168584
2025-07-02 18:00:00,32.004285010713765,52.637584616842034,12.425082448453932,56.80961362075207,3.0713140298782267
2025-07-02 19:00:00,25.132311371714856,60.75339324673001,0.13849550430463375,52.07290030711385,0.0
2025-07-02 20:00:00,23.918642195028404,57.674676927857206,14.37634995016722,66.71418241833506,0.0
2025-07-02 21:00:00,19.927994882651184,65.52712578013751,11.843661550093353,28.757429763727693,0.0
2025-07-02 22:00:00,18.73171380624806,71.35517142819532,12.514971075961524,59.653712554187365,0.0
2025-07-02 23:00:00,20.14971172089577,78.40266966753937,5.049734501715444,14.973637992690803,0.0
2025-07-03 00:00:00,18.591269978608775,79.41715665207853,3.159786953842085,85.39161861115826,0.0
2025-07-03 01:00:00,12.066844071195328,79.93829166818232,0.46928741536725105,77.13299939827358,0.0
2025-07-03 02:00:00,15.386996164418699,76.48655573195579,9.806767621460175,22.940516471490557,0.0
2025-07-03 03:00:00,12.366657491146427,82.60849638208072,4.087971508281009,30.231681161932865,0.0
2025-07-03 04:00:00,16.066388013408943,81.59728416059505,10.489789071438626,26.329052632422155,0.0
2025-07-03 05:00:00,15.379422346887413,73.11824544918514,8.09537976157486,75.29164254051281,0.0
2025-07-03 06:00:00,17.372328898051244,58.287558592549075,7.358889918026945,98.13158989646685,7.096286257022144
2025-07-03 07:00:00,21.531503472299455,66.09709491029517,0.281418930819039,25.329452859676493,101.41499473286682
2025-07-03 08:00:00,28.104426999489654,65.02088064773352,14.05435239044231,6.17359127172612,227.3049329331188
2025-07-03 09:00:00,29.1649381656151,52.854316084041216,10.480351876787253,31.923701317058395,258.04724379467723
2025-07-03 10:00:00,31.353926430511383,44.745874716824396,2.258365036325916,56.122110806184544,234.70818058119994
2025-07-03 11:00:00,30.371605238641667,45.1999847981602,0.6282402390420372,35.387832791688524,344.0021063739817
2025-07-03 12:00:00,33.262084328702656,42.956538889538685,12.772144531636986,6.069290384878634,456.33733533844355
2025-07-03 13:00:00,36.29415443009451,32.859721405987095,0.8577556976765444,77.87082985645588,172.69600001827885
2025-07-03 14:00:00,36.7662283807758,44.96749032067264,3.877226511470596,63.989053048290714,196.991209868644
2025-07-03 15:00:00,32.34201542738153,44.61836984259534,5.625953856052654,50.632509417180685,202.34930566582406
2025-07-03 16:00:00,33.855334891764976,43.497130382152946,2.2531479290107277,3.6561335913636195,233.07460160201893
2025-07-03 17:00:00,32.674547208712845,41.05372449209968,7.932825261190402,62.03311341035752,61.053625144285064
2025-07-03 18:00:00,33.762116256795586,51.402329137217315,4.417158104737201,76.47798210814443,4.2587343149189785
2025-07-03 19:00:00,24.852863800471706,56.57867447116601,0.8792767472257257,5.84050343630863,0.0
2025-07-03 20:00:00,25.71259286016445,53.366311999934936,9.371401600843045,13.631698360308741,0.0
2025-07-03 21:00:00,21.260404320927588,66.72453119830836,9.502851742586076,65.14293570568833,0.0
2025-07-03 22:00:00,22.637175816104186,74.79786385804718,8.396428442275306,13.723619827525912,0.0
2025-07-03 23:00:00,19.403929611892675,70.86531946639207,3.420429270872145,91.2822090685041,0.0
2025-07-04 00:00:00,20.715104667125573,85.36777413704085,11.706955344237263,47.89572105876794,0.0
2025-07-04 01:00:00,15.000221392610028,73.02295989177156,7.0028560436784515,49.52937891682508,0.0
2025-07-04 02:00:00,15.728689381304237,76.82604406798457,1.2485807746853643,88.30403420333587,0.0
2025-07-04 03:00:00,15.96331225047346,83.17748288798099,10.877369775257234,89.39744874090995,0.0
2025-07-04 04:00:00,15.78385973437512,67.44872088302967,5.809340326719648,68.88407050016548,0.0
2025-07-04 05:00:00,17.052352802800986,72.0105251123427,6.604220743346158,46.25600789412463,0.0
2025-07-04 06:00:00,23.82981749180476,68.47859701855147,1.8249020268894645,2.346265923041402,0.45803828559843945
2025-07-04 07:00:00,21.87088987260338,69.51720006864699,8.28819857829115,53.8710739897282,75.29693440740003
2025-07-04 08:00:00,26.49095428289157,66.54714584855115,3.0217389542398037,54.95865203417829,137.78390379459842
2025-07-04 09:00:00,30.501585853676296,55.62663474128308,11.207462855853976,8.068803623140097,333.8254154697899
2025-07-04 10:00:00,30.933416477171743,56.346444921182666,10.383476043741707,30.81872567669822,316.43025643506627
2025-07-04 11:00:00,35.822561194630865,43.19810265510178,3.9174046367791666,21.00169187921135,385.5184592654592
2025-07-04 12:00:00,36.16800539622443,44.857392074964295,4.686720009794241,44.51925608512612,306.75118164651997
2025-07-04 13:00:00,35.48168287451568,44.118912581648196,8.79505601873,22.167279754946378,380.6205359825637
2025-07-04 14:00:00,37.26475603515764,37.453163919441344,7.3870228134990805,80.41776234221607,152.85299588164153
2025-07-04 15:00:00,34.306313905062225,47.07672314736258,4.817769467446409,65.6553272319132,158.66006491937162
2025-07-04 16:00:00,36.96396233012555,44.37946782329273,8.440005200758154,21.19760154134054,203.18408030417038
2025-07-04 17:00:00,32.756382977016614,49.79868363319561,2.645142108628771,92.41666630144849,26.376761677965145
2025-07-04 18:00:00,28.567408959332276,49.71668846689818,4.952540973597007,55.30540763564542,0.0
2025-07-04 19:00:00,29.948090937748837,48.6774913260172,12.279905769522008,16.74808455785788,0.0
2025-07-04 20:00:00,23.140606246180422,59.89828819562293,7.201737902206008,34.51714867202816,0.0
2025-07-04 21:00:00,24.351879192201434,62.07146062092587,11.8610457870642,34.267288146092746,0.0
2025-07-04 22:00:00,18.544400235826345,70.46142283804879,2.1057810352858377,50.5302875113111,0.0
2025-07-04 23:00:00,17.943686929949294,70.43574056424968,10.968231542127752,84.95565796371525,0.0
2025-07-05 00:00:00,16.538631546841074,82.89922405185847,14.981035190061997,4.276800832031147,0.0
2025-07-05 01:00:00,17.06997658619229,76.77418106457338,10.51461741433573,40.04659482010403,0.0
2025-07-05 02:00:00,16.989108654899095,83.94833077173209,1.0713258177269736,67.51958697155477,0.0
2025-07-05 03:00:00,17.109999185202618,91.09146250889756,5.132812266283695,45.561472340806155,0.0
2025-07-05 04:00:00,16.448348952347978,76.89379824625621,6.014922733615856,50.073873537419736,0.0
2025-07-05 05:00:00,17.592700876331904,77.90581636358661,0.8816678848454318,56.13381625334096,0.0
2025-07-05 06:00:00,19.470801428523796,74.58487123303051,12.990821947213043,32.1224291681092,4.042883387685641
2025-07-05 07:00:00,23.981209281305546,75.92815283846977,8.919809669568767,81.99476870092565,41.608031619095875
2025-07-05 08:00:00,27.2629082617769,49.35437582504677,1.0073655876609116,79.36239862295152,89.28632959667067
2025-07-05 09:00:00,29.772729034043785,58.6540947331493,3.348715849186749,49.71631705305627,206.1130394433547
2025-07-05 10:00:00,29.325509130593517,49.42973405708263,3.825378425853014,76.11084106637914,169.85148603973025
2025-07-05 11:00:00,31.898234469755586,45.04082901159746,8.080918240691762,65.77842074681223,227.7307194794485
2025-07-05 12:00:00,30.58987079918933,39.546100098620244,12.663848015264378,74.53812684132592,200.45191617049372
2025-07-05 13:00:00,36.33878822942452,41.91377551652672,0.2828950376215017,85.50516310449699,149.3004030041423
2025-07-05 14:00:00,35.10196579694164,43.57151595551464,9.768244812998844,31.09108002995097,309.46642910019153
2025-07-05 15:00:00,34.113624182528966,45.91515880373066,2.5893058282957195,2.943650443621193,333.37374648235783
2025-07-05 16:00:00,35.872259598245904,46.02466264530443,0.7796758328916326,91.15271883585052,65.53493804593296
2025-07-05 17:00:00,29.3729113561413,41.759501208740424,7.888968197978053,98.2981548512838,28.238183891660373
2025-07-05 18:00:00,29.53536452122644,48.85398016568645,8.777800913500153,72.1231755091781,0.47531837637603147
2025-07-05 19:00:00,29.09849386563433,56.271162445089686,1.255992051616177,9.389423024078658,0.0
2025-07-05 20:00:00,22.496119988602253,55.0498968276199,12.176339436457441,50.58631695802735,0.0
2025-07-05 21:00:00,21.45897689951014,64.57484743518981,4.151442943910747,23.724530687012248,0.0
2025-07-05 22:00:00,20.806427872906394,68.14798610891873,12.023609793760878,3.803969175857147,0.0
2025-07-05 23:00:00,18.023517973214254,64.13147496737203,3.52555877645187,72.9364863065891,0.0
2025-07-06 00:00:00,14.746663179201372,77.6539235709173,11.579464889701669,23.558898602584797,0.0
2025-07-06 01:00:00,15.24233796418007,86.74431520246708,0.15058987712205985,99.63937155346613,0.0
2025-07-06 02:00:00,13.790447276853532,85.92907876143113,4.119259817157969,80.89529843705522,0.0
2025-07-06 03:00:00,15.046069183952062,86.09596163304728,7.203915133730547,69.77952981223812,0.0
2025-07-06 04:00:00,19.17906131928064,77.48242086152264,10.14206876121607,81.9630922103435,0.0
2025-07-06 05:00:00,19.34621668746913,82.99354384613153,10.76336408913754,99.71392752198318,0.0
2025-07-06 06:00:00,17.492688629035218,73.28432749410143,2.1527668417211987,21.28085787925563,0.1446460837445841
2025-07-06 07:00:00,19.214989154140298,67.38717748045154,12.649712150335437,49.78993331018893,75.6513530443487
2025-07-06 08:00:00,26.360241769338685,54.883476359568284,0.523009130544751,84.19245915607931,76.17137103608657
2025-07-06 09:00:00,29.250195321474372,57.29798274650078,1.7878277384509595,73.10992754722251,136.78229994335143
2025-07-06 10:00:00,31.92562392748781,52.39373236149423,7.5980854049791615,17.474497432331194,362.8780913382087
2025-07-06 11:00:00,31.423106588590137,42.02015857647148,3.7109213404168875,61.78462364391785,237.22394796764232
2025-07-06 12:00:00,34.46680964339582,45.69956877395814,14.390647724565595,37.532722604742844,327.9205117803857
2025-07-06 13:00:00,35.390789597144845,32.958963933993154,9.322357348463608,41.772428101780534,306.0650207083801
2025-07-06 14:00:00,33.76712924510124,37.33353338993503,12.69430324238817,31.49396661744519,313.03467761944046
2025-07-06 15:00:00,31.242740633247067,44.55889358258974,13.305703403690451,59.20506260474651,184.53966514517862
2025-07-06 16:00:00,34.57953439606482,41.37455184232105,1.5258673213612528,42.839800273203025,159.79906002534167
2025-07-06 17:00:00,31.89354937951933,47.05891775141693,4.659030337851907,34.21490550999305,95.40066921463736
2025-07-06 18:00:00,30.741444441282198,41.20357695913841,10.989156772407977,55.51467551711482,0.9970860456312912
2025-07-06 19:00:00,24.224589004824015,52.0487159196425,14.201503844805892,69.04987707331706,0.0
2025-07-06 20:00:00,28.652734071601227,62.728226000467714,14.658986819055825,29.322625038003093,0.0
2025-07-06 21:00:00,21.59156728267767,64.53348061798098,11.029219818278424,77.11538771334112,0.0
2025-07-06 22:00:00,19.414663351304274,66.15057421742127,6.189481612425984,45.42550979505193,0.0
2025-07-06 23:00:00,18.52691033942834,72.66508837186548,10.767872830057783,34.43854345384389,0.0
2025-07-07 00:00:00,16.894753133268484,70.73231685320154,3.2248173893804557,36.096424851566375,0.0
2025-07-07 01:00:00,15.369062489376454,79.26035971489061,3.307397226859689,38.46888394886425,0.0
2025-07-07 02:00:00,14.597932719471176,71.23552871453566,11.365172002496456,10.53661940200421,0.0
2025-07-07 03:00:00,19.05120564459528,77.2418168237754,11.363006927383035,99.46581501877122,0.0
2025-07-07 04:00:00,20.520460498254238,77.02324463621545,1.6160444823476605,84.21853657206668,0.0
2025-07-07 05:00:00,19.386351940507875,73.79325454520456,12.457301636182724,97.10042181303558,0.0
2025-07-07 06:00:00,21.510768809376295,69.98343681032978,4.078534863657709,96.09037742125003,0.0
2025-07-07 07:00:00,25.61049814827524,60.2923321811033,11.406545940991426,94.02512600084486,31.359696194380884
2025-07-07 08:00:00,27.369828198162672,64.10605286080039,0.28007774672273555,16.076952537851696,205.83053170837232
2025-07-07 09:00:00,27.81509199933834,56.0684269361432,11.105808527484749,9.090367093539431,330.7414502979629
2025-07-07 10:00:00,29.751781278589643,49.64085782083646,7.249137232216463,24.195764006282715,341.1177251586621
2025-07-07 11:00:00,31.271402842553417,50.042830170872364,12.54659353697732,24.590285812219314,379.1597710889836
2025-07-07 12:00:00,36.11877205776576,36.68319668168071,5.74373269640885,34.79660255420095,342.68216966224605
2025-07-07 13:00:00,39.00666099675848,33.86262334136086,9.655220507636708,32.02319041370097,340.0078232644285
2025-07-07 14:00:00,34.522343076507084,41.19323667510689,10.228017863947287,78.8925318058184,153.4571845302814
2025-07-07 15:00:00,36.17317033819297,34.13051882186573,2.223775038887728,2.2091374797640673,337.9170108458597
2025-07-07 16:00:00,31.770314241435266,40.756076947404864,9.215333439275394,27.376402931719703,192.62091678265455
2025-07-07 17:00:00,32.2387983308572,45.99807571716507,4.435567499422852,45.13705650378146,74.97980706508969
2025-07-07 18:00:00,27.730132059291996,51.255109342326854,9.663204468604688,60.37862289179399,0.0
2025-07-07 19:00:00,25.507184557037938,50.62475095664671,9.197584543389016,11.447879268323291,0.0
2025-07-07 20:00:00,25.453823936132878,58.01340750145882,4.987000658369193,87.89468476171862,0.0
2025-07-07 21:00:00,24.09965425755891,61.28352439594968,4.209223454856946,45.61292788629133,0.0
2025-07-07 22:00:00,21.52582423526858,70.10598926798392,8.095973755607309,29.729992644330537,0.0
2025-07-07 23:00:00,19.646208404040575,72.57008707569562,12.281661866481722,95.08883114299894,0.0
2025-07-08 00:00:00,14.749446141246978,73.9273262112385,6.310285519669119,79.14523023063552,0.0
2025-07-08 01:00:00,18.351801823410817,76.74294101950878,4.448113582226709,45.485375435884734,0.0
2025-07-08 02:00:00,15.096402213237914,80.17447790943709,9.801102475231179,74.40712311299633,0.0
2025-07-08 03:00:00,16.97529995735787,75.5675350649459,5.554555182171861,45.27231455437273,0.0
2025-07-08 04:00:00,18.12229585241684,77.01572967011901,11.385814593123385,44.00712615881004,0.0
2025-07-08 05:00:00,18.60555022321656,71.0892880017482,9.904230581569253,66.84372037124459,0.0
2025-07-08 06:00:00,21.510608619605012,67.44440404598446,7.344058168445676,27.206090676201878,0.0
2025-07-08 07:00:00,23.092506495008287,63.46229693897458,2.948018432125303,97.37925838639026,26.872345444119897
2025-07-08 08:00:00,23.924031488478157,64.36520324256925,6.205228697778446,37.4444541356046,175.29374668184602
2025-07-08 09:00:00,29.04923312275827,52.7887020617837,4.115458256672425,96.49587419924666,93.77913232206154
2025-07-08 10:00:00,31.885983245926592,42.46543481152222,6.976458944909467,40.20729821247341,285.76778081080744
2025-07-08 11:00:00,33.1503452506436,43.55123193174067,13.927648246536188,92.71262728593909,119.16688351406444
2025-07-08 12:00:00,33.63376772728504,40.07396309165629,9.684430651902545,18.529437237335223,409.46712301818
2025-07-08 13:00:00,35.36753852477975,41.520182714535785,7.015172952991195,3.865619257889419,447.03471693036386
2025-07-08 14:00:00,36.72847988227412,37.53682698999295,3.345669876136915,16.201460930463142,362.7887210903701
2025-07-08 15:00:00,34.65517787447191,42.09881058473989,0.8304988951147535,18.3596119008943,284.79752706477274
2025-07-08 16:00:00,35.97301448784254,48.8894576421551,0.8859173977745177,8.983882833090684,211.71017254884026
2025-07-08 17:00:00,32.45835017950652,45.55677042009791,6.657711503871856,39.53280531100061,93.3954154873249
2025-07-08 18:00:00,27.809467134200087,43.62310844095075,13.730640122581681,0.6394201270701005,6.065022882283994
2025-07-08 19:00:00,29.0757184756584,58.02243459961849,9.209205208144416,11.298526129589614,0.0
2025-07-08 20:00:00,26.571404532729037,61.88026552672901,13.201872164607664,53.653350387824325,0.0
2025-07-08 21:00:00,19.842314463078594,59.85358030635879,0.582898437690883,99.73387704359878,0.0
2025-07-08 22:00:00,20.46775924637809,71.11178253812233,1.6415084777042326,70.98842456499406,0.0
2025-07-08 23:00:00,17.619332874037813,70.03126396379025,12.451038376683908,22.785651506813466,0.0
2025-07-09 00:00:00,18.490535389224465,77.43854022644065,7.798215771465603,66.72440999638567,0.0
2025-07-09 01:00:00,15.441985292274463,85.9139851640156,1.377319121328466,64.56038585474185,0.0
2025-07-09 02:00:00,14.334788004051385,82.03538540015013,11.567796823127011,15.753810789347844,0.0
2025-07-09 03:00:00,16.294068595794837,84.86615717726833,11.223092778861755,77.35061877296465,0.0
2025-07-09 04:00:00,14.88564615986953,76.69871505955768,8.193985392556183,60.235378100172596,0.0
2025-07-09 05:00:00,12.82006659670284,74.71672748801187,8.215525639935024,67.13772082298439,0.0
2025-07-09 06:00:00,21.181559187092112,74.93235547872239,0.3420148242745885,95.0369728314471,0.0
2025-07-09 07:00:00,21.001329925180087,65.65701782982845,4.010010581713988,94.1748951606962,25.923145301721366
2025-07-09 08:00:00,20.977518477677076,58.13353232558195,4.392874067604063,21.935766479207665,212.60404040614708
2025-07-09 09:00:00,26.9472585126346,50.59422487831651,11.50233996657823,54.5675149955628,204.1548791975341
2025-07-09 10:00:00,29.18606566751106,53.53233890915783,4.3219377719332055,73.61090035153232,176.41482355256792
2025-07-09 11:00:00,34.72798578415758,49.62808214112397,12.524353725237434,24.321043626364492,377.98467557324494
2025-07-09 12:00:00,34.88897171068602,50.568168328815595,13.248791884635507,8.860319036559627,436.83934511727864
2025-07-09 13:00:00,36.74502065822094,40.937500758321896,0.8469170287819139,21.985083343893507,377.1736162263235
2025-07-09 14:00:00,32.344569841909376,38.14468805048144,13.469321478638726,99.05281984416379,95.22037381407426
2025-07-09 15:00:00,34.88434896447054,35.384381569642194,13.980492289564861,10.31833920768921,308.9543737811008
2025-07-09 16:00:00,33.37230814351558,38.2806891555027,6.180954965085929,46.765110536832935,155.12382288640015
2025-07-09 17:00:00,32.22296424219636,38.65582494023485,8.501333157350109,53.21052082307578,66.227474269857
2025-07-09 18:00:00,32.34706183802913,51.6224305971935,7.713121548619909,90.57302874507614,0.0
2025-07-09 19:00:00,30.465822869138254,64.69741839710929,7.501737512798066,25.618816561941415,0.0
2025-07-09 20:00:00,22.703865493698714,56.42158280679583,11.355191741398366,62.56134835432032,0.0
2025-07-09 21:00:00,24.375566109958182,61.281958298075224,9.311582056799901,65.66339941368997,0.0
2025-07-09 22:00:00,17.94451498688639,67.72679389096359,10.509355117296973,7.4461300761557325,0.0
2025-07-09 23:00:00,15.23564206213098,81.71016827482504,6.959971204184409,88.4628028837678,0.0
2025-07-10 00:00:00,15.638883331395315,79.44297995108822,3.2148123376426185,20.317828601278986,0.0
2025-07-10 01:00:00,14.866846769667493,81.27171481046996,3.084459497645638,13.542700957170284,0.0
2025-07-10 02:00:00,14.888328638936915,85.23243567907365,1.056482220972873,87.54683668338885,0.0
2025-07-10 03:00:00,14.383061751435994,83.84410539582525,1.0829713500762872,85.33235190847756,0.0
2025-07-10 04:00:00,18.510025244266906,76.53074908287613,12.819354400016913,54.20109850127406,0.0
2025-07-10 05:00:00,18.523499815706817,75.51289613155483,0.577277215982574,56.05891841111781,0.0
2025-07-10 06:00:00,18.62084344700144,66.8645180248557,10.231629120124872,53.59882497370217,0.0
2025-07-10 07:00:00,22.719019718145304,62.288026102970115,14.158718970048952,24.433342267484328,98.84053314858582
2025-07-10 08:00:00,25.379300980423686,62.05271345739309,1.2607619001799475,29.58630115920101,194.64970457060184
2025-07-10 09:00:00,29.124796597321332,55.675853590284596,5.888606101926732,61.02493813256166,176.31385948192752
2025-07-10 10:00:00,27.736055683128768,57.07311179159125,11.256562601817674,42.808708086971016,281.78221625977494
2025-07-10 11:00:00,33.090769208672754,41.37476950248342,13.257402387701232,94.91472378907434,113.12433782199973
2025-07-10 12:00:00,39.332209737644924,38.56981522675101,3.805800685818191,84.37998277794404,157.1830203572601
2025-07-10 13:00:00,32.15047681109018,43.47503965563644,1.5469805290315652,33.656886793949106,342.5101513587184
2025-07-10 14:00:00,36.5093472938758,37.825405680165346,12.871060242433844,4.591795245184837,390.51592071574095
2025-07-10 15:00:00,37.308862096170266,34.78953687499995,10.394064969047426,26.388502379524137,265.2791690034345
2025-07-10 16:00:00,27.910305946485447,40.25670507316038,2.1873946739815486,19.22100521298994,210.33935943246544
2025-07-10 17:00:00,34.01968448776728,47.139992095134055,0.6941031789058927,62.98683750872397,69.15245067647272
2025-07-10 18:00:00,31.90677677949952,51.88175689498065,3.9640053440117926,68.95032714690242,6.905931993612916
2025-07-10 19:00:00,27.218821216830968,52.08125460617795,0.2359398273488439,6.234234665346239,0.0
2025-07-10 20:00:00,28.325073041837435,70.21024700380914,11.458334308768437,35.97879342058023,0.0
2025-07-10 21:00:00,24.490346479158145,69.63587194579276,0.832177768566707,10.23814242883514,0.0
2025-07-10 22:00:00,18.917997761356407,75.39755468507452,12.691316422218739,27.858548741020005,0.0
2025-07-10 23:00:00,20.962623550593158,75.57823321966498,5.978862767164224,79.28984430707584,0.0
2025-07-11 00:00:00,18.60672679538909,73.58439039128349,9.53289380532682,61.77961611572642,0.0
2025-07-11 01:00:00,16.452701534200415,84.16375502220032,0.5237213594906898,37.36804046679828,0.0
2025-07-11 02:00:00,14.910087787173122,86.25638590428983,14.104354132638184,16.48210310303755,0.0
2025-07-11 03:00:00,15.977484992146952,81.17277533640139,13.99844150385039,67.79288790569382,0.0
2025-07-11 04:00:00,14.578122961876485,82.99046396891066,2.9152124795726686,27.67296810079286,0.0
2025-07-11 05:00:00,19.858898853160873,73.75968858782952,4.420604086425303,44.59032325880465,0.0
2025-07-11 06:00:00,21.3004208662098,69.71135401599278,12.897789276220447,4.321351879225821,0.0
2025-07-11 07:00:00,24.29473196346352,54.01230490805342,4.501437430405578,97.4223016812274,22.354385055385066
2025-07-11 08:00:00,24.005416589532977,55.73485109526729,14.078436735321004,54.74554063733178,141.52002343160197
2025-07-11 09:00:00,26.436868577175993,47.503119804951446,9.588280691349963,64.96600233228716,164.31293303154186
2025-07-11 10:00:00,33.62285862305071,48.71431013889382,13.694337373521593,74.19388283020353,166.15039883508598
2025-07-11 11:00:00,31.675931999455578,47.199604740588164,14.964483945712981,14.108217450707894,409.87067623380364
2025-07-11 12:00:00,35.34176157188283,41.299663173479416,7.487201940841166,38.85963545469716,320.82019710095466
2025-07-11 13:00:00,33.92410204142302,34.48950583456523,4.766462535455781,44.750658875904435,300.737146089891
2025-07-11 14:00:00,31.70940460428069,43.611632840509685,6.997436091873438,94.50773089766767,102.40142284979561
2025-07-11 15:00:00,32.81129582836387,42.67297413690758,12.181059025360497,52.28959507009074,194.4018613435895
2025-07-11 16:00:00,35.46968472617951,36.697780669765436,2.7327511411519567,60.74653779071147,115.97887640103363
2025-07-11 17:00:00,31.789265968922738,41.58871952420054,3.99988661670661,20.271701934595367,114.9166641550339
2025-07-11 18:00:00,32.13089913777995,55.46765174718734,14.668054780702406,60.19741793690518,3.2098057393095036
2025-07-11 19:00:00,30.776866540803464,54.079101887764054,5.549741714856683,4.9202011992009576,0.0
2025-07-11 20:00:00,26.32378724196875,64.45332138230224,12.502917000648198,52.381598974006295,0.0
2025-07-11 21:00:00,21.682287917138826,58.00672835655276,5.642153540270246,99.93508194632126,0.0
2025-07-11 22:00:00,18.07082612149398,68.10080172025587,13.679409667285313,59.9285267988803,0.0
2025-07-11 23:00:00,16.705020938948543,70.38913225761853,3.7952957587996528,11.171715015330797,0.0
2025-07-12 00:00:00,16.78730898360873,77.04297272825947,5.3938432915825025,55.150037957853556,0.0
2025-07-12 01:00:00,14.883185441160178,74.9864323367645,0.6932558609309641,34.06205373226619,0.0
2025-07-12 02:00:00,14.759928665595512,80.9043255693303,3.5652283206332487,10.847766992082464,0.0
2025-07-12 03:00:00,15.01356871901436,85.01399574147491,14.756039479423098,42.9160213491103,0.0
2025-07-12 04:00:00,16.775028108496663,70.81912065841838,12.11303032010532,15.008378710206571,0.0
2025-07-12 05:00:00,16.4360700448482,80.7827228063764,6.663731227000334,6.892490757425518,0.0
2025-07-12 06:00:00,20.329974603404764,69.03307393189566,12.715588674718932,7.5799709032790545,7.790621706162258
2025-07-12 07:00:00,26.179320677584585,63.47898852326579,4.533509891404223,95.54361780974884,37.59444543808884
2025-07-12 08:00:00,22.622159373103223,56.619717201472476,7.442058382835972,88.60156310228308,74.82426737067036
2025-07-12 09:00:00,26.03942494758532,59.511569056123946,1.7829500867649801,29.72173892897788,271.1039949316508
2025-07-12 10:00:00,30.12374846729282,53.7799678564747,3.0739155579011843,32.96827433561723,313.6323469536989
2025-07-12 11:00:00,29.759645121892518,53.54203201214318,5.831295033333463,49.43763928580144,287.1517521730841
2025-07-12 12:00:00,29.490585363052396,33.27982758593007,10.843420764557182,5.175929478538954,471.00681076244877
2025-07-12 13:00:00,35.27168801352382,34.833047293615834,0.8079261540310329,27.58849964300689,356.1601557654093
2025-07-12 14:00:00,34.49602823426537,41.985360351067726,12.23073769825507,28.305550536681203,313.6688808215756
2025-07-12 15:00:00,34.33116320941279,30.617935445798302,0.709645489248274,5.825201226307975,329.5616679441418
2025-07-12 16:00:00,32.98734072375382,46.883019625673775,7.269107770142425,95.44162191343723,60.30921037370317
2025-07-12 17:00:00,29.20418225887475,41.465943136520366,12.501311782331591,10.885822197589123,128.92172862276763
2025-07-12 18:00:00,28.44727362984235,48.13992586221565,6.853259682231455,91.60222366667978,0.023103609829327992
2025-07-12 19:00:00,26.8353387990118,54.98868803389309,14.398176070784391,28.188279948806596,0.0
2025-07-12 20:00:00,25.799561851387466,47.792796438115396,12.052302749386854,86.5273630274856,0.0
2025-07-12 21:00:00,22.301860199584226,69.39724695431059,14.719031956868518,10.050190213547394,0.0
2025-07-12 22:00:00,18.325525156946465,57.43294241922871,3.2052325253359424,50.879407812660794,0.0
2025-07-12 23:00:00,19.349430527995388,64.19192377790034,11.0428323649332,77.98429234557825,0.0
2025-07-13 00:00:00,14.196513061577402,74.93154749962605,9.472423440877135,66.01859537827659,0.0
2025-07-13 01:00:00,13.050492749254742,82.62424825947821,9.65154653645579,92.81842004587388,0.0
2025-07-13 02:00:00,13.018866704286674,83.91048666572134,7.850900714591972,61.481239577112575,0.0
2025-07-13 03:00:00,12.25814039863268,81.35391499788567,9.60848767906054,6.910317777791041,0.0
2025-07-13 04:00:00,16.00142961971966,81.90204491588229,7.388102211403785,60.38424136807339,0.0
2025-07-13 05:00:00,15.802684310089223,68.3212956858429,5.952953606493318,27.705684324991463,0.0
2025-07-13 06:00:00,19.297197200876592,73.47114916715617,0.24573926567201643,90.1627740030415,0.0
2025-07-13 07:00:00,21.698355300779745,62.86714773373612,9.864406549878352,29.63844724233341,95.4236122829659
2025-07-13 08:00:00,29.278194683921935,50.96378865179494,13.354137401186668,41.06923763327364,165.46616566659245
2025-07-13 09:00:00,28.774430808738106,50.970349513745724,12.133586951614545,63.305799313944945,169.69848554157537
2025-07-13 10:00:00,29.79684047937274,43.88234179183678,6.20948275648008,67.60339491788616,185.46824325243745
2025-07-13 11:00:00,32.445847672966394,46.28930922858976,10.228731184585001,51.86199020411166,282.5651861311002
2025-07-13 12:00:00,36.21828301270828,48.640251216019394,7.901363381811063,16.60973384203137,418.3423259295211
2025-07-13 13:00:00,36.24776001095602,41.11442935074863,9.831084327581467,5.770079841332487,443.7804667848135
2025-07-13 14:00:00,34.16101807063127,35.65334382502156,5.996831525563431,59.985458213453846,212.3190366183429
2025-07-13 15:00:00,33.331342880417466,36.44232154378234,3.884435633492671,44.94921496075697,215.45362177350867
2025-07-13 16:00:00,33.44980769465047,46.630025366287796,13.804414202845301,61.72911474431684,121.6893563367897
2025-07-13 17:00:00,33.8050711483891,37.797889181632705,6.081207666250039,68.6900962630839,53.550871805407084
2025-07-13 18:00:00,33.08704445789523,47.4008696607039,0.37760622254086995,96.42827765059508,0.0
2025-07-13 19:00:00,30.763079093950854,61.357618947269785,3.474351400514654,25.82332300750435,0.0
2025-07-13 20:00:00,26.095141038457943,55.37436337373788,3.2382472383397527,83.9145157638974,0.0
2025-07-13 21:00:00,24.994191829213108,63.396536795702346,7.153830075402109,39.9105193022819,0.0
2025-07-13 22:00:00,20.896222147561744,62.73102826158943,1.1599037309395706,24.358815293438486,0.0
2025-07-13 23:00:00,21.560210590067598,73.64068210203743,14.90492074326546,21.118718232120195,0.0
2025-07-14 00:00:00,14.595547464292823,76.95933020193678,10.06562689282627,40.42719086225915,0.0
2025-07-14 01:00:00,13.92492011564516,73.71204903958268,6.777692702234263,5.3225163823788835,0.0
2025-07-14 02:00:00,17.17785521828279,72.25849755451598,9.078146484110311,80.26285604444303,0.0
2025-07-14 03:00:00,15.673019908886031,80.78767685437161,6.940503693029102,82.83899754072073,0.0
2025-07-14 04:00:00,15.138412921856329,77.64702638795136,1.591431860476749,70.41140902964331,0.0
2025-07-14 05:00:00,15.378225017795778,79.43217742929525,12.987114784311611,28.30525713365699,0.0
2025-07-14 06:00:00,20.794689890708035,71.79442415489959,10.256972301499106,89.61055919012412,2.924131352656458
2025-07-14 07:00:00,21.392719377911877,61.12207817362642,0.10749720178352296,25.50059432515409,106.01672917109177
2025-07-14 08:00:00,23.949943341000942,65.64629737667977,10.153666167370668,87.43153079894034,72.87439486739778
2025-07-14 09:00:00,25.548759700079177,46.572668839674776,13.891319052807123,49.83570923392231,211.11789096859206
2025-07-14 10:00:00,28.917049711755176,53.055088349130216,10.774161957448818,3.4279538372594676,407.56535788782725
2025-07-14 11:00:00,29.449386075318067,44.97796123352045,13.517910982796943,45.278369747494004,300.318791202532
2025-07-14 12:00:00,33.83546480376062,37.14899405429551,7.5104356905563865,89.50655191445365,133.47731328825606
2025-07-14 13:00:00,33.478079131765234,36.14942311724302,2.227348759811903,9.39950886294274,430.35498196664986
2025-07-14 14:00:00,31.94193697783723,41.3214520900722,3.117581818005795,81.1321379400051,145.3933036225911
2025-07-14 15:00:00,36.50757051529619,35.71954013484508,11.904491309497335,39.8912933131383,231.07313682680766
2025-07-14 16:00:00,30.26614021364477,35.65866865618346,0.3880443741971057,76.05803583143519,96.03027233968146
2025-07-14 17:00:00,33.69400675137659,42.3819846073362,9.099349068831737,88.33394250269065,43.75929634427649
2025-07-14 18:00:00,30.64416709112969,44.90232823020474,8.41186968206166,56.46771874561195,8.089532238462638
2025-07-14 19:00:00,27.31718554360223,58.15460784372252,7.6769994496607445,80.37890684786701,0.0
2025-07-14 20:00:00,24.615382680521755,57.56865727381944,11.407543389509812,17.372861243749437,0.0
2025-07-14 21:00:00,21.388573231598034,71.53565154995393,8.944002568227404,81.66820941980181,0.0
2025-07-14 22:00:00,19.134793351519498,75.79507482465571,12.690033959552713,64.75881194929025,0.0
2025-07-14 23:00:00,19.766167918637695,88.01546139625084,8.857437301455574,32.037089771443696,0.0
2025-07-15 00:00:00,18.302878953128133,84.34111148521735,11.336984712145028,68.98803393590147,0.0
2025-07-15 01:00:00,15.581874275841386,79.39382065783761,0.6806196429108485,46.184952252872456,0.0
2025-07-15 02:00:00,16.286791752624765,83.50022787266424,0.7256816759789075,63.13656182196923,0.0
2025-07-15 03:00:00,10.542177854699789,78.9590857045559,8.66358542645547,16.857891688617745,0.0
2025-07-15 04:00:00,14.867162969921178,83.89813468554796,3.2713764031335995,56.981704591217984,0.0
2025-07-15 05:00:00,19.959254314000805,65.74100829785122,3.893378768813047,71.63208436193139,0.0
2025-07-15 06:00:00,19.213574018280728,66.83817115538115,0.01462280927934434,5.419518714110206,0.4636383891411306
2025-07-15 07:00:00,20.376636772066316,68.89721573138186,10.769860509490005,22.600553075288545,109.26685810837769
2025-07-15 08:00:00,25.825436579048475,59.306790103066575,4.836390020553465,92.1828082659114,57.96667515754663
2025-07-15 09:00:00,27.41714019851869,61.66042957135773,8.691938677593127,21.71414423792636,285.308212438671
2025-07-15 10:00:00,30.282812445955496,41.468377130612005,2.2484537167183998,92.59916241451631,117.06686613048603
2025-07-15 11:00:00,32.40169481041344,39.661718953705694,7.889283384237448,75.87129246332731,189.68829140385165
2025-07-15 12:00:00,36.08009820018231,40.770759912546744,14.751545918362371,80.95830558278057,172.9652404787884
2025-07-15 13:00:00,35.36936847666563,35.81594728757393,1.5502778003506608,64.78663922704834,230.55553756317764
2025-07-15 14:00:00,33.348436713970486,38.99865587673892,10.211825780191013,96.70469477175348,90.83229709772819
2025-07-15 15:00:00,35.30868174580001,37.82216132052862,10.89483453183188,10.637342229767278,317.21351306041396
2025-07-15 16:00:00,33.139878710126474,40.736005887135654,1.4230256219330284,99.20116152185825,53.91076053065543
2025-07-15 17:00:00,30.709554287514926,41.46812248664078,0.9938833061253738,49.62318091738654,74.93598693302577
2025-07-15 18:00:00,33.40691620234882,48.0296394542955,14.785321006094845,5.772232962656377,0.0
2025-07-15 19:00:00,28.327949273282865,57.51822890267235,13.099639972871772,8.947161154690042,0.0
2025-07-15 20:00:00,25.254811753959274,70.69857819194962,12.367527270659986,55.20743309261273,0.0
2025-07-15 21:00:00,21.205642520635713,64.68009501900514,12.419893679174633,17.54084784170542,0.0
2025-07-15 22:00:00,19.797876390934935,74.59650303165566,4.175428897733458,44.70548242565858,0.0
2025-07-15 23:00:00,20.32738329501942,70.70736963148697,8.38419649629671,46.29602908658171,0.0
2025-07-16 00:00:00,15.360617848713954,77.8790052561263,7.639486772759375,7.765450732636536,0.0
2025-07-16 01:00:00,18.666604439904013,75.85397367840176,4.3759829815098925,52.963242248861896,0.0
2025-07-16 02:00:00,13.558727993608574,74.3324112718521,5.158957542135049,35.34494692160207,0.0
2025-07-16 03:00:00,17.219992380592174,75.75154655470504,2.5520317353820525,65.75762877370369,0.0
2025-07-16 04:00:00,15.351177161837136,72.21648020726094,7.125255789550655,68.2613344268152,0.0
2025-07-16 05:00:00,21.217301129623724,72.59655253537672,0.5080022483890173,76.0740530426095,0.0
2025-07-16 06:00:00,19.938213448845687,75.64790417792037,14.109977818102795,10.215359753245279,0.0
2025-07-16 07:00:00,21.076715029288593,62.589237444057595,13.15209722808443,80.64208483607487,50.050468569048455
2025-07-16 08:00:00,23.598341129741854,58.85999291202996,10.081276083367625,96.97311812524674,47.13892233485593
2025-07-16 09:00:00,27.57104905356212,50.644199826981044,8.626035489156493,94.2079101486225,77.30553006122102
2025-07-16 10:00:00,28.557255374944,48.768438359388185,7.198250770367491,43.555624394355,281.7891890740913
2025-07-16 11:00:00,31.974432315851715,37.7869551916476,6.960117807898555,78.66060838115312,171.3667125076356
2025-07-16 12:00:00,37.90581291060194,48.3838069592561,8.44269480903213,84.35845151260621,148.0336948079512
2025-07-16 13:00:00,34.81147750426992,37.26981766592396,5.700658995204916,90.96363191162696,135.15962256560144
2025-07-16 14:00:00,35.34105721722524,32.85546744829781,11.756240941544362,8.147211321881842,390.7020980595208
2025-07-16 15:00:00,35.487386880077906,43.362604324140975,14.408801544199276,75.4565869824735,137.037621148017
2025-07-16 16:00:00,32.198988852846405,48.91422067018416,6.838835895067147,73.44160216179515,101.42019059385092
2025-07-16 17:00:00,30.240661924076502,46.6226261605817,9.58484146793864,86.97638742244938,48.053753977804924
2025-07-16 18:00:00,27.065231015504104,43.453063002585786,13.419394933772466,49.04583654263151,5.706432316286409
2025-07-16 19:00:00,26.637496803321664,66.99556175391407,14.354388538363924,58.14772315984166,0.0
2025-07-16 20:00:00,25.258887337538326,58.34089317601481,14.711535315308598,79.27490451726635,0.0
2025-07-16 21:00:00,23.470898607213964,71.59168305188764,13.533601202261748,12.68739113186661,0.0
2025-07-16 22:00:00,18.28694080435521,68.89713456799883,2.6241604268847456,41.045693688023135,0.0
2025-07-16 23:00:00,20.980934416788827,72.71269866557343,7.393953360681343,48.29969141287456,0.0
2025-07-17 00:00:00,15.918909954394321,80.17453401920002,9.806162343155197,78.76413226353087,0.0
2025-07-17 01:00:00,16.138078755919807,79.97141874782706,5.411532877276397,57.68771673298721,0.0
2025-07-17 02:00:00,16.361141537903524,74.23329146847195,8.12043983224978,48.842858251255194,0.0
2025-07-17 03:00:00,18.0785950218373,74.2389396449707,12.698239523967617,5.421407212808937,0.0
2025-07-17 04:00:00,15.756301571791909,75.19899457980529,9.762437264385223,97.77666407102184,0.0
2025-07-17 05:00:00,18.868387962021757,77.54583213783609,12.341217260640757,57.78228972718088,0.0
2025-07-17 06:00:00,23.148403014890103,63.59502468480136,3.4956055127374968,3.1579473992697893,0.0
2025-07-17 07:00:00,23.09360399322912,68.99942914838229,8.830433797481506,10.530010005236523,117.46420163954429
2025-07-17 08:00:00,22.455455323048703,61.96497959666226,6.624958798818788,62.51329643846493,126.14727986645076
2025-07-17 09:00:00,28.737958737004792,57.48276817117412,8.083203440224555,2.009071123240902,341.9405900655488
2025-07-17 10:00:00,25.867299714318925,53.369344027401766,4.176248631722449,99.87041479039496,91.00143592570274
2025-07-17 11:00:00,30.549399484991408,46.98316389008194,10.563284359107296,18.49127169138186,401.5979710490586
2025-07-17 12:00:00,37.112828830565014,45.04147883991413,12.689398080510355,17.818261238759593,414.3899315356423
2025-07-17 13:00:00,34.05110189651177,46.13744253137926,11.923943486657693,45.79299966787755,296.7447408162537
2025-07-17 14:00:00,32.99868033231126,37.74582839929055,3.254106356313268,75.63794991169127,161.0690760946408
2025-07-17 15:00:00,32.051573961359445,43.33922938947018,0.37022868111316165,81.32874225300726,125.21523335821541
2025-07-17 16:00:00,33.95000800522917,39.78482660337147,4.917758647944673,15.25524099936556,217.1966331298515
2025-07-17 17:00:00,31.261018817770527,49.234386385106994,12.734955023927245,33.89357302180015,86.80268778978237
2025-07-17 18:00:00,29.303594713611925,44.50824445009869,11.95109068493567,99.50937297036869,0.0
2025-07-17 19:00:00,29.21307961055534,59.748215226562095,12.24251844944113,32.653629785387054,0.0
2025-07-17 20:00:00,22.294928379786242,61.0617057311274,6.3927808353468345,23.9706427016515,0.0
2025-07-17 21:00:00,24.518272563607628,60.36833242556704,8.874347335389794,79.11107233531777,0.0
2025-07-17 22:00:00,19.77397981388622,82.93829163042541,4.038225557423322,9.417811431099931,0.0
2025-07-17 23:00:00,18.344512316248235,76.14014349079537,14.630750954429507,57.75207005487643,0.0
2025-07-18 00:00:00,12.938444809754522,77.56743279869191,0.6219761235756538,98.77576112241606,0.0
2025-07-18 01:00:00,13.634556264054137,82.40964034081429,7.640515054770825,78.25553385483262,0.0
2025-07-18 02:00:00,19.595201371364784,79.12373869812689,8.40897431054097,55.1938700567119,0.0
2025-07-18 03:00:00,15.419938290012192,78.21850498460243,9.531949174841978,76.4527311341696,0.0
2025-07-18 04:00:00,16.106587383002406,78.3420999046525,2.132391710611725,58.230447886857775,0.0
2025-07-18 05:00:00,16.47630971873595,73.37641836320597,7.677664905798752,19.6531164817083,0.0
2025-07-18 06:00:00,20.424771130250722,73.91383013243625,13.330116273044336,4.297159539132367,0.0
2025-07-18 07:00:00,22.126752284746193,61.51608416199899,7.0693910124414545,80.09208992901803,37.022008419993114
2025-07-18 08:00:00,23.644780041440132,65.83290714591426,14.027587424930537,2.5528219607978686,251.45934178247936
2025-07-18 09:00:00,30.341815623979613,66.17445038865915,1.3108891513399312,23.861591173283735,287.10412111548885
2025-07-18 10:00:00,29.883465858273837,51.0926856146624,5.226333333457612,51.58507147339579,252.29485840472134
2025-07-18 11:00:00,34.42767754064378,56.1281332282373,9.210965475706656,38.13910074369701,316.1320021151811
2025-07-18 12:00:00,32.42181679019699,46.31180710650119,0.9421035902554697,73.6423435928083,211.55070230045288
2025-07-18 13:00:00,33.85976748450324,30.640065316984497,7.028156769125593,92.025614783736,122.58023576057153
2025-07-18 14:00:00,37.369981805501546,35.30546798564257,5.411887615776141,9.944974266206907,369.4691898531088
2025-07-18 15:00:00,36.17165097844933,46.121368293666094,10.985470448405058,92.85918500389785,90.98574999385198
2025-07-18 16:00:00,35.82109423040985,39.833583050866416,0.7857191482948345,83.72799833998266,73.46675048543979
2025-07-18 17:00:00,30.9014553026214,48.11540682956534,13.767985071147706,23.762916486838137,107.05092320985914
2025-07-18 18:00:00,30.35618104321052,51.30627684640533,4.84827374187926,54.67027935762895,8.47806186529665
2025-07-18 19:00:00,29.903895088576324,56.35883852881123,5.107439026837953,91.89546017747269,0.0
2025-07-18 20:00:00,25.7049846040243,67.6362460990247,8.649915209438946,49.90173696544788,0.0
2025-07-18 21:00:00,18.724882539859276,58.09125964240466,8.826955212578753,33.04726063126607,0.0
2025-07-18 22:00:00,22.33264204485173,69.45606841099527,10.8614008954883,91.47217274023059,0.0
2025-07-18 23:00:00,15.43397246773345,75.43655666031184,5.131389352079475,7.314581683681476,0.0
2025-07-19 00:00:00,15.884152774611643,76.14776990766998,4.041558880575218,39.43510758670591,0.0
2025-07-19 01:00:00,11.521151452263622,71.20300945956474,8.592992490945345,10.629687705337776,0.0
2025-07-19 02:00:00,15.15479499429871,77.77219269493872,3.94558974228509,26.764459160245313,0.0
2025-07-19 03:00:00,15.255186499468792,83.86352648134765,11.381771741439922,25.705347935963154,0.0
2025-07-19 04:00:00,15.96508914810009,75.65915843574167,14.333602792572147,4.818684935231654,0.0
2025-07-19 05:00:00,18.74426667683641,83.54135638676533,12.706194372945289,31.856969338779663,0.0
2025-07-19 06:00:00,18.524187190848917,70.77708257881079,5.537559060904382,15.540103211919787,0.0
2025-07-19 07:00:00,22.58594407388689,64.74322600898347,0.7014996215568109,91.390351830313,32.324520574871435
2025-07-19 08:00:00,22.7806041554836,60.59994079717778,11.632174122024947,65.44913758081891,119.60494446562022
2025-07-19 09:00:00,26.596783342043256,61.986135231007374,8.532692006912482,66.45776037025584,157.9185396555085
2025-07-19 10:00:00,33.006333893902095,58.53822506031601,9.734466205583468,8.700476501465415,391.99676707004204
2025-07-19 11:00:00,32.98049622163305,43.97102509095129,2.7963348588146717,6.071640900809994,446.0528617737913
2025-07-19 12:00:00,32.352058166484966,45.93313430191279,6.610164305047323,59.46531624213033,258.69992894763527
2025-07-19 13:00:00,39.50934886179077,38.25565382095514,5.107141344705578,8.532490790531844,427.1740464521413
2025-07-19 14:00:00,34.828069711115475,45.89654948901806,11.853655995064155,79.69673520369037,155.70095912447513
2025-07-19 15:00:00,36.23195749960256,37.84407041151993,0.3684140583780504,39.232490690245655,232.87945708917664
2025-07-19 16:00:00,37.10358879172066,43.092968893914225,12.183520877213338,5.1421411866625295,223.06941432660787
2025-07-19 17:00:00,30.05181589828863,44.7382663453641,8.057440943369903,46.10930146859761,78.5788439959801
2025-07-19 18:00:00,31.665575363916478,47.908270740432755,3.1679767874648066,70.11930463253154,0.0
2025-07-19 19:00:00,26.709837476009483,45.9309116501973,9.825545617909878,41.91656837350289,0.0
2025-07-19 20:00:00,25.21507568348864,50.96392280653216,0.44605889717079295,23.685610819860926,0.0
2025-07-19 21:00:00,24.141581052279935,60.71210414592338,14.739660448013462,22.924679439298245,0.0
2025-07-19 22:00:00,16.68262301249213,62.11977512472656,11.625345173964764,51.00431886306611,0.0
2025-07-19 23:00:00,20.289137083680796,75.98456170910657,2.298930718073401,90.4443608814906,0.0
2025-07-20 00:00:00,16.4762122500918,80.38918930166743,4.348396437552648,94.46859346010783,0.0
2025-07-20 01:00:00,19.037179939762893,91.87823070558309,9.302507700360279,74.97659634149157,0.0
2025-07-20 02:00:00,14.76065153932932,84.09456874712605,6.3836474060036315,27.291937913822185,0.0
2025-07-20 03:00:00,15.68953186565597,88.12619511956896,1.734335468744782,86.45393518837065,0.0
2025-07-20 04:00:00,19.20688167584322,71.80927396077799,2.2351707047571665,30.040681692404803,0.0
2025-07-20 05:00:00,20.167589454225116,75.77525429895805,5.90810550602555,44.32552072561706,0.0
2025-07-20 06:00:00,20.578084396086794,69.09862300221253,7.7143981518846365,67.77025568334784,0.0
2025-07-20 07:00:00,23.51163286088146,65.57148293996839,8.258377680359207,16.1244934303446,101.71535107433009
2025-07-20 08:00:00,28.41255282855999,55.734897178656084,11.932397467741074,34.005338851745336,172.48283556089683
2025-07-20 09:00:00,29.48224228537977,54.42274411018404,5.765405114853408,53.974304390567006,198.36065911030283
2025-07-20 10:00:00,32.20259615092054,49.37556094318814,5.807823536100273,87.59168464842311,132.90047141221342
2025-07-20 11:00:00,30.982801493884544,50.80448927323933,12.670201983570305,20.62748569516557,401.77284687800466
2025-07-20 12:00:00,33.84598873950968,44.64234698078298,5.26198941935223,61.40145833646448,251.42281205018966
2025-07-20 13:00:00,36.28073229900334,40.37886539023391,6.8748159519220495,80.03766868340816,167.98709566345474
2025-07-20 14:00:00,34.490779549191416,40.119078447939415,13.68612881401859,4.070414653489474,408.8657551307442
2025-07-20 15:00:00,36.411422684724215,44.262031131911584,14.627466354578546,74.2127523190696,136.1865659808267
2025-07-20 16:00:00,31.386870086832012,43.44614540887289,4.279304006764657,7.831798116802657,231.0178169989484
2025-07-20 17:00:00,34.000272696067896,48.402334680083605,6.644215509626152,44.7884007905334,93.53527831561077
2025-07-20 18:00:00,28.55833372690893,50.624841332662186,2.0096286580458673,38.52908259120789,7.127975143854058
2025-07-20 19:00:00,29.806594310927466,55.553102444014,2.7727224344544465,47.91391419448276,0.0
2025-07-20 20:00:00,28.357386447573262,66.93871745681616,5.946100799502058,20.59089863699617,0.0
2025-07-20 21:00:00,21.016183778815716,72.71576081248156,14.108925362788465,27.09737710492408,0.0
2025-07-20 22:00:00,22.147218191355687,67.4172035817585,14.109712526160443,65.6630146841999,0.0
2025-07-20 23:00:00,19.969169320611517,74.38714183780732,0.715554606764443,7.097400432998279,0.0
2025-07-21 00:00:00,13.460102249054128,68.91879380104912,7.092254422146189,92.44863382605314,0.0
2025-07-21 01:00:00,15.416338068657222,80.74711150525235,11.444369389820723,2.3860815437710237,0.0
2025-07-21 02:00:00,16.611150223908695,75.22626437991482,0.3391466427090517,35.09788974844517,0.0
2025-07-21 03:00:00,13.710680821091973,80.18867852869691,13.150330106288907,57.858673860104716,0.0
2025-07-21 04:00:00,17.696792368057213,75.60177027701616,3.2914697914227276,69.5399382385752,0.0
2025-07-21 05:00:00,17.147734944604657,75.71233907800824,12.007655718167513,63.97554159596458,0.0
2025-07-21 06:00:00,20.844155093999895,64.8614284672991,6.580625123314627,1.8598383717399636,0.0
2025-07-21 07:00:00,21.61486629058126,61.23640771316705,9.35485323151161,55.680373339667455,65.82497002424762
2025-07-21 08:00:00,27.35157822172409,56.93921316682906,0.9073968520498388,42.65028045170808,164.39862301746976
2025-07-21 09:00:00,27.183891682527527,51.98021835760833,14.600499737261288,54.0097393634217,200.98345995041316
2025-07-21 10:00:00,29.58523134974607,46.556806265979,13.149824318336309,28.360343612817275,323.4982506958581
2025-07-21 11:00:00,33.59805678343503,48.0126262549758,7.396470859040354,0.18384711769445783,461.81960549596846
2025-07-21 12:00:00,33.16655926023407,49.423571384047435,0.85940906547122,82.50772098827643,162.90575127000315
2025-07-21 13:00:00,29.904491097882865,49.12166403273753,8.653126415785815,62.744630075481936,239.1154826892191
2025-07-21 14:00:00,35.84510019041882,40.698773501443796,7.95635690776739,90.01180943199907,115.763403782222
2025-07-21 15:00:00,34.73419741930441,35.65563260891069,6.481672541405794,5.225445818851693,330.60548850615675
2025-07-21 16:00:00,35.39112902755055,54.50469465336308,1.7972954393002545,10.637755253945924,218.34097403247895
2025-07-21 17:00:00,32.261951379817425,49.38827911384844,14.559995487264297,84.29763007590614,35.82928096527613
2025-07-21 18:00:00,28.64540664426001,47.87169772632542,12.787226562155338,19.13487345721061,0.0
2025-07-21 19:00:00,33.489631481601194,57.210722098615584,4.742689944398647,45.89686732409133,0.0
2025-07-21 20:00:00,25.861119907036322,64.3029611032552,13.911209532752427,13.66550115470957,0.0
2025-07-21 21:00:00,20.27678611174846,59.66704179952936,0.4386065980486131,73.39983130932018,0.0
2025-07-21 22:00:00,20.464634122210786,72.32385693663574,10.159597148952438,47.16619300278529,0.0
2025-07-21 23:00:00,15.101028199045249,76.06070230519464,3.638461029369278,84.27844802122486,0.0
2025-07-22 00:00:00,15.42136463963229,77.87386635003774,12.344117699502563,34.45879405803689,0.0
2025-07-22 01:00:00,15.562583097350727,76.01665057625713,6.7535201421847555,75.2057541904865,0.0
2025-07-22 02:00:00,13.065663438258772,81.80812140209663,14.72108676770335,37.47024084055256,0.0
2025-07-22 03:00:00,17.010620746026888,79.58029297430912,2.608929634005581,91.03140304709288,0.0
2025-07-22 04:00:00,14.6850891328527,77.63610659435479,13.708023930124234,18.45494112429763,0.0
2025-07-22 05:00:00,16.78349941951872,70.93307290845713,14.940921086080566,3.4138372505570724,0.0
2025-07-22 06:00:00,22.937487095179875,72.05361597771679,13.403140997296935,12.68416428311352,1.8069521506105877
2025-07-22 07:00:00,20.282784960394533,66.75965109944198,8.124181493126626,19.208113226250656,109.78706720288439
2025-07-22 08:00:00,25.762572856549863,59.625799358566844,4.362083104925097,83.42796893235118,91.04280102550277
2025-07-22 09:00:00,27.02659782405934,62.658503428768874,11.754668220327568,56.777306606674,183.84157753047134
2025-07-22 10:00:00,31.029498468662105,52.14964661952765,1.5387892954427118,46.72394947070381,258.99449495847006
2025-07-22 11:00:00,28.851680891605593,45.67117092234559,11.380219776492332,45.719860073627714,304.66170528107995
2025-07-22 12:00:00,35.6619026654625,53.31749861712572,13.102041513098284,29.19288858493909,371.9222798726451
2025-07-22 13:00:00,34.89503197153306,39.358080033660464,13.535772193137317,37.72733791047208,328.6778146977787
2025-07-22 14:00:00,35.23398620896955,44.428941162369796,1.386545159549632,67.26706787267102,194.09531261319094
2025-07-22 15:00:00,31.740083766424135,52.0530556582684,7.294515163821535,36.43322638372195,246.06432361078257
2025-07-22 16:00:00,36.28876583050475,41.162433007400075,6.11134642904168,31.690158594929617,176.58680672443197
2025-07-22 17:00:00,28.401503494496392,43.202056520923676,0.9135839291675885,28.77976885009619,91.51919419722255
2025-07-22 18:00:00,32.49604568769356,47.116964202068715,5.319054906041817,35.25262690359904,1.150703260303975
2025-07-22 19:00:00,26.818397088055136,58.04078280141765,9.843084240578769,36.89348563974778,0.0
2025-07-22 20:00:00,26.412977425500515,59.00644375108223,6.174557035546487,75.47079129128336,0.0
2025-07-22 21:00:00,22.0979105455623,58.22753794127095,12.689798213079447,61.818884272432285,0.0
2025-07-22 22:00:00,16.591171850010294,69.53799436298512,4.809613974131253,89.04026849946585,0.0
2025-07-22 23:00:00,15.921950471251161,62.33892562301791,14.268521393546516,78.18982252998252,0.0
2025-07-23 00:00:00,16.802303319060385,81.591008319683,13.031134841303306,52.5740972570993,0.0
2025-07-23 01:00:00,16.73430191339406,76.15164677824882,7.742215688045755,12.410304905110703,0.0
2025-07-23 02:00:00,13.843319547224883,80.03851082854274,5.468551803219245,24.53572517329826,0.0
2025-07-23 03:00:00,17.534186576822457,81.86327731563269,6.901743796813436,34.39350625282128,0.0
2025-07-23 04:00:00,15.594729275030058,79.03427492192631,8.72619495901735,87.7974398619273,0.0
2025-07-23 05:00:00,18.466396266739896,68.73106593940388,0.7123644956682512,74.50542642431567,0.0
2025-07-23 06:00:00,17.908661551786444,75.56534653464333,13.319319483262824,18.882409402194146,0.0
2025-07-23 07:00:00,25.886773935777686,71.85974268515753,14.754797442072816,65.31403165969544,57.48112316394916
2025-07-23 08:00:00,24.902346834825988,62.749625059169624,1.2915324824565722,37.33562721172654,170.91826052510484
2025-07-23 09:00:00,25.87239921007785,61.96300720635007,8.76255352255029,98.68953835122345,75.98665638760924
2025-07-23 10:00:00,30.379450105086555,41.86923142557164,13.026062305282299,52.83263686977513,242.5484919027561
2025-07-23 11:00:00,32.488834084644544,52.02860431972809,8.663064162293454,67.75076575660617,213.89916172297606
2025-07-23 12:00:00,36.749284322423385,40.594736188640546,12.09875995546834,29.057183839317947,362.3475823884669
2025-07-23 13:00:00,37.08798644930556,34.45389579951819,0.5489664562264757,18.642511811031635,394.9458934957885
2025-07-23 14:00:00,31.60408139288536,48.09728797155856,9.646529779774891,17.90411606084229,360.1386580559973
2025-07-23 15:00:00,31.01590197670626,40.20685268206155,1.008498347649056,13.687979794473126,309.9713264433087
2025-07-23 16:00:00,35.40691807766379,41.581329849228254,4.383131000211667,95.23996283838409,65.76741190687801
2025-07-23 17:00:00,33.92559680977859,49.15577252563918,9.08346124247713,22.53610636364605,103.19494966046108
2025-07-23 18:00:00,31.084454308338383,53.59047402889277,7.2271220688297,93.15159143532877,1.735043790753562
2025-07-23 19:00:00,29.10217704519326,66.27328413662896,6.193296388787498,93.08707605811328,0.0
2025-07-23 20:00:00,25.908616234387512,59.63675064411347,5.341466810980922,53.62915937235005,0.0
2025-07-23 21:00:00,22.16510551676964,67.77525369827131,0.3817796214914926,61.0450338716994,0.0
2025-07-23 22:00:00,20.07441119235025,68.58738598184604,0.682743952268709,51.142739183189576,0.0
2025-07-23 23:00:00,17.62452876411841,68.59805946619983,12.647005833429532,8.676467818844513,0.0
2025-07-24 00:00:00,15.05937030901505,78.64927701880423,3.235227495508901,75.3376049084637,0.0
2025-07-24 01:00:00,14.717998066399247,82.91622411589431,5.554458882733449,48.019200515436076,0.0
2025-07-24 02:00:00,13.263559837103683,68.07974879415352,9.604654595127462,55.60260933642164,0.0
2025-07-24 03:00:00,15.964715011908961,71.14391113519382,12.16398446525371,74.33378271322076,0.0
2025-07-24 04:00:00,14.719948761700222,75.22431585582743,5.255428463580897,37.63118557668138,0.0
2025-07-24 05:00:00,14.375386508859505,79.06690013707758,2.4991551249995703,45.05644489585138,0.0
2025-07-24 06:00:00,21.432808403705256,77.26621091297326,10.66855065497172,85.41731122085227,0.0
2025-07-24 07:00:00,22.43140403845093,74.27712501473516,10.78380941758398,93.46155405548751,25.148068075865964
2025-07-24 08:00:00,26.71837425161847,60.75868006257244,5.4499805922471545,48.77823400854493,146.60691002541225
2025-07-24 09:00:00,30.651124809360287,57.53027220427734,8.760073550210915,29.402701429547008,264.2619776624247
2025-07-24 10:00:00,27.470229844795988,57.491081774120886,7.77314437205786,47.14091912736173,265.1697372534935
2025-07-24 11:00:00,33.14558707299384,44.056051704213395,6.484730960272967,8.677029853072204,431.5081399787486
2025-07-24 12:00:00,29.612803468087563,42.64746390650869,1.0643414899740962,79.23064211558277,178.80895285971113
2025-07-24 13:00:00,32.880056825760214,42.39966081848142,0.040713057545776477,74.39713762866951,187.60088694370205
2025-07-24 14:00:00,34.286442943847206,36.74071652842845,3.7364481302476333,64.06470369967025,213.69592510118298
2025-07-24 15:00:00,34.84420300275501,41.67611612177573,3.86882331971875,92.29394268177461,94.94836606407561
2025-07-24 16:00:00,33.647848849582445,44.46154413797568,4.105388191489104,72.35237973375973,104.1734815303651
2025-07-24 17:00:00,32.045113830996755,44.89992101210282,9.28542013937237,27.749447079958877,102.7455401935626
2025-07-24 18:00:00,33.61572609305273,55.13514052269192,0.6153503070790817,12.567373381871484,0.3558469380291882
2025-07-24 19:00:00,27.68178810644017,66.57888594873542,2.641129860329252,69.55713896058866,0.0
2025-07-24 20:00:00,27.433852763862802,56.90019816294045,14.606390004779007,89.85518847880843,0.0
2025-07-24 21:00:00,23.450375994711358,65.12099867978621,2.454616234636479,33.74361355805421,0.0
2025-07-24 22:00:00,18.142584804326585,71.8654063204186,12.567127042655951,15.751353917174814,0.0
2025-07-24 23:00:00,18.32329693313351,70.67301021941242,12.360906543377162,26.74695748362218,0.0
2025-07-25 00:00:00,15.410937596764386,75.95550464348477,14.830049574982793,16.855279665666334,0.0
2025-07-25 01:00:00,12.198091283647672,85.95176439307758,0.7261774244671748,72.22290426688394,0.0
2025-07-25 02:00:00,16.73589385788608,84.80841483969174,8.310530960604162,67.09780960371494,0.0
2025-07-25 03:00:00,15.747036345265053,82.11601890493458,2.5827319927047805,29.030040490245824,0.0
2025-07-25 04:00:00,14.472105106645317,67.5547372492811,7.184050601789628,64.43309575290618,0.0
2025-07-25 05:00:00,20.916310080898572,76.68102468393442,5.264715490127224,61.50347080413269,0.0
2025-07-25 06:00:00,20.58817161246512,68.57377079203246,4.204581624886761,64.0450694450719,0.0
2025-07-25 07:00:00,22.763208353334495,70.66621403331877,13.114991328877183,87.83820614961782,44.795296534946196
2025-07-25 08:00:00,26.683170061897783,53.49929726517021,7.032343391861719,71.92249478943326,114.54730800974872
2025-07-25 09:00:00,23.517344358449687,54.010531686656314,5.75791096065494,45.163835315328214,223.5632469531527
2025-07-25 10:00:00,32.21509240128678,45.28012452478092,1.749410014036275,43.1638525185347,270.2467566584921
2025-07-25 11:00:00,32.19512777507532,43.84967143820861,10.70574568509661,23.134344248487338,382.2896820561716
2025-07-25 12:00:00,32.73036002812958,38.042514344457274,8.303160224243191,23.408179327232403,394.9177287282299
2025-07-25 13:00:00,37.3978524010864,36.928294161973845,11.290295529064982,42.09234190944997,310.19488975896854
2025-07-25 14:00:00,37.95252876649127,38.40895635521495,9.830639900298848,20.663410015606843,351.98049009853287
2025-07-25 15:00:00,35.610339907607965,29.29524192950302,9.399234676777443,7.109255124082892,322.84526790140075
2025-07-25 16:00:00,30.800919475536283,39.58203587611502,2.778599448359493,38.577174319926414,169.86923892695052
2025-07-25 17:00:00,25.789413484622607,52.97994878138397,11.270004587106962,9.144157340607107,117.08751421738171
2025-07-25 18:00:00,28.340328013006552,47.329746015862995,11.859461611708982,40.71317756943335,4.037933593972423
2025-07-25 19:00:00,27.48831333827356,54.29106745871626,1.8812811882546798,2.7541836835315636,0.0
2025-07-25 20:00:00,23.552916527275745,61.20954930460477,9.325601921656704,11.206144312762301,0.0
2025-07-25 21:00:00,23.179510480086105,68.79841962239861,5.3211445552253185,37.21178589843669,0.0
2025-07-25 22:00:00,20.139295225625045,70.08517624379712,8.235389640428817,36.208765566960174,0.0
2025-07-25 23:00:00,18.13884841432386,71.45054224191519,1.804553332141266,98.43495821963865,0.0
2025-07-26 00:00:00,16.850524934506446,72.83665492301752,14.021409399784927,76.54953144950369,0.0
2025-07-26 01:00:00,14.146125608940634,81.77589300765004,14.002653996130185,36.058083517181714,0.0
2025-07-26 02:00:00,14.366643426290047,81.88704053564663,13.08321415772685,80.91959010490203,0.0
2025-07-26 03:00:00,16.019488634705578,76.89149139773758,0.618987522889129,21.60494600859102,0.0
2025-07-26 04:00:00,15.971237560880034,66.96769600791863,0.06214790641677903,40.607030426603465,0.0
2025-07-26 05:00:00,20.121534375202458,67.92721960146308,5.718303150227909,70.92041979616342,0.0
2025-07-26 06:00:00,19.106875291536095,73.42550142147327,6.085950843818141,39.08063949818923,0.0
2025-07-26 07:00:00,24.709776596831507,65.59160476087203,4.198646140091302,44.513527840927026,83.62532021883229
2025-07-26 08:00:00,27.349030131737962,63.40385639185714,2.677422115852039,51.172676544087516,146.58620873090118
2025-07-26 09:00:00,24.195015088064373,51.0504488462657,7.456692228091486,86.72070645030799,101.71174128527244
2025-07-26 10:00:00,29.540636748647675,40.51933856936494,4.671561384282129,41.414235175408784,285.8519870152004
2025-07-26 11:00:00,32.0289962635038,46.06524832775709,2.8283400495876716,50.667783639499895,277.87844805283015
2025-07-26 12:00:00,35.06085004856252,46.79659114966512,12.67836451872709,95.72728170039848,113.65500562673789
2025-07-26 13:00:00,37.48769392870263,55.630612177522096,9.77462151992623,26.25320949976616,358.9125506650323
2025-07-26 14:00:00,35.80113786816865,39.37805978359654,1.0497916599522872,30.567667164980406,311.0670059323719
2025-07-26 15:00:00,33.98815255717394,39.37840580273302,13.377214530479293,72.13299032327954,139.83567809760564
2025-07-26 16:00:00,35.333330036138136,46.84405410365464,8.099368172134975,88.99311138324114,69.59206186416924
2025-07-26 17:00:00,33.37585257350515,49.82865174110715,4.9885844778735935,74.90472108150065,46.447045753133594
2025-07-26 18:00:00,28.416635410340575,48.90822616690107,1.9216511188632879,36.97819364279874,0.0
2025-07-26 19:00:00,29.58132156475666,51.469031850715886,0.44043554557564535,46.08523706357689,0.0
2025-07-26 20:00:00,25.51436386151389,66.48253080639782,10.379312169063178,59.550965406687574,0.0
2025-07-26 21:00:00,18.10484158532676,73.71530483309881,1.114263767424153,15.00943983794948,0.0
2025-07-26 22:00:00,18.975561900092686,64.9865174476248,10.27220244752922,84.7543043539767,0.0
2025-07-26 23:00:00,14.4981270818399,69.89426900102171,0.1098930875090709,93.80638502154264,0.0
2025-07-27 00:00:00,16.334213244530737,80.2825115899383,3.690302719040388,24.65180909764935,0.0
2025-07-27 01:00:00,18.391130488073443,87.1364470347923,0.339275432055694,63.16465245277444,0.0
2025-07-27 02:00:00,15.085868857208427,78.02633486969188,12.552720298725477,9.863248504516775,0.0
2025-07-27 03:00:00,15.514584561381612,73.96006581494328,12.846236732277784,9.588254064182378,0.0
2025-07-27 04:00:00,15.842345779739684,80.02768023704029,2.9710273041967312,71.36998937755989,0.0
2025-07-27 05:00:00,18.132169601460554,74.77894843787958,12.860219063212673,70.36423560082966,0.0
2025-07-27 06:00:00,22.528910604548127,74.61139805333175,5.831610141600114,37.31759349757965,0.0
2025-07-27 07:00:00,19.871184988893393,71.49425532406158,10.898955656319691,59.54370382535169,86.0267232293476
2025-07-27 08:00:00,24.695983114298535,66.05678556429326,4.478288701902738,5.285928137191864,248.60143031168982
2025-07-27 09:00:00,29.66404058008996,56.611376814802384,9.19916031003841,55.66759138856121,196.51118962246952
2025-07-27 10:00:00,29.158012624055928,57.047513590028146,8.51535532325472,51.09238013163379,247.2439584488063
2025-07-27 11:00:00,30.95566206051193,40.89132177147103,6.572462888309427,43.146174567136775,312.59673527648147
2025-07-27 12:00:00,35.893653692341246,43.31471814214419,13.254866027663086,31.308470236501208,361.0830139576943
2025-07-27 13:00:00,31.383302113801918,46.28682704083098,5.687040833553771,6.690146792932417,447.0527605289659
2025-07-27 14:00:00,39.267698107622614,39.081650661139385,2.222970276614312,45.14422164846079,265.4104126031025
2025-07-27 15:00:00,38.071743141439796,38.227020701153414,12.25463994378323,41.283139322981775,217.16340727278052
2025-07-27 16:00:00,35.84307529332845,43.02166140661572,6.080095403886593,79.81143451235039,90.94076379661611
2025-07-27 17:00:00,31.677132409355863,46.19583974859059,4.639223444528986,12.250052636648745,115.02355721250228
2025-07-27 18:00:00,29.511813038527713,46.935739435648216,11.28608658883794,79.17295558879776,10.491047250953892
2025-07-27 19:00:00,28.35741062915262,61.01197416665091,3.352943115751159,34.07551550536321,0.0
2025-07-27 20:00:00,20.19426376417335,65.2695695199295,13.425174406642784,35.37946341064786,0.0
2025-07-27 21:00:00,22.83461585026283,65.45473672514768,11.719265362727835,94.6834379176031,0.0
2025-07-27 22:00:00,17.752164121490715,68.57652971881208,11.078871655678563,71.87500099103788,0.0
2025-07-27 23:00:00,13.122330670710923,72.10067235428752,5.69131294588115,99.82662523655567,0.0
2025-07-28 00:00:00,20.702876290253126,74.90720697527753,0.8955115076506903,33.84396927473314,0.0
2025-07-28 01:00:00,14.913146780683961,81.5026053367751,1.6868774030048765,6.535598953786426,0.0
2025-07-28 02:00:00,18.714535925854285,73.65858008759875,8.983368982381242,20.012405177899396,0.0
2025-07-28 03:00:00,12.49727828298595,79.79536972478905,14.360353798932735,99.74780703988716,0.0
2025-07-28 04:00:00,16.660008110186176,75.0235756398642,7.199722942269314,28.87503190484647,0.0
2025-07-28 05:00:00,17.374243055855114,69.44561519640568,8.951007796497734,43.87042749987808,0.0
2025-07-28 06:00:00,20.261466708196515,67.02967754769728,14.898204511763966,64.3297601330651,2.110052847579847
2025-07-28 07:00:00,23.77514659874856,67.16817583659014,9.17028366994454,64.59226505261076,58.6804926873485
2025-07-28 08:00:00,27.71116563572858,70.27684246762415,1.0948132577499474,61.99820516918945,124.69944072345088
2025-07-28 09:00:00,27.301114063734275,54.02601583950642,6.121166470675318,80.99239607734658,121.35184962532375
2025-07-28 10:00:00,28.471428571842708,43.388035055578705,11.344789634873498,44.49082729522552,274.9577328468777
2025-07-28 11:00:00,32.91271492703953,43.34605488392016,11.193252613436085,82.25248230216334,155.07068139661968
2025-07-28 12:00:00,34.004120286101184,46.191331514184995,10.300061087034706,28.804312828337252,371.89191393643193
2025-07-28 13:00:00,37.22801188322519,32.26087048006991,10.977486802085698,18.156183196862397,395.7178477028579
2025-07-28 14:00:00,33.47433385859429,38.52911067155046,8.076044159792414,6.472545767864246,393.3605628803141
2025-07-28 15:00:00,36.678706152731195,47.88820815217932,12.577034101972934,53.28116859345653,191.8762826145488
2025-07-28 16:00:00,30.002104148291675,41.345132082751434,9.875608880117278,42.8685868787391,158.68849657569262
2025-07-28 17:00:00,27.84618355928635,53.021217891345344,12.457136853409466,0.8353236853719914,127.62093706454608
2025-07-28 18:00:00,31.464959670504385,44.75130698381959,13.095267474239854,23.681200668064296,0.0
2025-07-28 19:00:00,24.98291917763808,64.55012012826765,6.265184621806096,80.27933575304196,0.0
2025-07-28 20:00:00,25.11261916510038,52.12982749876356,9.991043344300335,83.48470822440133,0.0
2025-07-28 21:00:00,21.462517253058323,66.17883078939538,10.92647159833317,5.3109787473484715,0.0
2025-07-28 22:00:00,24.699072112809887,68.76977889622107,4.836541864509636,53.64782541992143,0.0
2025-07-28 23:00:00,16.839064895156245,68.63963499914576,12.598475351335406,53.94132595090802,0.0
2025-07-29 00:00:00,13.782036676854343,79.72405319596636,11.217056670924133,44.80395034096401,0.0
2025-07-29 01:00:00,14.693674394710394,79.00004755168142,6.406303952418863,39.356554211943475,0.0
2025-07-29 02:00:00,19.23372937436797,82.2158566637004,4.177797737566273,98.27183016103038,0.0
2025-07-29 03:00:00,16.443672920826856,82.49786754755374,9.064097642002471,24.131373385425945,0.0
2025-07-29 04:00:00,16.406816352731678,75.18513006123605,6.491264757851945,50.453249323496294,0.0
2025-07-29 05:00:00,17.676191634150175,71.16206744431513,5.548442595307636,62.682909869751825,0.0
2025-07-29 06:00:00,21.323110472245016,68.91721622825561,9.210159761040524,37.72863945754834,5.799238090785989
2025-07-29 07:00:00,23.952387189359552,61.72618611764883,12.481999716681802,52.77757180633493,69.739554740212
2025-07-29 08:00:00,27.753616067872528,55.55167806476237,0.671477337214601,44.70563847045259,152.84139317008214
2025-07-29 09:00:00,24.54249889921027,51.63490898140311,3.995791647040794,93.51957241812798,91.50336807308945
2025-07-29 10:00:00,31.828126286655404,50.95361392863698,7.033047922408148,16.786344750261208,362.9585558602859
2025-07-29 11:00:00,32.37875526988524,42.511296688872235,3.4120925077333206,78.78310648537452,179.56225247332927
2025-07-29 12:00:00,34.050375810257215,45.416827320233445,11.475364301744545,7.1346384322344525,451.56820290011655
2025-07-29 13:00:00,33.80463284738569,42.78999164198734,11.338877412414853,33.5062679527509,339.9141436622712
2025-07-29 14:00:00,34.18822295615449,33.52372619468858,9.84582385941639,4.282695189619923,399.23739406406395
2025-07-29 15:00:00,33.70228953522889,42.92438416352546,4.541377397059944,31.974737028585608,251.74591182937763
2025-07-29 16:00:00,34.18227950460411,46.575945340694794,1.7286852510528172,52.664333930807906,139.72555694092935
2025-07-29 17:00:00,31.24735594855016,44.78153420412468,5.478433730560195,38.83017379603294,88.53643465722128
2025-07-29 18:00:00,28.153560782614246,55.25409777904346,5.745477721326414,0.08337020912112525,0.0
2025-07-29 19:00:00,26.656809718755575,56.970125253307636,5.5958305719453225,28.960523571917328,0.0
2025-07-29 20:00:00,23.05990749597287,55.40686168308684,8.19745854628129,67.80707016224646,0.0
2025-07-29 21:00:00,17.39409428842435,64.14176341799876,4.099935552130665,1.6137510367553065,0.0
2025-07-29 22:00:00,23.71707687587019,65.12910325604413,5.8223801863908795,25.229689122459465,0.0
2025-07-29 23:00:00,17.0986396475773,73.57923284066783,6.306940829433085,25.629066119823808,0.0
2025-07-30 00:00:00,17.10127083840971,75.96614715530409,2.93749903786443,91.977023383132,0.0
2025-07-30 01:00:00,17.494002014545046,84.23247080388771,12.351395144476447,90.14702539658266,0.0
2025-07-30 02:00:00,14.773957266876165,80.72954609286559,10.14045169410196,41.8587322996813,0.0
2025-07-30 03:00:00,12.227811019513025,79.24370266097445,4.2258566361619065,19.706783274440387,0.0
2025-07-30 04:00:00,15.690759316982653,74.81776130399359,3.5522671865943014,52.33290881467178,0.0
2025-07-30 05:00:00,17.75898555847808,71.30294588276676,11.648793165929744,56.30288342991374,0.0
2025-07-30 06:00:00,18.385029901433743,62.110077681871736,1.1576314110193386,55.96467839232196,4.5655993373414985
2025-07-30 07:00:00,20.017278473506114,58.45667099283777,10.053587332866613,15.261268419858931,114.23213163673238
2025-07-30 08:00:00,21.842351364146396,74.69089750509546,10.95852355873542,14.936414588940272,212.6041780639232
2025-07-30 09:00:00,25.039690686346574,48.9969087481917,0.668097955844662,76.76457541714781,147.78419895556672
2025-07-30 10:00:00,30.22508956540403,54.987891730163824,7.876267780099411,7.761259106620866,400.20752233399264
2025-07-30 11:00:00,33.11405651823661,42.60820293085668,12.84898233958754,41.28471745848569,309.67344143569187
2025-07-30 12:00:00,35.09506623081116,47.99754077778619,13.090608106300031,54.17731663819725,271.77519875654355
2025-07-30 13:00:00,35.26302988710288,46.222036799742035,14.14097836955672,78.50044500718019,169.81166926420008
2025-07-30 14:00:00,33.058232589056324,41.38471175653514,2.0214973937304173,96.19963793821805,105.12757300042894
2025-07-30 15:00:00,32.97696992574071,35.82457501226904,12.065603678811243,35.37107234899914,243.47500218896124
2025-07-30 16:00:00,32.763139568159,45.38412938138853,13.64296719971117,11.142191351408337,219.91822609623858
2025-07-30 17:00:00,28.648738698331876,45.91946098563334,13.368464040355246,28.60867628196454,97.78730116664417
2025-07-30 18:00:00,27.91868440668791,53.73014693754016,2.3965558657865476,79.52296886309139,0.0
2025-07-30 19:00:00,29.28552274279683,56.544180136440474,7.777557354497414,10.012840011589564,0.0
2025-07-30 20:00:00,25.721335270723227,63.64231210971771,8.159732786338969,63.35954996382499,0.0
2025-07-30 21:00:00,24.941633452212923,65.89952016684256,5.886620163579639,25.98051687755406,0.0
2025-07-30 22:00:00,21.31979354244128,64.05498058247713,1.811797480968319,16.015642186199543,0.0
2025-07-30 23:00:00,16.944304344050263,79.56260467230719,7.889037179832902,67.43452824658095,0.0
2025-07-31 00:00:00,17.653854782986365,80.94274538108738,12.221098104281529,61.1330244955657,0.0
2025-07-31 01:00:00,15.291052134690494,78.43596630488747,12.50992288259869,51.588912145062615,0.0
2025-07-31 02:00:00,16.947567882296454,89.12745125178277,6.480710935900655,47.007541788515915,0.0
2025-07-31 03:00:00,18.667368730752365,74.67985940724928,8.13586163390275,26.830770892942024,0.0
2025-07-31 04:00:00,20.237260406576084,83.80230401398107,6.562763533728834,5.158689398310945,0.0
2025-07-31 05:00:00,21.25280716260758,81.09637377423267,7.233455970996356,31.81267038474297,0.0
2025-07-31 06:00:00,18.598809499933132,66.8586122151073,0.8870312291707749,28.441082631881187,0.0
2025-07-31 07:00:00,23.28259134381087,67.93047885193185,4.0564591713914755,86.39453802510272,35.57937355884327
2025-07-31 08:00:00,23.96305323304692,54.39583235333207,0.5107278898005707,54.913375533926256,135.12333882539622
2025-07-31 09:00:00,25.584040435307354,56.18525686405794,5.583763243960223,85.9213359715765,108.78622530772114
2025-07-31 10:00:00,29.878441057421465,55.51526573650919,13.026198501088299,73.73323572447174,176.84087482122433
2025-07-31 11:00:00,33.539472280212514,43.87218763027103,1.9066361748316791,38.95598241112117,319.8406322739177
2025-07-31 12:00:00,35.46291513866172,53.093877819594056,5.277998068899609,6.898562950384557,455.2460360103241
2025-07-31 13:00:00,37.34125785084653,42.024972048727854,8.501906827755793,54.49735107981648,259.3165343440824
2025-07-31 14:00:00,37.95313858456254,39.52447128691972,5.499628805648498,78.56687212679144,149.83714903828064
2025-07-31 15:00:00,31.871360523807123,44.271550987198125,4.017026285656655,14.010023250789816,309.3301157960577
2025-07-31 16:00:00,29.95693283333346,36.7047680051438,0.6440274288713616,98.45942673268442,56.73181970135979
2025-07-31 17:00:00,31.039643664003993,44.625936887384164,11.084427497272996,60.04173730285122,70.7450657583697
2025-07-31 18:00:00,27.367977559895877,55.95172892760049,9.912231197381352,30.890093250916763,2.2772606789972136
2025-07-31 19:00:00,27.402575381542,61.02775624130619,12.307391445802867,34.635388182294115,0.0
2025-07-31 20:00:00,23.73071365260843,51.41894136752559,0.6781143085330843,23.130289322277886,0.0
2025-07-31 21:00:00,23.708326473939735,66.67794660083081,5.044421932543798,57.31127274221394,0.0
2025-07-31 22:00:00,22.744286118025812,70.78419329135508,0.6664090420531621,79.80862426604193,0.0
2025-07-31 23:00:00,17.604990744348072,65.18181010528636,14.248749433469472,85.11393551885287,0.0
2025-08-01 00:00:00,11.74510886079634,70.31183440977755,10.364081498478244,77.70270245931745,0.0
2025-08-01 01:00:00,18.987917259785494,81.05446204363807,4.83483008635111,40.392951657135214,0.0
2025-08-01 02:00:00,16.1294927968136,88.59531947666733,11.409076571751768,15.005577859244102,0.0
2025-08-01 03:00:00,15.287392292250898,79.98349494973651,8.892187321554259,33.06141975718751,0.0
2025-08-01 04:00:00,17.068387483381223,71.50456312727924,6.286276441846887,72.30076079567183,0.0
2025-08-01 05:00:00,15.057450528610953,70.66767833224999,9.916724634106394,73.10619907959808,0.0
2025-08-01 06:00:00,15.716478602560938,73.38398806100666,4.926210060824472,63.26734710917729,0.0
2025-08-01 07:00:00,24.82529865650324,70.91153016962336,2.551717607371584,6.326521164996979,123.9164236686553
2025-08-01 08:00:00,26.50798079680246,61.71501658859336,9.603678078453347,64.9003734483551,125.8960388006697
2025-08-01 09:00:00,24.34489713928969,52.41016801542921,12.803269415725936,5.590885161960313,336.3629756656217
2025-08-01 10:00:00,34.698532828383236,54.706453108155834,9.25799729386527,93.56299484261321,104.83775404333198
2025-08-01 11:00:00,30.527088868825576,56.32332823372265,13.056686445471383,74.98311052720939,183.74215337614913
2025-08-01 12:00:00,33.5972467343967,49.00500900667578,3.9117475878759134,89.35729449779181,136.82504570451886
2025-08-01 13:00:00,36.59153332884445,39.87719043493319,5.4466765371828885,39.300635647687145,308.4939677019394
2025-08-01 14:00:00,32.38740015543136,42.48957333833311,0.3639261573904795,55.3255139862015,238.9142651117526
2025-08-01 15:00:00,35.82140836912643,41.732428840719926,0.547145670741514,26.153593545047283,259.5948487784006
2025-08-01 16:00:00,34.24021852432425,35.266228244799926,6.3954596662038705,71.69794489157871,102.28225164926553
2025-08-01 17:00:00,33.42222512985053,50.13309125568995,6.348269492308742,28.016044838329833,97.71283448507637
2025-08-01 18:00:00,32.15341781311158,53.39673699195678,8.430915422261931,34.33782917105328,0.0
2025-08-01 19:00:00,26.738209606389447,57.39104460419715,2.7573395640287646,34.052477178245624,0.0
2025-08-01 20:00:00,23.06996849311699,54.70243746121612,13.757900155921364,14.772577187903725,0.0
2025-08-01 21:00:00,22.31273411686024,61.24405576421577,4.5242696012984975,0.33200702571919427,0.0
2025-08-01 22:00:00,20.638824323069596,65.45759156990619,13.892241358316133,84.5605494146733,0.0
2025-08-01 23:00:00,16.68647419253687,72.51288750656308,8.366493774857437,29.004537063260173,0.0
2025-08-02 00:00:00,15.839843055434317,82.8230375557748,6.053669221882155,97.02775208093752,0.0
2025-08-02 01:00:00,16.860262793726996,80.0684098192786,6.953424621065544,70.02161969745615,0.0
2025-08-02 02:00:00,13.952648295366949,81.60076134084153,4.5563781183448775,42.53565844771801,0.0
2025-08-02 03:00:00,15.511213123136423,84.82972192928904,6.3287647190999365,29.01323081494287,0.0
2025-08-02 04:00:00,17.34484333621391,78.00388399865352,3.628910265277732,85.03267564141863,0.0
2025-08-02 05:00:00,14.76658449337343,72.1784570655945,8.592729519752794,58.720243129024496,0.0
2025-08-02 06:00:00,20.867599766499463,76.18766983647346,8.273789920320482,74.64988578817461,0.0
2025-08-02 07:00:00,20.63476802078628,70.21334695054975,9.658442443263738,58.989663919841206,68.22046692700061
2025-08-02 08:00:00,25.84495309574402,65.92483533841175,13.105649179226596,50.14439682502461,151.9767809171891
2025-08-02 09:00:00,26.668479712964988,63.16003812808173,10.453693715271886,43.93871904891924,226.11462691998867
2025-08-02 10:00:00,32.17852651335095,52.450374076213954,11.556160910185943,81.1993041633685,146.7610207244192
2025-08-02 11:00:00,32.609708355881004,46.28057171527013,6.711459358272735,52.091395281940024,277.72362052451876
2025-08-02 12:00:00,32.15708604143797,41.433952863648706,0.8470372478403604,64.9201779475129,236.946257749578
2025-08-02 13:00:00,37.929784231658886,34.96198474908117,0.6301022621878966,84.50119615686589,149.91280685721858
2025-08-02 14:00:00,36.11698753884031,36.20363138599812,7.376884913088853,57.80259064570442,221.84941562934273
2025-08-02 15:00:00,33.96363743648072,31.867431293939696,14.939153929495978,43.123995052510566,222.3582341812788
2025-08-02 16:00:00,34.76222848148636,43.19518935521225,14.871444249896468,97.65358924627708,48.5766193177365
2025-08-02 17:00:00,31.99451619190306,51.062800278489064,9.729277223199796,56.17012913594173,64.17942720165428
2025-08-02 18:00:00,26.779827033253937,51.49213586247848,5.2977342249657875,60.750410902685545,0.0
2025-08-02 19:00:00,29.398414025654866,57.011483496335245,0.47817341438015637,60.81203471018901,0.0
2025-08-02 20:00:00,24.859019404797376,52.846713424916764,10.297293906099346,88.0612965390824,0.0
2025-08-02 21:00:00,25.064907305588346,72.17132905812944,3.0988646942191522,60.98988371227369,0.0
2025-08-02 22:00:00,16.168412573152192,68.89760132357056,0.5305333038846533,46.90026914114876,0.0
2025-08-02 23:00:00,18.055580315694595,76.49072428936046,11.351641152873295,55.1191493350647,0.0
2025-08-03 00:00:00,17.336561872323056,75.75816037627762,8.48678435685899,87.74286174448211,0.0
2025-08-03 01:00:00,19.387310521349505,88.37917820141475,2.8870358222768684,64.632653963239,0.0
2025-08-03 02:00:00,15.117658468697911,81.0577956268339,5.190448892113227,8.56672540049056,0.0
2025-08-03 03:00:00,14.966912067285218,78.90398184303125,10.348840498097642,67.78369253299492,0.0
2025-08-03 04:00:00,18.4203540614108,85.87240481306418,8.494113597594222,48.98431914413216,0.0
2025-08-03 05:00:00,20.36256790352658,77.51282435244327,4.006842238768713,78.39957425840922,0.0
2025-08-03 06:00:00,23.44365072808516,76.40298840215601,10.414732854154224,96.31025023239292,2.5072970043427976
2025-08-03 07:00:00,24.670774225782775,69.29256250274044,6.997824102588322,82.00496067023501,49.59695517934005
2025-08-03 08:00:00,23.227973516465454,44.5544460470763,0.7268257976871451,40.92255875386951,176.28370773121088
2025-08-03 09:00:00,24.371637166101085,54.49396215040442,6.524934281495697,0.19465512310912203,356.86713083623073
2025-08-03 10:00:00,28.331298792293133,48.600953295177426,4.827810549123291,14.953531783377683,380.715080909106
2025-08-03 11:00:00,36.20110031557748,55.07804374104234,11.084921754365636,65.8519285016658,210.0034817454224
2025-08-03 12:00:00,32.431969098284746,45.2458563466638,2.7141486447891467,82.21715390815883,161.92299324163605
2025-08-03 13:00:00,35.36982906089834,41.50475296747288,3.6646256327878124,50.39185512112157,267.0739522886947
2025-08-03 14:00:00,35.715163231419886,39.783478760891704,12.334325817016886,85.70139051224255,133.87043762984408
2025-08-03 15:00:00,33.797130580498845,42.22308021069635,6.653058139111389,34.53386280188925,245.71989962692717
2025-08-03 16:00:00,36.98722801443769,40.78884730297476,2.231083322576679,16.02340485553462,204.7973729865793
2025-08-03 17:00:00,31.609241173657598,44.03965311024453,10.319453413468008,98.40892854863651,36.84461721035598
2025-08-03 18:00:00,29.66158312054198,48.26705429946861,1.6306350546948079,89.79391907403222,10.352916582815057
2025-08-03 19:00:00,30.32961537409738,62.822099598993354,10.890331321470034,33.46077075518251,0.0
2025-08-03 20:00:00,25.87500327238244,62.9879355830892,13.515183421587611,92.86008475890598,0.0
2025-08-03 21:00:00,23.225626134682166,69.83921777173968,5.345238794745452,39.20198244242697,0.0
2025-08-03 22:00:00,20.52262270766849,68.37085774275879,0.674494083867585,49.919052225606364,0.0
2025-08-03 23:00:00,18.585342144101865,74.7833252077633,11.609565171386476,42.65705872157487,0.0
2025-08-04 00:00:00,19.380273666497025,76.06228127061699,4.221456395689969,69.00024942952196,0.0
2025-08-04 01:00:00,15.42870966258394,83.5209377328417,8.296156784717372,77.66467195019044,0.0
2025-08-04 02:00:00,12.989314726559579,79.5966087326951,2.763940556576177,42.05697123700286,0.0
2025-08-04 03:00:00,15.100660055251819,78.37633902269123,3.5405138120629314,79.28716213389428,0.0
2025-08-04 04:00:00,16.19829094472211,80.52167733068782,0.5378284483682805,5.726444088950511,0.0
2025-08-04 05:00:00,21.588965744789526,71.56104928065876,0.8213300488278807,32.956808955470976,0.0
2025-08-04 06:00:00,18.885144405409505,70.26435328112308,7.629403626151001,73.14765250275943,0.0
2025-08-04 07:00:00,20.717459873811226,70.20891119660256,8.14053270819798,3.969414916130942,124.82686809704612
2025-08-04 08:00:00,25.00973425803195,65.20052286393445,11.441598321107142,37.06779603703909,186.17240406089226
2025-08-04 09:00:00,28.201139502991932,51.624541552534595,14.142850622179017,11.733068431400294,317.8341635883814
2025-08-04 10:00:00,30.065710647877232,52.163167952398325,8.507357373277413,99.56284130955106,92.4652756333459
2025-08-04 11:00:00,30.888668778339163,40.302777351905746,9.093548636586673,19.574024211484222,391.2279662199037
2025-08-04 12:00:00,32.608713624238895,44.25100909659499,6.202980399455046,58.81309299654064,264.2865744762541
2025-08-04 13:00:00,31.99177271730209,45.75743959910212,4.035706981438812,32.9786019624142,342.6246247092042
2025-08-04 14:00:00,38.06839105124479,36.75789263086921,5.111225793853348,16.683980954414423,349.83921823292286
2025-08-04 15:00:00,35.12403303107796,40.54413327096062,3.7839487136015384,84.55762462259719,106.47099135938146
2025-08-04 16:00:00,35.26628931699476,39.69288605750138,10.139454318963962,42.131045443296486,161.38080628269935
2025-08-04 17:00:00,31.232703767017856,50.07214097847893,3.828721233852815,2.383538152626574,122.25867911694746
2025-08-04 18:00:00,31.741674195743784,48.00403258613808,5.477217468171211,22.625755288313776,0.0
2025-08-04 19:00:00,25.572661659657374,56.44177211997796,7.042331311019706,72.31904479373422,0.0
2025-08-04 20:00:00,22.39412421979156,63.9171580946984,10.15200759731361,55.45966376198289,0.0
2025-08-04 21:00:00,21.575660445932943,72.80642163490695,10.47950031904269,22.08253770559495,0.0
2025-08-04 22:00:00,19.29027348940303,74.0409092798261,5.232480034905887,9.082739639867777,0.0
2025-08-04 23:00:00,19.39019750180598,80.46935155503658,2.531453993094969,19.216893678699954,0.0
2025-08-05 00:00:00,12.663245091099709,73.07924025380368,6.3909613959299,33.94107074001453,0.0
2025-08-05 01:00:00,16.42550705038584,76.87051418159076,1.728039945099198,59.952582259608064,0.0
2025-08-05 02:00:00,12.749816008758412,72.55758938795387,3.85601736486437,10.508918832393343,0.0
2025-08-05 03:00:00,16.335482954088125,75.77765504208759,1.4012057422085789,23.30457925859846,0.0
2025-08-05 04:00:00,16.82881264593727,83.27399978657012,4.444875176775886,63.719558206919814,0.0
2025-08-05 05:00:00,18.69139129680143,68.9726969493129,4.040143868700862,49.03131211426137,0.0
2025-08-05 06:00:00,20.109213435210858,70.40733885989201,9.652514234309661,6.367231991688982,1.3505515298830355
2025-08-05 07:00:00,24.868743048732373,60.798508464959426,4.391860119718846,61.37161100987273,67.11638843487906
2025-08-05 08:00:00,23.052283398233573,56.95120041041232,3.6988785903283627,41.794999793795775,164.3021386534965
2025-08-05 09:00:00,27.660326167045707,47.20431556322109,10.153606243049321,79.15806711438884,120.8286783543861
2025-08-05 10:00:00,30.35331790812173,46.53128676524296,5.581672369301339,60.7058586575586,221.35322528981942
2025-08-05 11:00:00,30.848073190613682,44.84435314009021,11.22068663427027,30.602789468576653,351.3154156427613
2025-08-05 12:00:00,33.47929109512066,53.658018213763526,11.972010967310739,12.597531439611998,428.08057781840813
2025-08-05 13:00:00,37.379896590961486,26.65832134797658,0.3572842661229364,74.64334619570774,182.1981834803064
2025-08-05 14:00:00,34.42661142636516,44.88263156512873,12.552750687582341,2.339015611113049,415.8320225602399
2025-08-05 15:00:00,34.81547963154267,40.14250137877694,12.649159554060596,83.27581426879392,117.37099960199949
2025-08-05 16:00:00,29.28912415577979,48.07203323127685,10.199437715338307,26.018214048160416,199.28505923705742
2025-08-05 17:00:00,32.40101766775739,45.49323155780596,12.991982599022293,53.361262383043865,77.18636785850171
2025-08-05 18:00:00,26.900498211247537,51.05975175890464,9.27564079834595,35.02934949415359,0.0
2025-08-05 19:00:00,27.74577773804093,61.31464500206946,11.4538263360456,94.27573855263454,0.0
2025-08-05 20:00:00,25.47312884347478,57.89427518717265,1.8155243684288331,2.432635725119525,0.0
2025-08-05 21:00:00,19.57977229915337,64.33660160952039,9.417550611511714,21.10482410501897,0.0
2025-08-05 22:00:00,17.785968633884213,68.32376976698464,4.129601453003993,18.20160558846475,0.0
2025-08-05 23:00:00,18.297012815704257,76.38166285936052,6.486445377512467,15.351464883084741,0.0
2025-08-06 00:00:00,15.989033914065176,72.95565502557014,12.931230619027607,30.301390693443853,0.0
2025-08-06 01:00:00,17.50048283700746,80.1653296303993,6.675559703932265,48.710704961217274,0.0
2025-08-06 02:00:00,14.170705289240967,83.39037635445118,8.624744768705389,40.04931240424724,0.0
2025-08-06 03:00:00,16.12483575999744,82.70972751518592,1.9838057042417823,45.1884914008908,0.0
2025-08-06 04:00:00,18.107869830239014,86.33168258708544,1.3980984385013477,33.678554821988826,0.0
2025-08-06 05:00:00,16.29149355104769,70.57519338571217,0.9663423634262042,82.85752420151124,0.0
2025-08-06 06:00:00,17.371441157327,63.047584831930436,8.309459146548686,41.39371714785545,7.159746561310953
2025-08-06 07:00:00,25.54785916066657,73.26598015545487,12.392718782147913,29.29388184025624,95.31837034791474
2025-08-06 08:00:00,26.012790773711256,57.49052514405364,6.712422268503694,73.4000139478138,96.21444605924216
2025-08-06 09:00:00,25.697385604108963,54.29128983319715,3.4955263965179597,44.835034472513925,222.0681152329841
2025-08-06 10:00:00,32.54751762089927,55.94809255037281,1.4146129299741146,5.507983812761729,403.49054146132903
2025-08-06 11:00:00,33.94521342770914,46.478136661183456,4.819927711077204,14.694411849612765,405.5528159583068
2025-08-06 12:00:00,30.319946741789867,44.020079441528246,12.00601761249758,19.838106772234077,420.1358596607105
2025-08-06 13:00:00,32.70784528432044,37.23759762346342,8.242717257709048,47.69627380657246,283.73659575248695
2025-08-06 14:00:00,37.066458522867634,45.92223155323005,12.435415740829386,49.55580693003675,252.02860254896626
2025-08-06 15:00:00,32.08473378975356,36.62648617383542,2.6050131025412697,24.662257333984872,276.9522194690458
2025-08-06 16:00:00,35.009630407639456,37.6264110255514,4.67308208966443,84.68978564545925,77.1059277045289
2025-08-06 17:00:00,32.016554916981285,44.64106870025995,11.921148542950624,94.30011849078058,29.3881865346425
2025-08-06 18:00:00,26.056083261830192,47.26763953392439,10.07391612971102,51.01978610551598,6.182931148421562
2025-08-06 19:00:00,25.791619798414946,53.47698500213179,7.6323444229441355,79.089388358539,0.0
2025-08-06 20:00:00,28.045460925369657,58.215411840167135,12.12457867089642,75.43441603974594,0.0
2025-08-06 21:00:00,21.43074376838286,72.05101453766497,7.6918021625667,66.54409870904593,0.0
2025-08-06 22:00:00,17.644001114512122,67.61221742875976,12.729750971665869,87.78605573873996,0.0
2025-08-06 23:00:00,19.528983727708617,66.92065313139544,10.228262039366161,41.34668462000467,0.0
2025-08-07 00:00:00,17.715490141573863,75.9407734029759,2.2950769208291883,93.76620000497643,0.0
2025-08-07 01:00:00,13.646757933652925,81.18803910678031,11.055506772023799,83.78432218755697,0.0
2025-08-07 02:00:00,15.985710383427095,85.97265553530882,6.123408489870208,85.19111408758414,0.0
2025-08-07 03:00:00,14.888039100316455,71.14296313673088,2.8459536307650346,97.92261552106085,0.0
2025-08-07 04:00:00,16.130547081838436,85.36602383271668,14.046206442288568,3.801159480118832,0.0
2025-08-07 05:00:00,16.035539801626413,76.19165657717468,9.502841666976641,29.824577810744902,0.0
2025-08-07 06:00:00,22.090354246589946,66.59617459707071,12.131933735383784,98.80647003589014,8.785679687659734
2025-08-07 07:00:00,24.361708671156336,60.09670505836745,4.915018934296312,19.73195038349299,119.01839219081457
2025-08-07 08:00:00,27.961470497053938,62.030200212486086,3.7499161848399094,21.840825515219976,203.17266581218394
2025-08-07 09:00:00,28.60397619099496,53.62999337857398,7.7481798412132274,83.59676143564721,118.16799231054105
2025-08-07 10:00:00,29.228024165822696,49.70413197623258,4.120496101494621,49.278762362734774,260.422718982275
2025-08-07 11:00:00,31.750442743313066,41.35506940584608,7.976106566786902,14.452738150012568,418.6317456955902
2025-08-07 12:00:00,33.435154149200294,33.617514595801566,3.2027418982045024,34.51065406345971,347.7809541335699
2025-08-07 13:00:00,35.3388347018351,51.109535007431425,10.881695263387101,92.76302869566621,117.08926321581905
2025-08-07 14:00:00,35.532084429936056,36.570884839539836,1.5440947998703802,72.52338371401548,172.85405402967334
2025-08-07 15:00:00,34.813191273631006,53.76244996047008,13.776772744395688,9.969774377728102,303.70626375655576
2025-08-07 16:00:00,34.60543718730202,42.63404570883549,5.439564414750697,9.158207496405591,223.07593789204066
2025-08-07 17:00:00,31.112392840809946,39.90442962570868,11.26753753716888,93.10832156731364,34.10061381701456
2025-08-07 18:00:00,32.51302054020582,55.41132586283285,0.8311666536078771,73.79851607972813,0.17695706626927143
2025-08-07 19:00:00,29.538116374270835,54.6661562628114,14.652469917363073,11.001928445859244,0.0
2025-08-07 20:00:00,23.315973085906514,58.326015950510254,2.2724250702635858,35.6617900671938,0.0
2025-08-07 21:00:00,19.030816536976875,56.908223626899755,14.482917827066908,41.930102537705636,0.0
2025-08-07 22:00:00,22.10396114189144,72.6182536735871,6.1190554917546,93.08310584627411,0.0
2025-08-07 23:00:00,15.153018748238967,70.15684397806513,12.219844411593966,92.20706080276612,0.0
2025-08-08 00:00:00,19.586080182884658,75.34031949510364,8.0942057708012,89.47837511873196,0.0
2025-08-08 01:00:00,13.395703249943942,81.38885935641177,9.660377601344328,92.1731889806212,0.0
2025-08-08 02:00:00,16.876296100597937,74.60563151082769,8.369274086562541,23.193762804183738,0.0
2025-08-08 03:00:00,12.71765130551236,87.1290152459717,5.795443771276694,8.88361284101854,0.0
2025-08-08 04:00:00,16.331795298247766,73.37877335855718,10.049438601371772,37.48914117622696,0.0
2025-08-08 05:00:00,15.784367767154734,76.7420870049492,0.7229378312823731,29.586382793399192,0.0
2025-08-08 06:00:00,20.631724846624078,66.71521236212097,7.3309276356316495,85.4551221609298,0.0
2025-08-08 07:00:00,18.973123484951735,69.45002291475693,13.1350440904899,72.96959573478767,51.9904079252923
2025-08-08 08:00:00,28.13155657406731,60.85258736117342,4.114180431026774,68.13537057322277,110.55684022779207
2025-08-08 09:00:00,30.803143005506975,56.65940389910237,5.869445638283587,54.28173191840161,196.27853894237555
2025-08-08 10:00:00,31.34408704920255,40.991214768730835,0.8696884002481597,32.60850945793854,310.69565063148235
2025-08-08 11:00:00,31.104076707357667,42.8077491528984,13.97310412397143,83.43780957247986,159.829717744324
2025-08-08 12:00:00,35.764323559746735,47.84424752183243,4.565966625188615,5.462102175749395,451.0874239168658
2025-08-08 13:00:00,34.44560950638477,38.77906108882987,12.834646957656325,28.01369450672415,371.8975976864104
2025-08-08 14:00:00,36.39296097426891,38.53872291778564,2.1391915736943306,15.138467609228757,364.40291652944086
2025-08-08 15:00:00,34.85066865139969,39.14211514575774,1.5932744721714904,51.00611792442519,203.15110484282678
2025-08-08 16:00:00,31.839984480537588,44.519215550242514,13.306583209435162,55.71368797801474,136.1239603444944
2025-08-08 17:00:00,35.29567438187063,45.47463066526466,11.594581892930078,18.905903957373972,105.01311591870207
2025-08-08 18:00:00,27.736391222164503,50.403718781736465,4.404730602370229,62.12519396301226,1.3510109333579003
2025-08-08 19:00:00,25.144039453236978,44.88881855614391,0.1268422978939221,32.352741386784125,0.0
2025-08-08 20:00:00,21.73247640648485,65.14582642568202,5.518803286109092,94.12622172983973,0.0
2025-08-08 21:00:00,24.395539813865877,62.72478436070412,2.0447059759187542,58.166018751345796,0.0
2025-08-08 22:00:00,17.875953331064085,74.49021379000436,8.940572975474977,3.3317767201829995,0.0
2025-08-08 23:00:00,16.644957222138608,71.9573596821583,6.4565386885610785,57.84058689779491,0.0
2025-08-09 00:00:00,15.907915967373409,82.63380956346883,13.331539482225722,19.212224449580162,0.0
2025-08-09 01:00:00,12.045843011768582,82.13612373437672,9.780674459206677,96.8276341858969,0.0
2025-08-09 02:00:00,15.893039835331528,86.90646786794126,0.5911397667367774,39.19376359541001,0.0
2025-08-09 03:00:00,14.901197265701585,79.40332528955273,7.90479818553326,2.4086693064671483,0.0
2025-08-09 04:00:00,15.017137713787065,91.98322460122536,13.029049500435782,56.27419212922686,0.0
2025-08-09 05:00:00,17.95547822415529,76.53762520253792,1.2162188183739446,87.11046300806234,0.0
2025-08-09 06:00:00,20.209730745950964,71.19829394447122,6.685921191205365,51.5120593826611,0.0
2025-08-09 07:00:00,27.115504889628244,65.00787586113312,11.731663523970745,50.02752987502503,79.29324971774369
2025-08-09 08:00:00,23.886428803248112,72.98835229504616,7.345932329772677,62.671582370271814,122.89798063054837
2025-08-09 09:00:00,27.935473106954348,47.27585847529614,3.252553122637447,34.21858557213942,251.76139602860943
2025-08-09 10:00:00,32.63389914145436,54.85975700096576,12.529915115913731,80.12438610675507,163.12637941153952
2025-08-09 11:00:00,33.287541372119975,48.98773695691522,7.504556181836835,7.181702771203158,448.1492966261864
2025-08-09 12:00:00,31.41403705208918,43.9242526873671,2.7248992388830295,59.62416814415814,261.753655803453
2025-08-09 13:00:00,35.52679534327865,36.43922171623356,7.148633795966971,69.34596870786838,194.467607013238
2025-08-09 14:00:00,37.1135071225004,35.31321861753364,5.933263243844735,51.36135724350235,242.27457984842778
2025-08-09 15:00:00,33.307985343996656,32.58853905729281,0.08941985935242036,91.82582004801007,87.28598678356016
2025-08-09 16:00:00,35.2419552288484,51.42998708215306,10.023573224662405,83.51872311041141,81.04037172693819
2025-08-09 17:00:00,33.04086657444508,51.4080687835515,12.124105129987141,65.30829874136252,57.63659719622502
2025-08-09 18:00:00,30.906372646258333,45.61724009943394,11.14929723738616,16.475540696046608,0.0
2025-08-09 19:00:00,27.147357316855974,56.59019876674158,2.3936996499026533,26.344517859750415,0.0
2025-08-09 20:00:00,24.42131527829746,63.30226880170423,13.008404974380944,31.89560613735519,0.0
2025-08-09 21:00:00,23.623172492371943,60.73139382507533,3.388497161722492,0.05781059012262002,0.0
2025-08-09 22:00:00,21.210280112633935,65.09561973915542,12.24208214950202,21.23535946088355,0.0
2025-08-09 23:00:00,19.707122454168385,71.66867712947456,1.325910507028389,41.99428898921054,0.0
2025-08-10 00:00:00,15.50209490730024,85.52371033804837,1.4737600024708208,46.779095521090575,0.0
2025-08-10 01:00:00,14.616422938375479,75.27749436021486,11.377860990802795,60.77397693388402,0.0
2025-08-10 02:00:00,17.395452037894636,75.05136940917134,7.670049883117819,11.550432633141938,0.0
2025-08-10 03:00:00,17.026107355920654,78.82932957933534,13.002559655785015,81.68555864971148,0.0
2025-08-10 04:00:00,16.35581578958349,81.0554726878479,13.814629604433032,55.27851653628997,0.0
2025-08-10 05:00:00,16.450283937927754,76.15927016680946,4.728157828960098,57.42322650428184,0.0
2025-08-10 06:00:00,19.093281691983037,73.06579909961849,1.2050434520071562,41.96965670362118,0.0
2025-08-10 07:00:00,21.129111179720972,63.033160898831774,1.610952296476531,31.86617949083702,98.81821091807252
2025-08-10 08:00:00,25.356330744487764,67.56369586751964,1.0152277077869876,92.41699688907164,55.674436008779296
2025-08-10 09:00:00,29.353848560764273,54.88411031926375,2.6247519302319064,85.04570657399374,108.91336285075965
2025-08-10 10:00:00,30.776644189888888,57.80016604626366,14.077273477727744,80.97542509348719,149.64361553764675
2025-08-10 11:00:00,31.760280673707005,44.59158667745595,14.28040120276208,41.05714337881777,307.2815487380157
2025-08-10 12:00:00,34.35318746975917,41.418020659498936,8.81431138329811,95.83814864809312,112.42281897535874
2025-08-10 13:00:00,35.8759849213565,36.336240868151826,3.726185959891941,53.389226821984515,264.24729541488847
2025-08-10 14:00:00,37.45327210003232,37.30510168207231,2.2922237576284896,38.0068096616401,291.73962540270054
2025-08-10 15:00:00,31.929963747509365,38.613677896835604,1.1779758117708106,63.367115743616466,172.7183779936937
2025-08-10 16:00:00,36.613416075950184,41.3992252490076,10.33580335116875,13.72960439603016,215.92722883485058
2025-08-10 17:00:00,30.65584822170836,48.87801453391095,10.105442182007348,94.32221016075891,36.009895301771856
2025-08-10 18:00:00,31.9889755192922,45.67563840674621,0.18683838117113105,79.84875170652917,0.0
2025-08-10 19:00:00,29.417186029659344,55.843120904216484,2.0015408678566167,18.80392158652494,0.0
2025-08-10 20:00:00,22.19042934283124,56.782614877884086,11.584348349664092,24.954107640503697,0.0
2025-08-10 21:00:00,22.654287445554143,56.60974831326086,12.18290813555142,85.8829306358727,0.0
2025-08-10 22:00:00,22.494231229385743,74.90443479789968,6.15907368655156,46.28142979633807,0.0
2025-08-10 23:00:00,16.80475478781831,77.74352288324242,8.069115132263493,8.568759640402623,0.0
2025-08-11 00:00:00,17.09827108749367,78.8810742302375,11.601901528288113,10.938166089875045,0.0
2025-08-11 01:00:00,13.304831769515367,78.57552649530251,4.078538366830213,53.67369118412707,0.0
2025-08-11 02:00:00,14.278429588921648,78.28497484907852,5.523482253009757,40.056976828644295,0.0
2025-08-11 03:00:00,12.265315780611582,75.42218921503036,8.636098947665769,24.66227979737382,0.0
2025-08-11 04:00:00,16.09185975085801,76.23018324930516,2.6045622001140423,75.96069862484609,0.0
2025-08-11 05:00:00,19.462906504116518,70.42216081531267,5.693457617894799,50.10053738630741,0.0
2025-08-11 06:00:00,21.201171159684616,63.06639675880578,11.506789384088695,69.50323953855182,2.059385082715806
2025-08-11 07:00:00,21.4270795686342,63.13382194993646,1.5447220283568164,15.53553706955374,119.63714043988152
2025-08-11 08:00:00,24.02114795651154,64.59081065995706,12.926010028824624,45.5731884684916,157.90077703825193
2025-08-11 09:00:00,27.75194509449142,53.66657441541482,1.5264102540751767,93.06977455568457,90.20301074257533
2025-08-11 10:00:00,29.213347869856396,44.94224481315281,12.08410756777184,79.8958379610836,155.0467441495453
2025-08-11 11:00:00,32.27636070183487,50.432221512422686,13.823640659958784,57.69199026865586,251.89393009237583
2025-08-11 12:00:00,33.20820712890529,34.68420867754439,1.4232040450485957,28.33726402563904,375.59957256385104
2025-08-11 13:00:00,37.24179240345439,36.20286135030369,9.932166627967487,53.72777009976437,259.42754334525966
2025-08-11 14:00:00,36.38144897285429,40.76392819944474,7.431814571364093,21.76248249959485,336.1668497447001
2025-08-11 15:00:00,34.15523263207379,49.938813162568344,11.02062120258967,42.414649324069586,234.97151939102497
2025-08-11 16:00:00,33.611492888735434,46.48470663551533,2.651646781718574,73.80340443259162,91.30354949304885
2025-08-11 17:00:00,33.397727300278476,52.92031350974949,12.456253166313157,32.41013391015405,86.71905128677928
2025-08-11 18:00:00,30.507011507130287,53.55148790021238,4.355627765271421,84.54871426074818,5.710211631678777
2025-08-11 19:00:00,27.97099419935117,62.4513759515459,12.734438694899538,42.58448241073881,0.0
2025-08-11 20:00:00,28.821012806648636,63.71864470010512,7.397980812167392,5.40211268846571,0.0
2025-08-11 21:00:00,22.046202315277,66.35431142727656,11.167130079445725,95.84798365203766,0.0
2025-08-11 22:00:00,20.6990092424612,70.45237296686796,4.595591239476391,17.180025620287363,0.0
2025-08-11 23:00:00,19.513608513225318,73.53497825330908,12.044178778421147,63.60927648379041,0.0
2025-08-12 00:00:00,13.69460070786786,71.63025321332577,6.146714827728677,41.14879099929688,0.0
2025-08-12 01:00:00,18.47503258620434,79.67273336770249,11.866442909076698,81.75542924179523,0.0
2025-08-12 02:00:00,11.89671068495872,85.61543152312944,13.427676536685597,25.431493276530613,0.0
2025-08-12 03:00:00,16.681564310881548,80.89040839162993,7.441020035800742,45.19171195639649,0.0
2025-08-12 04:00:00,18.37765862295422,79.36259974797342,7.2507674594994125,13.942824385164808,0.0
2025-08-12 05:00:00,13.840301357102426,75.3780559797244,4.951691635560698,29.938869090644726,0.0
2025-08-12 06:00:00,18.953245155575036,73.7271238645157,2.056068073289372,21.674023019593314,0.0
2025-08-12 07:00:00,19.219521151573936,71.23320676514642,1.1195864566711589,8.580794205304898,117.68397411913597
2025-08-12 08:00:00,27.575655997126102,59.3855686058071,4.849351325516591,86.67825937484889,77.40187684541245
2025-08-12 09:00:00,26.787027475153103,58.039579641150596,0.1955054435529069,51.70657678006996,203.18170199354327
2025-08-12 10:00:00,30.10977128024671,52.529439517421004,1.4987189303221993,40.23143519755631,290.417214850431
2025-08-12 11:00:00,34.27387077792285,46.08405604845381,11.374149746965239,82.49231688882922,150.59510298919992
2025-08-12 12:00:00,33.427069405888226,41.68363211691607,2.1490295452728865,61.81458251760002,253.69291438670652
2025-08-12 13:00:00,35.98581009465949,33.26821476987072,5.258884816261651,30.747764039143412,346.81668053520616
2025-08-12 14:00:00,32.460730832773706,41.906390364374424,8.529998597115274,48.98215689119837,255.9704639027902
2025-08-12 15:00:00,33.72466118088581,32.27957837471322,9.946697083600949,95.86308784098244,68.33647642038702
2025-08-12 16:00:00,34.60299145844195,51.90605247744375,8.622130194363706,87.8965467598734,72.72748654685083
2025-08-12 17:00:00,28.966637001035583,49.06193972534597,2.0619561778039674,52.58283510316575,67.00785345384543
2025-08-12 18:00:00,30.581320402678635,55.843837639514284,12.054761992069185,58.023305108552805,4.88389842373498
2025-08-12 19:00:00,26.64369907331776,57.227572667045116,1.9413254122585721,33.36305604157238,0.0
2025-08-12 20:00:00,25.675432001224436,63.5826418125877,13.316979223333322,74.46782871398706,0.0
2025-08-12 21:00:00,18.64957512083536,58.73358804495341,11.473036541759216,43.10590277967561,0.0
2025-08-12 22:00:00,19.892522908615806,67.48541832010478,5.196784148883716,38.59498284883559,0.0
2025-08-12 23:00:00,14.104657064737713,73.90509175798493,11.317780381180908,64.26350513337154,0.0
2025-08-13 00:00:00,15.213976044836471,74.88018396780933,14.73907374136043,43.55291265610683,0.0
2025-08-13 01:00:00,13.637163405172515,86.90517073223964,6.819370853419581,36.33732456742839,0.0
2025-08-13 02:00:00,15.963675085341512,75.00907766927469,11.438686871941751,30.91481855696543,0.0
2025-08-13 03:00:00,15.3289551742084,72.85378162394873,7.1522612794503235,16.616318639827032,0.0
2025-08-13 04:00:00,14.861278502766993,71.68628969470137,14.16450649738112,25.461245311504467,0.0
2025-08-13 05:00:00,20.16868145769513,69.18210729064275,3.0292707289782617,92.49429940794855,0.0
2025-08-13 06:00:00,18.005234853997667,72.8007330858139,7.069843223750633,13.198936356064062,0.0
2025-08-13 07:00:00,23.31964173215605,56.024875028625566,10.943117772806765,73.13549293584195,56.56485272319618
2025-08-13 08:00:00,26.807502657634526,59.892685435684925,0.25965659679841824,97.79072270647231,60.661904792434285
2025-08-13 09:00:00,26.07693741036251,47.722796109253665,11.815535554494335,19.62449400156344,297.09743038122156
2025-08-13 10:00:00,29.410843033971197,48.21117996792463,8.302441965787942,87.92145121630418,126.92616122701423
2025-08-13 11:00:00,35.550407870372446,52.60230810583641,11.300979716471526,54.22291999753687,265.1361592517942
2025-08-13 12:00:00,32.84162544799009,39.12333096187308,2.9639634306949825,59.14294062574693,255.07223550491685
2025-08-13 13:00:00,34.158817896668786,46.40081920231036,14.104908623034385,93.70492814530229,118.87354330243718
2025-08-13 14:00:00,32.8111463955164,41.92621246315088,14.820576328023817,3.4798072904754673,415.2072386358731
2025-08-13 15:00:00,30.743042265012413,35.306979718972855,14.929416576740444,96.14025398692387,79.64905409525853
2025-08-13 16:00:00,35.63814750258762,41.15894251575632,2.829245824347093,19.77781744963536,206.66225538333077
2025-08-13 17:00:00,28.225255295222922,47.62287734850211,0.747444548402732,17.546255563237946,115.45682000590692
2025-08-13 18:00:00,31.25138129703574,49.25364006940501,1.286057610841146,74.01462881595981,0.0
2025-08-13 19:00:00,28.423892875144382,52.72891064221415,14.742742420827078,75.0046765654087,0.0
2025-08-13 20:00:00,28.966655276516935,56.18170550039284,13.60850823410763,90.33009917684926,0.0
2025-08-13 21:00:00,20.957747090304686,70.42938763841981,7.8154371759689125,94.7899628522886,0.0
2025-08-13 22:00:00,22.864429325530633,76.15958990566368,14.601194358613688,70.16533234512583,0.0
2025-08-13 23:00:00,17.052567988318625,69.33974080601776,4.246796462275089,66.66782496475734,0.0
2025-08-14 00:00:00,15.644293698916767,74.77054337154746,8.30513714772984,73.23416950393127,0.0
2025-08-14 01:00:00,16.411258119101515,83.06951106584525,5.688774966869545,94.44954221902363,0.0
2025-08-14 02:00:00,15.900380374245527,74.20820184933757,8.67892065826789,8.99395632631198,0.0
2025-08-14 03:00:00,13.009524765495282,86.97683154425381,14.669259794075652,67.21842006351348,0.0
2025-08-14 04:00:00,17.440829590977746,75.49723989075025,1.0180421364089982,75.6608671562515,0.0
2025-08-14 05:00:00,18.85032622698573,71.54020411929703,0.23556166133605783,48.707621780711996,0.0
2025-08-14 06:00:00,22.546248785619913,71.01452947935522,0.22261228844645153,11.85235713018864,2.023340127595942
2025-08-14 07:00:00,20.731587262049366,74.25505906973427,12.61182407596563,69.67385827792471,62.45323400192585
2025-08-14 08:00:00,26.21184721757604,61.97007783711309,6.567052175486519,79.19352495795616,90.47780235773732
2025-08-14 09:00:00,26.549362387481395,58.12202660777633,12.663314088454374,95.38291974037864,81.36081890209671
2025-08-14 10:00:00,28.519008648869285,42.69666003490801,4.315406682537784,24.823746798319824,340.798517207016
2025-08-14 11:00:00,30.098457087254925,45.4196007194473,10.444033446090984,85.6887533483417,146.37983005567455
2025-08-14 12:00:00,33.55976283093407,37.141451450047185,8.96331654034591,63.57611453149404,236.02177324978823
2025-08-14 13:00:00,34.25833128900079,40.407293457006965,9.96777207408647,84.0275785720739,149.8053017249806
2025-08-14 14:00:00,35.182972522075765,36.166560699067155,2.983837934921467,72.64224906254212,174.81095597170943
2025-08-14 15:00:00,33.58532871083217,45.38431555463862,6.0745269784284,2.279904749070061,343.2575011563973
2025-08-14 16:00:00,32.02464500692535,40.07277771190641,0.43744076298679546,92.46691819002412,66.94823830768627
2025-08-14 17:00:00,28.706691470494395,54.318837118068686,8.804834626544677,6.575574147441388,130.02731018352085
2025-08-14 18:00:00,28.474579496312977,54.35962588511607,9.296924324024673,21.70537712715117,0.0
2025-08-14 19:00:00,29.997433151697507,42.195217444474885,7.754034568499688,28.912201896856192,0.0
2025-08-14 20:00:00,24.396681133938422,54.155664256924986,10.329369362935667,77.10723284961972,0.0
2025-08-14 21:00:00,25.05247070495667,65.72448985236056,10.20518313359974,21.329165643947377,0.0
2025-08-14 22:00:00,18.198440310575656,74.53480804826475,11.763261907959098,44.60585633848263,0.0
2025-08-14 23:00:00,17.701678101992627,70.0503301052224,13.044109815202921,81.99646956702854,0.0
2025-08-15 00:00:00,16.833035433105344,73.29292346537558,8.235768076161206,62.308795060634246,0.0
2025-08-15 01:00:00,14.46898479034132,91.98023141257664,1.814374125824777,33.38581039637941,0.0
2025-08-15 02:00:00,13.015620581546532,87.64813791782788,8.99929383091121,82.13423711276387,0.0
2025-08-15 03:00:00,16.32847766604228,76.43578446557245,12.507522387957797,2.92867826560842,0.0
2025-08-15 04:00:00,16.315829186803303,77.36590331754374,13.088873552503228,98.24236272307682,0.0
2025-08-15 05:00:00,18.477588070560365,81.83810627174404,13.661277472061553,47.63746153391121,0.0
2025-08-15 06:00:00,19.550742310615757,69.54398046788485,12.848177292039283,49.20763431164904,0.7757124425886719
2025-08-15 07:00:00,20.894757136556056,69.22617338534674,3.8980138686579573,70.8279800098715,61.85763322689738
2025-08-15 08:00:00,27.654023585710075,53.603893495093324,9.514617211373814,66.48386269829636,118.25710424199706
2025-08-15 09:00:00,26.032000620043647,58.78004735823615,4.488069975405257,79.65798239861068,124.88599826299006
2025-08-15 10:00:00,31.117426506535363,47.68319494978221,0.052772061265252135,62.42456844794848,203.67360173256188
2025-08-15 11:00:00,30.21203727202114,50.08048524954101,0.2671493668578728,53.44759622239638,270.49311716374166
2025-08-15 12:00:00,32.170452090373246,41.35332835942271,0.8069812434662216,81.56301158523098,160.13168573132907
2025-08-15 13:00:00,36.478324731404754,40.65103053262812,11.804043295026817,95.57451672010995,107.39140930261904
2025-08-15 14:00:00,39.19632715193313,39.1333928736012,12.155639012109004,18.523744686002008,345.3782821484506
2025-08-15 15:00:00,35.395640157682465,42.770772483025105,14.81978702161339,29.02245057903491,254.2145523340651
2025-08-15 16:00:00,33.14073486576772,48.51568972209423,10.643791730763654,7.152715320224868,233.24863590424695
2025-08-15 17:00:00,35.7937041995636,51.09163824562688,11.105645862337234,47.51596817104252,74.56250286856371
2025-08-15 18:00:00,30.75113439816478,51.510655114628,1.1628644327988036,18.1815450723957,10.398349490777422
2025-08-15 19:00:00,27.28869829719174,60.64017238645067,13.969302768103717,34.14729193811057,0.0
2025-08-15 20:00:00,30.118071900135313,65.56198393759902,4.2956779501510916,25.843728408095444,0.0
2025-08-15 21:00:00,21.966838892917856,66.75759819001188,11.073108967192065,4.2511388182838505,0.0
2025-08-15 22:00:00,19.339239609114884,72.45450392884209,7.116415507243281,92.64719927543607,0.0
2025-08-15 23:00:00,16.208836402938797,68.97318451162334,12.946732031276182,37.96659416076008,0.0
2025-08-16 00:00:00,13.3635190048142,79.29753229178928,14.7514095758692,4.383503047535953,0.0
2025-08-16 01:00:00,18.555836110578372,74.21824051663647,8.950210293925565,18.43509574542147,0.0
2025-08-16 02:00:00,16.84765047406966,77.13613313114345,11.69481808596677,24.681463632472866,0.0
2025-08-16 03:00:00,17.73528331960514,82.53041675646507,6.0586571607894095,83.12860243008463,0.0
2025-08-16 04:00:00,15.170310579107378,77.29576980266526,6.732712152931503,23.067390994954028,0.0
2025-08-16 05:00:00,18.454274255147634,78.72156993299042,6.349741621638594,91.95709152377603,0.0
2025-08-16 06:00:00,18.429966691065623,75.93892053353471,4.205577850215792,53.095856271420224,2.593768654177131
2025-08-16 07:00:00,23.731036814847283,66.4990825021932,5.2820125427071325,82.32838088107259,34.82281012760159
2025-08-16 08:00:00,24.578056286834933,61.01431822309347,11.577189838776937,43.90161339600116,151.49369985306726
2025-08-16 09:00:00,28.35996866590688,58.40638995431973,8.687777502444343,51.902261645129144,206.06720155337638
2025-08-16 10:00:00,31.11365409545506,55.55104521769789,10.171576922219172,78.08167819554096,155.03552912387732
2025-08-16 11:00:00,28.919786693825273,51.11932201233729,0.9223228411048029,61.70399494700938,244.69211899015903
2025-08-16 12:00:00,31.553547777909948,42.10303696355477,9.635335554607037,94.25872337563237,117.14057081609245
2025-08-16 13:00:00,35.15875059850195,37.44000730525514,12.529876121844802,70.35686605684656,197.9487547216178
2025-08-16 14:00:00,39.40104795870902,34.451139911258245,6.516154077170251,53.92909100207927,222.607306092922
2025-08-16 15:00:00,34.878474972174885,43.05830472425772,1.4335618971054283,60.38117737829417,172.27457275082944
2025-08-16 16:00:00,32.74032612027867,53.618281163940836,8.284831912502433,71.5864290539875,101.5147304708291
2025-08-16 17:00:00,31.634760354699793,49.293877951388346,10.942818648212477,99.58269336502518,16.75413708380067
2025-08-16 18:00:00,32.43452285757029,38.58804035175717,1.1946097213348312,33.73628333315192,6.870368667109508
2025-08-16 19:00:00,26.355154128484294,52.85171600623476,5.2084827490552765,16.80091797625266,0.0
2025-08-16 20:00:00,26.58713961282037,59.7045021468033,9.775557596865909,21.518765017633413,0.0
2025-08-16 21:00:00,23.177636188011533,55.94837984056031,3.122243553485106,86.47323143025966,0.0
2025-08-16 22:00:00,21.825584536618415,67.14934204826216,8.77689069754169,54.503455924609426,0.0
2025-08-16 23:00:00,17.53957734969205,66.2822034029448,2.315079843447933,52.69338431846117,0.0
2025-08-17 00:00:00,13.821620489328506,76.04897112462282,10.595141953353329,50.41288531966088,0.0
2025-08-17 01:00:00,12.050744707601503,75.17665037545709,1.4882493995863222,11.789360985020615,0.0
2025-08-17 02:00:00,15.753987274075703,84.33001019893615,6.520832154919926,55.463222466553994,0.0
2025-08-17 03:00:00,12.107243570947148,78.68655951739524,12.404132705365916,48.922796213682204,0.0
2025-08-17 04:00:00,16.109038269274336,79.55337689113743,13.305749978190256,84.2836822753769,0.0
2025-08-17 05:00:00,18.454569835409576,69.80905985262689,13.087311649408408,67.60657469426762,0.0
2025-08-17 06:00:00,19.378238297546847,70.5028742700386,12.23930755351761,73.80427071862859,0.0
2025-08-17 07:00:00,22.123625403872317,72.87929310616478,11.654680248801494,22.76345316599635,109.97014376312659
2025-08-17 08:00:00,27.203000606643634,61.70850783703529,14.6741615131931,87.70182015609845,80.22094284151379
2025-08-17 09:00:00,27.62285010297531,55.946776702467766,7.91598050795225,39.60426220466421,242.48986235158114
2025-08-17 10:00:00,30.24884862468676,54.84329900263771,11.233550468847413,40.70940987366611,291.308713390366
2025-08-17 11:00:00,27.24921238334702,47.651363963552676,8.568359100597442,85.32546898633356,155.72085810209362
2025-08-17 12:00:00,35.289388202591624,52.507453121729235,9.794171723873774,84.38783880083727,161.78589649095792
2025-08-17 13:00:00,35.53606168594681,39.6535553970457,3.7518719801816385,80.41641194776585,156.77025368134738
2025-08-17 14:00:00,36.192410052378804,35.25497262340173,2.9933552146682,72.11972939118631,160.71935029990235
2025-08-17 15:00:00,31.636312196667873,50.99900126415896,2.0958098114806587,55.64469000685028,190.63434716647396
2025-08-17 16:00:00,36.67615445377016,33.950495329443314,2.708229891966483,79.43122573388304,79.80830841487536
2025-08-17 17:00:00,30.19255163104464,35.31172696853967,1.5741367852705084,44.67122392855705,78.36862392756231
2025-08-17 18:00:00,29.35475008383009,47.047911644778814,7.188499904340462,9.304939441081972,0.0
2025-08-17 19:00:00,27.06464157153928,59.60075748370173,5.942044115024775,31.42963923371065,0.0
2025-08-17 20:00:00,22.535578484765857,65.52367659242246,5.606760219563473,95.67294207318116,0.0
2025-08-17 21:00:00,23.331362045951845,65.0346635275957,10.985045724351163,38.34475717669922,0.0
2025-08-17 22:00:00,19.874643086632577,78.32766543535654,5.922439955587588,59.35716323299811,0.0
2025-08-17 23:00:00,16.37989940622274,67.74604824155722,11.031388989266535,29.032518305274536,0.0
2025-08-18 00:00:00,15.700921367782328,77.17790857545745,0.7493781224914869,27.733750174930925,0.0
2025-08-18 01:00:00,14.027739855205917,80.38159520335155,14.039493741298983,62.22068368986837,0.0
2025-08-18 02:00:00,14.3507523920796,74.17122908517177,6.943146507231636,13.956766492001549,0.0
2025-08-18 03:00:00,13.789331970519552,82.72556332874517,13.88054937085643,60.683381870616536,0.0
2025-08-18 04:00:00,15.979414094527067,92.14487140140318,2.945176185653385,64.79412797795293,0.0
2025-08-18 05:00:00,22.113743723769574,80.58069252896182,10.133233289698902,27.005005674943604,0.0
2025-08-18 06:00:00,19.66995395914941,67.08224259612642,9.592816042202806,13.009947974211789,0.0
2025-08-18 07:00:00,21.854638088610223,58.62856098027438,11.169216542869282,2.2800343322237904,123.40217337849245
2025-08-18 08:00:00,25.22290586624874,58.60685078353119,3.86912305183307,23.162610502212765,201.53151193274013
2025-08-18 09:00:00,27.597206402094873,63.51166652968337,4.409174672266343,51.60743823268936,203.95629876721893
2025-08-18 10:00:00,28.09145600076025,51.32412983625103,13.589122982999504,24.39545931218533,346.4293664031071
2025-08-18 11:00:00,33.013342254906206,40.547789276139476,11.521848424056515,94.98693930978067,106.24994219280183
2025-08-18 12:00:00,32.35736088140921,41.923893728074475,6.014161410192061,63.69707088213299,235.94149688414797
2025-08-18 13:00:00,31.056461036442723,47.123243301969744,14.050624668006861,6.797700603080326,454.0514595152817
2025-08-18 14:00:00,36.29480381213223,46.114944858034626,3.7597651834448738,18.714495126523556,354.20874307496933
2025-08-18 15:00:00,36.093077188736146,41.14272431310014,8.80600564357279,10.407131858213214,315.67332954395926
2025-08-18 16:00:00,35.05493682979991,41.497051574356675,4.449962700428413,46.29872611141934,153.31215203884307
2025-08-18 17:00:00,32.28751335190963,48.05261382324963,13.995478065616277,74.1657882774303,42.77004829533725
2025-08-18 18:00:00,33.70265324169115,54.58725410279012,13.555422655528528,0.9407343985362138,0.0
2025-08-18 19:00:00,29.21521970040851,56.973211697434294,2.693835861640737,67.28852103336935,0.0
2025-08-18 20:00:00,25.141538986685,57.286783790581545,4.625302561818222,1.1584361333560333,0.0
2025-08-18 21:00:00,23.49706857588228,66.69999749637046,5.725891295799946,29.67117134271381,0.0
2025-08-18 22:00:00,20.955565708095556,64.39797135174824,4.675062094672674,16.783223694097405,0.0
2025-08-18 23:00:00,15.772092889428487,70.92359940656543,11.323784277358007,37.02201301683273,0.0
2025-08-19 00:00:00,15.353534207553112,72.57725384322788,2.9707008287467533,89.98940964304865,0.0
2025-08-19 01:00:00,14.203862594138023,84.2391741585627,6.075737833604426,49.90915354588016,0.0
2025-08-19 02:00:00,15.813426819044585,84.86025607281003,0.18331002383076223,73.24438428804189,0.0
2025-08-19 03:00:00,11.265277273578612,80.36067831697441,5.602137673491222,63.318551074797135,0.0
2025-08-19 04:00:00,11.5231278371518,70.40762901345099,0.926860641717206,29.95886885574851,0.0
2025-08-19 05:00:00,19.712231865674777,68.05701562903683,3.8599417324810146,79.69970874865403,0.0
2025-08-19 06:00:00,24.238337412749388,70.40086157202948,8.509600066992924,69.43765435608155,0.0
2025-08-19 07:00:00,24.914202290061674,70.25366314457209,7.7109756850542635,63.357017465871465,69.93640051746172
2025-08-19 08:00:00,25.274148043598927,60.18020159397163,12.897648064719391,64.50628531738923,114.69586979600916
2025-08-19 09:00:00,23.73453817650327,52.004237578486745,0.15702979404594475,36.89012143504002,248.30276879270718
2025-08-19 10:00:00,30.724578587701615,39.958305543487356,1.375952800330074,10.421453588964146,393.42033843408905
2025-08-19 11:00:00,35.00709901007342,36.76824369655773,12.641373566898475,0.6521080926329637,448.96731715999033
2025-08-19 12:00:00,32.019006193065145,52.08070873906384,6.9173764068510994,59.266117442952115,253.8795074118031
2025-08-19 13:00:00,33.68614565734413,41.226288345133675,0.3941798287369247,61.13375827769715,239.5368201699942
2025-08-19 14:00:00,34.017271677097895,43.70935960069739,3.886565471869779,99.10055052257991,96.66548767328351
2025-08-19 15:00:00,34.98522725316749,40.10204041761348,3.393022961547376,98.04631928639228,76.58977067064406
2025-08-19 16:00:00,33.6540034604193,48.19124971195419,14.838958526991842,48.91955809237426,144.9815968897088
2025-08-19 17:00:00,29.303318108967595,44.627022452432726,3.5770427878581974,40.83313729957921,84.34670004114493
2025-08-19 18:00:00,30.934178138486754,45.10514798069117,3.9916523868643505,58.89442094066959,4.469136270581972
2025-08-19 19:00:00,28.907943199987567,56.538363112713064,14.305389266723907,63.317362117274456,0.0
2025-08-19 20:00:00,27.204371140194702,47.36029142594647,7.62465381144179,80.60849153153079,0.0
2025-08-19 21:00:00,19.551542877907373,61.79838962759755,5.38915425290929,3.699879445860932,0.0
2025-08-19 22:00:00,19.437086641191122,67.66897756606696,7.725940127620767,37.384462090347206,0.0
2025-08-19 23:00:00,18.838661371043507,73.25693634370272,11.635743526313869,10.194532912245647,0.0
2025-08-20 00:00:00,16.77665458345775,80.92802696731349,8.280307257731934,65.66581165839004,0.0
2025-08-20 01:00:00,17.333984963103788,79.2075125705225,4.249583204997537,76.74908607282553,0.0
2025-08-20 02:00:00,14.522526458307699,79.30382954046848,9.46646055488256,64.48306908290547,0.0
2025-08-20 03:00:00,17.48974971336314,70.37522497185667,5.0461049007413585,80.38339891423826,0.0
2025-08-20 04:00:00,14.698838566452297,81.19780354275649,6.052801804000801,61.0544734094834,0.0
2025-08-20 05:00:00,13.658354347158348,66.28237795122101,9.491718606607522,89.36389060762934,0.0
2025-08-20 06:00:00,19.087783986207516,67.97625934428862,0.41159524280383664,86.9755903051072,5.436271632883798
2025-08-20 07:00:00,22.376371121114246,71.32572505441883,12.90932586482544,7.376097022758565,117.44025384338292
2025-08-20 08:00:00,24.92747518256784,63.66324275047938,14.61714098750949,17.94416876805185,213.75453355151015
2025-08-20 09:00:00,29.587493177559217,55.51428518347699,7.035584908439366,9.946060387191235,320.6173209428104
2025-08-20 10:00:00,34.86966991953308,53.31857490320535,6.788679116937356,2.7122629468387727,408.0033997779685
2025-08-20 11:00:00,31.851151135595845,45.31980216024994,0.06713061801685516,60.5365738903769,247.10105928032453
2025-08-20 12:00:00,37.21036700625665,46.17787833435375,9.104869354900533,77.63696132211307,182.16009325127402
2025-08-20 13:00:00,34.063766937097284,34.85195789943734,5.013374617214663,25.17374796340973,380.6407188367741
2025-08-20 14:00:00,35.14092850637592,37.132779308605556,4.17954571486218,62.475308616227565,200.8914647638258
2025-08-20 15:00:00,34.80131980326557,42.122080124872966,9.964542858026237,61.18109498061218,171.77724803532902
2025-08-20 16:00:00,33.73325135268649,50.02532069847861,6.682959704282724,45.90713147840519,167.58552462165903
2025-08-20 17:00:00,31.23013319020563,46.51870780191265,2.414222927816354,99.32564041585937,25.438562522664146
2025-08-20 18:00:00,31.224891600521413,44.48181838052527,7.756297305685884,74.99788355617451,0.6279184408119827
2025-08-20 19:00:00,25.273681228958058,50.21230746065965,5.04945037541093,2.2180553571967576,0.0
2025-08-20 20:00:00,26.385409955761556,50.30098712974555,1.0085525903472141,41.819538342430995,0.0
2025-08-20 21:00:00,23.29476037882054,72.33997908825849,7.973187335363622,86.86818459352466,0.0
2025-08-20 22:00:00,18.919218747322148,71.6562535809349,11.215588381236028,38.74189341917702,0.0
2025-08-20 23:00:00,17.791853527878978,85.77069338994214,11.273434806477601,62.82325137734711,0.0
2025-08-21 00:00:00,14.810572551588962,72.17090504795904,8.354335448448667,43.13305226356269,0.0
2025-08-21 01:00:00,16.930190330477004,84.39839099884699,1.3190079214017043,73.94892293095577,0.0
2025-08-21 02:00:00,15.720134635894484,83.10205168902837,7.079655648140454,93.1669762538591,0.0
2025-08-21 03:00:00,15.819065070804216,70.37289331514899,8.669409433469223,45.219745968887246,0.0
2025-08-21 04:00:00,16.340099170495964,77.72470948750386,10.164146213351671,85.33171599465423,0.0
2025-08-21 05:00:00,17.994711436398866,72.0364707015074,12.049566241707549,6.824954378639381,0.0
2025-08-21 06:00:00,18.064006867781515,66.27183259514537,14.734858699189177,9.568393876377145,0.0
2025-08-21 07:00:00,25.565813023261324,69.46644335883865,0.0031426907629383827,56.25625238414784,68.85552960691525
2025-08-21 08:00:00,25.600466020600088,57.96579189846422,2.9202970681173985,87.22682801556977,76.95304789854102
2025-08-21 09:00:00,29.062209227439865,54.72561180121801,7.813593585097112,39.1034750416899,239.38912127663525
2025-08-21 10:00:00,29.99213661845288,50.69988791706295,9.715372458695251,48.887524505364986,266.05023451513784
2025-08-21 11:00:00,31.626167658988543,51.59581174300206,12.24396979605993,77.51937951104425,178.40601252823834
2025-08-21 12:00:00,34.12317557587575,42.48295467050584,4.008990491329547,41.29910566813055,327.19562434755176
2025-08-21 13:00:00,34.12105278306807,37.995395392950975,11.824956376785764,5.474724906709072,452.8775259554248
2025-08-21 14:00:00,34.6325126175862,37.303740305610425,1.567433797670772,16.925974178951307,366.7190056329643
2025-08-21 15:00:00,35.531191472508915,45.46843217004564,9.130508551664624,4.331399094290733,323.89623697692554
2025-08-21 16:00:00,33.31845672387279,42.775157216134126,13.213557486732116,85.83894890768913,66.0100910204264
2025-08-21 17:00:00,29.933558758146322,40.49665640046901,2.3022497377522795,76.07191365907902,44.08212255137673
2025-08-21 18:00:00,28.536649038389704,45.512524969761216,13.941062643340878,0.3598637365216928,0.6906454119841305
2025-08-21 19:00:00,27.251627494036974,54.230774382264784,14.044017774230278,8.052991226830585,0.0
2025-08-21 20:00:00,22.110308660755567,70.64009425534041,6.082913650357425,69.93300088294436,0.0
2025-08-21 21:00:00,22.6858039430685,67.51262403287993,6.823424096805119,67.83451514681306,0.0
2025-08-21 22:00:00,17.821383558699075,72.44743498177574,14.104417097625332,38.81639143322793,0.0
2025-08-21 23:00:00,17.849980980297133,69.44166982646541,11.866777091296305,28.972350613436703,0.0
2025-08-22 00:00:00,16.5582576669833,83.41866857316268,3.4238886452850354,39.48691667219217,0.0
2025-08-22 01:00:00,15.925816335201077,77.43255003839923,8.263505991687477,87.16187725920898,0.0
2025-08-22 02:00:00,14.50366411813641,77.65641059506514,7.078219508935288,20.17987323714149,0.0
2025-08-22 03:00:00,14.681179551750464,82.44223976275163,3.0381565569950295,30.00273547076774,0.0
2025-08-22 04:00:00,14.650325814896824,74.12725484780404,1.27952698745891,3.801601666147847,0.0
2025-08-22 05:00:00,14.48502923170927,73.22706169683264,9.627718425881312,12.252835136080298,0.0
2025-08-22 06:00:00,19.563565905886723,75.5620382035312,3.4366052485811664,5.121850527579275,0.0
2025-08-22 07:00:00,24.51800353120703,64.97507449848162,14.51670721731057,99.71610548281414,26.800644084452337
2025-08-22 08:00:00,24.063985720263787,52.26476170836168,10.113836115380318,76.76862532492204,97.83041867493765
2025-08-22 09:00:00,25.390451085045214,52.93577027748109,5.034217127500548,21.066959413405016,300.9460296083197
2025-08-22 10:00:00,33.04393757767221,46.891459666980516,13.268132849296865,23.014238843635738,346.8673913730753
2025-08-22 11:00:00,33.52018426243685,45.76184557736218,1.7631618821233537,77.99104196822117,181.70628578571666
2025-08-22 12:00:00,35.82362455517872,41.030084552532735,9.00380069281056,48.60272971907257,286.0529753456344
2025-08-22 13:00:00,35.495816861048475,43.59382541268692,7.2282196872202755,24.307524047166986,366.34812562499127
2025-08-22 14:00:00,34.1994476723223,33.897842199399236,5.855406342388034,20.525211181586332,345.3460046791637
2025-08-22 15:00:00,32.08817241436661,34.037272928027186,1.252810857059079,25.60434430803984,276.2415832668506
2025-08-22 16:00:00,33.67531410154091,42.347791323269206,7.437696080362845,14.453059436066429,220.4606678651074
2025-08-22 17:00:00,32.51361901854143,44.91358637089461,10.647667414834288,88.97858559459203,31.127391809263617
2025-08-22 18:00:00,29.19017563325024,46.52870023021554,3.315024033023431,40.650680153062105,2.854034448403851
2025-08-22 19:00:00,24.20184324057335,51.68636083834321,11.590577311116208,60.67575174194959,0.0
2025-08-22 20:00:00,23.30998604901793,61.722393469294154,0.06351375114004632,95.18022677570853,0.0
2025-08-22 21:00:00,23.868035704305832,70.24859340058401,3.1317385007259584,28.98717760253514,0.0
2025-08-22 22:00:00,20.5331123979591,70.22291203820663,4.414649769355579,29.393210738325248,0.0
2025-08-22 23:00:00,17.876432249114725,66.51264724431988,13.307843348410234,86.54907029381994,0.0
2025-08-23 00:00:00,17.526489494294058,77.62913965640087,0.03524632719125065,60.47357777069852,0.0
2025-08-23 01:00:00,17.617140440801524,77.33743912611318,1.8500134174751803,56.79317149526967,0.0
2025-08-23 02:00:00,15.416534125132385,85.4502252526838,0.48081796249305864,62.75025374392096,0.0
2025-08-23 03:00:00,15.49600126690226,78.09015944515158,3.8881227727805583,57.576454028831094,0.0
2025-08-23 04:00:00,16.595842157032127,76.16799651395004,12.429180831103327,84.03516252310665,0.0
2025-08-23 05:00:00,15.391383370976431,80.00682267322482,0.14019287842624684,61.47485996028437,0.0
2025-08-23 06:00:00,19.84647656129742,76.79434198448226,2.1691774446384104,6.5314431506348525,5.539166340434409
2025-08-23 07:00:00,25.122826072050525,63.76087615108917,10.487575667176037,72.04380236196815,47.09912047207791
2025-08-23 08:00:00,25.63946328567871,64.82945827373437,6.796630995075774,97.44761079907877,56.55093235139396
2025-08-23 09:00:00,24.2977687002189,57.61441311353072,10.939486354640477,48.8686337650232,224.47639366301058
2025-08-23 10:00:00,30.0432115552701,42.31915358795526,10.29144215096498,27.905524726218488,326.88807619146945
2025-08-23 11:00:00,30.255967705178982,38.99025453047904,12.702777788004184,61.179212636540825,237.07938259584859
2025-08-23 12:00:00,33.22781120366817,36.51648065307536,2.24149165996296,47.365552420205645,299.198310457785
2025-08-23 13:00:00,37.643620237225825,39.85995574852247,1.431843958461943,97.44502365645043,88.05668375152314
2025-08-23 14:00:00,33.396300580915714,45.73972484027463,9.29926040337143,19.147754215853542,348.9996050787937
2025-08-23 15:00:00,36.646266026356486,40.71988885101538,4.510204300012677,9.299711962916346,316.21565033672783
2025-08-23 16:00:00,30.284467510578413,40.57607185271926,13.971599486978064,95.46452206587826,57.85198943545228
2025-08-23 17:00:00,31.53385872075517,49.10139442896092,14.174591063761568,65.6105911508428,70.07594478698363
2025-08-23 18:00:00,29.195086760471693,50.03209223357733,11.670785986455178,20.30240826916374,1.6417322518134545
2025-08-23 19:00:00,27.98231215617412,48.24752777290628,9.306665094112264,45.33161669348961,0.0
2025-08-23 20:00:00,23.238178140918272,58.27516728653811,2.9935993145285726,10.732933968350999,0.0
2025-08-23 21:00:00,24.669631879242228,64.29767044805527,10.14712896332471,98.00900639024024,0.0
2025-08-23 22:00:00,23.085609389158524,69.23289836999801,10.581847225493458,18.493560207774696,0.0
2025-08-23 23:00:00,17.973344787610593,80.7983392162624,13.329183111413512,20.096963830831026,0.0
2025-08-24 00:00:00,16.356479493739418,77.16982313264128,12.996010520535814,53.25503355851592,0.0
2025-08-24 01:00:00,16.084530778560826,76.29799836785345,4.924014926760395,57.400152539935455,0.0
2025-08-24 02:00:00,16.436785325355125,72.77255940338323,1.3213893363118778,2.0149873185232203,0.0
2025-08-24 03:00:00,12.494406618566572,86.31213043123489,14.762574015515112,60.1915167486374,0.0
2025-08-24 04:00:00,18.654967313873474,72.99587069629186,6.058939704588896,5.20317262904928,0.0
2025-08-24 05:00:00,17.338462247420836,71.3675125762886,8.625144236264788,47.157216831707835,0.0
2025-08-24 06:00:00,23.25497593733891,69.64512606623272,6.324387073163661,24.43193409972849,3.321285643640974
2025-08-24 07:00:00,24.699983615818333,57.17111541183904,2.3935085074072715,71.880545819506,62.28540791809104
2025-08-24 08:00:00,25.394217775604105,66.2758966287321,6.203832536234939,25.35576388466312,208.53093282414457
2025-08-24 09:00:00,27.59576774644958,57.51625527626089,2.4820310923873814,77.31706100028397,125.63013799767057
2025-08-24 10:00:00,30.8080567346147,47.72202644173518,14.576963210571243,55.595387553667464,229.17386678840458
2025-08-24 11:00:00,35.82964169005474,44.19941798502857,7.362620912181052,29.73668123878571,355.6656654784418
2025-08-24 12:00:00,31.823426235487005,44.39780726446649,13.538393033445402,29.20358916035102,373.4338959790481
2025-08-24 13:00:00,37.98529016534797,42.31076377827122,12.152087676893602,64.91674469290511,221.71387157721173
2025-08-24 14:00:00,37.383277045285816,36.238164309550775,0.003878586908110937,91.81443053906337,105.80894320061432
2025-08-24 15:00:00,32.00969282158495,31.772147450411182,1.2786969868304532,45.10101730715973,222.98343015079027
2025-08-24 16:00:00,34.47193030833186,38.447487479851176,10.300136736094705,20.449966453007494,201.27412301346692
2025-08-24 17:00:00,31.81593016175036,43.0821578840652,13.971292997213139,62.56545876772675,58.651684286001284
2025-08-24 18:00:00,33.2994769390321,49.00201987367566,12.844365064939739,65.18510056515584,0.0
2025-08-24 19:00:00,26.550745390832986,63.0038500113171,13.818889038659854,20.448666857486163,0.0
2025-08-24 20:00:00,27.45039156460225,65.39520744930925,13.26550605587546,80.87631443780025,0.0
2025-08-24 21:00:00,26.069089973442853,69.8457599358657,14.92235161122916,97.22284898248547,0.0
2025-08-24 22:00:00,16.12505499182657,68.63950045192827,0.07939838320333903,7.03903294142596,0.0
2025-08-24 23:00:00,19.754492744745868,77.76671051952896,12.99259121440549,83.08935028101565,0.0
2025-08-25 00:00:00,18.234515194386763,70.73808671334825,13.73941906718582,69.90445890742916,0.0
2025-08-25 01:00:00,16.05956406571712,83.60598057611945,9.140693262339886,31.660097487162698,0.0
2025-08-25 02:00:00,10.138449214594033,82.17575567293477,9.295507877861851,61.36446356727421,0.0
2025-08-25 03:00:00,14.663282882363958,82.28999859660438,0.2188395818452793,14.9504292438706,0.0
2025-08-25 04:00:00,15.111102709604065,69.89378225738581,9.635420864792733,8.912896571442076,0.0
2025-08-25 05:00:00,16.407604234046936,78.64635188116871,2.2020804080239946,46.02228787468871,0.0
2025-08-25 06:00:00,17.726058091144726,69.75989520087941,9.47930262009814,44.716862781075804,0.8016736205349
2025-08-25 07:00:00,26.1249819197419,62.416434826610406,13.992579009636993,7.646744160549379,127.97427406018039
2025-08-25 08:00:00,27.278831550252537,55.99676560946669,14.647376746585527,54.88929303516067,145.97966398329913
2025-08-25 09:00:00,28.34823729300424,51.471271608113305,13.478686097365214,70.93050947221504,153.74246397129247
2025-08-25 10:00:00,29.401519981717286,44.295333379627856,13.177456372333484,19.9277476951237,360.502510452979
2025-08-25 11:00:00,36.011675340306766,37.558784333270424,3.627594964306442,69.93071502262659,203.1198796871832
2025-08-25 12:00:00,35.20236545532905,42.005914987686154,1.071972031016934,59.2867310262867,251.24581093885732
2025-08-25 13:00:00,33.464528272466,37.64269744674366,7.170300847863144,76.53777899114414,177.84975226809212
2025-08-25 14:00:00,35.21795485751751,32.828297086464715,6.334907234885009,14.224144202064936,360.51898553215744
2025-08-25 15:00:00,37.16097097165776,39.86270704897957,1.7595044123176173,75.5806326921355,134.1020575059092
2025-08-25 16:00:00,29.713281670356835,42.40809906291107,9.86073752002964,75.76830121377708,101.53594341544672
2025-08-25 17:00:00,32.67961516538397,34.89651146340253,4.054839834432526,43.76265079240942,84.89259116569592
2025-08-25 18:00:00,27.395095761496883,46.54572207359517,1.6269574037869123,11.666934923865302,0.0
2025-08-25 19:00:00,26.968174682688765,58.03727983563135,3.060295266117061,23.19800087410432,0.0
2025-08-25 20:00:00,27.947374802022836,54.326421505315956,3.5681569390484102,29.900314062121126,0.0
2025-08-25 21:00:00,20.68193519772804,67.30469750197327,6.45195927384285,73.10688243934801,0.0
2025-08-25 22:00:00,15.81582068870436,77.1777937351971,9.419382289147828,90.32728131300975,0.0
2025-08-25 23:00:00,18.84977524523732,70.72426417444636,5.31954054619057,81.70696975890232,0.0
2025-08-26 00:00:00,17.524809156426507,82.71050323952073,12.066306650191933,58.716747720769376,0.0
2025-08-26 01:00:00,15.60814319395416,88.31482190947364,14.345345428464096,22.060642888468564,0.0
2025-08-26 02:00:00,12.886232545512074,75.72439795496821,11.611917896481485,35.544841269430314,0.0
2025-08-26 03:00:00,13.848541160445357,89.64457692621143,9.007509549368761,69.83191686072226,0.0
2025-08-26 04:00:00,16.865988137090362,81.30237420955636,14.945740064772233,67.15501362438998,0.0
2025-08-26 05:00:00,12.690554911262229,80.3198640490278,14.292965565976429,12.934319958787277,0.0
2025-08-26 06:00:00,21.05114605047871,70.20641213259594,7.135692573983741,10.128571881153414,0.0
2025-08-26 07:00:00,23.62516004989668,57.43375074572181,7.864094192352141,81.12295582750959,48.924357803227544
2025-08-26 08:00:00,22.966364114558655,59.009119834527056,6.400676663740812,63.59409656087918,130.95669801784885
2025-08-26 09:00:00,30.081366009848733,47.58218841836337,8.34648394468375,52.69514481711626,199.28228227532284
2025-08-26 10:00:00,31.107133581515257,48.65370553070976,9.628513966786326,8.57476758783905,399.46047581859085
2025-08-26 11:00:00,31.750748719786387,45.47609869979869,0.9261124949143817,15.540182528346524,415.04730507512886
2025-08-26 12:00:00,28.3703041491591,42.70879714163908,0.1674401587023494,37.11705419949398,346.2426939671162
2025-08-26 13:00:00,34.53068528460237,39.35921690634627,2.1653718843318637,55.39858900570819,261.8168110272577
2025-08-26 14:00:00,36.764616313598864,31.094660349585567,12.272665626875828,6.6371628581608055,380.5897085189506
2025-08-26 15:00:00,36.62146673677152,45.050407830060266,5.416009167852547,8.286360503782353,308.9417604746279
2025-08-26 16:00:00,37.39043168463642,40.38582013667005,8.699034863905975,46.00319505266367,155.65047633123245
2025-08-26 17:00:00,26.786349578904325,50.57136311933651,13.660782927506695,96.14537657902598,27.603149868296157
2025-08-26 18:00:00,28.794513358067327,48.501829687053956,12.474433994814666,79.10349433082106,6.464653426388653
2025-08-26 19:00:00,31.308897119507954,64.77063131305357,14.293116572652751,22.338148748139307,0.0
2025-08-26 20:00:00,26.68226115955752,60.800465127606095,10.488150089936479,83.35550946570122,0.0
2025-08-26 21:00:00,24.141737727498533,57.986572239516875,11.95840992865762,71.75203668876902,0.0
2025-08-26 22:00:00,18.966415098948193,71.86029297979327,12.388359851037391,76.01991848301137,0.0
2025-08-26 23:00:00,19.420207055371822,82.7366667792891,3.763232259162143,58.81913937581833,0.0
2025-08-27 00:00:00,17.65387955353386,76.60181849559838,13.434383046144875,98.9900210845882,0.0
2025-08-27 01:00:00,13.452130047114363,74.22397202013967,1.5165042774851156,39.1144743596242,0.0
2025-08-27 02:00:00,12.156285741021557,82.58049704499423,13.324444738687072,61.26524792932373,0.0
2025-08-27 03:00:00,17.30891143558602,81.9860977218936,11.285420643507758,16.907737772048602,0.0
2025-08-27 04:00:00,20.78992992536113,77.98032413752449,10.33092712639247,90.808429179118,0.0
2025-08-27 05:00:00,18.28555446241749,69.62658355108256,9.404036016056468,50.7363992544406,0.0
2025-08-27 06:00:00,21.663597437899533,72.60467109522108,9.091004155426035,42.26022735824429,2.832020939420218
2025-08-27 07:00:00,26.089649982023545,66.92955179261646,2.0276137324622794,22.277496780012896,107.57146287511063
2025-08-27 08:00:00,25.02246623725552,59.930353418349185,6.624711351688671,87.29121356242706,69.50191367167808
2025-08-27 09:00:00,29.326675611753753,64.84335778484727,14.82721747948095,36.26398922752718,245.3835866125349
2025-08-27 10:00:00,29.852393321673283,45.03038986243152,8.122769253475951,82.6023976914271,143.61216001898552
2025-08-27 11:00:00,29.96129727779302,44.76499178138782,11.293617330611044,78.17021067900531,180.54494056180232
2025-08-27 12:00:00,31.033574612837647,49.456460464938274,8.375822202528736,28.49367383502096,377.224867386407
2025-08-27 13:00:00,35.338256396695925,49.43431741069016,13.378936473182318,21.127306882196585,382.3982951236041
2025-08-27 14:00:00,35.10605959774126,34.304114426913,8.510562013086922,19.242867580720578,348.0093817208904
2025-08-27 15:00:00,33.94665201775731,38.391062846993776,4.949679397298816,85.33076102698018,101.96264366147572
2025-08-27 16:00:00,34.44213375906172,37.04616895475528,5.398919031379213,67.16477845164465,116.17251141898684
2025-08-27 17:00:00,32.70730353042142,42.7411138179529,10.072506981481455,13.546489875454693,109.69306917990565
2025-08-27 18:00:00,31.49966944209488,53.928172268359575,6.331724006064951,10.901417264107616,0.0
2025-08-27 19:00:00,29.609806110643028,51.437217687606456,12.839950053987174,8.71554982058541,0.0
2025-08-27 20:00:00,24.47298283314712,65.39966018225135,3.316865781140418,5.0899257296934675,0.0
2025-08-27 21:00:00,19.112214834257163,63.38656838641788,4.108349664684747,57.0802161486633,0.0
2025-08-27 22:00:00,22.139679155337774,66.57390031040285,13.38267002240375,88.4471414171064,0.0
2025-08-27 23:00:00,17.511192201195556,75.92121192252837,7.87755208244095,28.707032447709548,0.0
2025-08-28 00:00:00,14.847955401399908,81.41595046844422,12.011633810498358,96.97430791588289,0.0
2025-08-28 01:00:00,15.043987056985719,75.72408065670476,2.629027095891396,59.040592751070996,0.0
2025-08-28 02:00:00,13.344636944276138,79.05066747303913,3.097079857538499,3.183637684318774,0.0
2025-08-28 03:00:00,17.000853107005337,77.84974024143689,7.994377784078745,53.83489151601546,0.0
2025-08-28 04:00:00,16.16141903952676,83.176248290484,9.2476584588865,74.4398269553254,0.0
2025-08-28 05:00:00,19.386344283250153,69.11502294924372,11.793124031967634,29.611966887225815,0.0
2025-08-28 06:00:00,20.81694764922435,70.39095588908056,11.186745878587535,62.061279901951686,3.1694782506325385
2025-08-28 07:00:00,24.585405057930288,70.91937662345408,8.702348472131002,37.72665111177111,80.53553924994549
2025-08-28 08:00:00,25.27783343175033,54.260975369063985,0.4284477345016152,16.609521023284902,217.25154234118077
2025-08-28 09:00:00,27.48876448669123,59.109783773623725,2.631072010737388,74.11117755322535,151.40355676738596
2025-08-28 10:00:00,30.019896439288633,50.01404376218565,6.598115107249944,82.46787895665328,145.56462441561587
2025-08-28 11:00:00,30.14509809227907,45.88079406576995,7.90693634568351,43.57923074903921,313.7378085659592
2025-08-28 12:00:00,34.93576446848687,33.95738516295537,9.97908767355356,54.984643096141404,268.6307004499116
2025-08-28 13:00:00,33.0790418214434,49.048731131363255,8.336115530033636,58.835388364100375,256.2689344550229
2025-08-28 14:00:00,31.759135411358073,43.74668546411957,2.704779497932557,89.36740014826867,121.56606363150625
2025-08-28 15:00:00,34.445941443791625,31.70394662706335,5.037020042676535,83.33851857968435,105.30302829927113
2025-08-28 16:00:00,29.86690335792003,46.554579763532736,11.263856837150584,38.356877353585304,167.5031870124923
2025-08-28 17:00:00,33.718996685479986,39.51851632555383,6.357800756261565,80.07650436774992,47.556740489646046
2025-08-28 18:00:00,30.231668904791086,59.107334449569905,4.129473448486565,54.88632776448272,5.753517622404367
2025-08-28 19:00:00,28.16574933116029,59.13316587616039,2.965612909282142,9.536385220896292,0.0
2025-08-28 20:00:00,29.300347454649067,62.306049701877136,0.5302250281846443,26.678986068075282,0.0
2025-08-28 21:00:00,20.832571166948654,69.34184782606584,10.384815735439313,96.96405932521493,0.0
2025-08-28 22:00:00,21.461673434317625,64.6109160966944,11.822224605329716,53.85292645294941,0.0
2025-08-28 23:00:00,16.504117454264367,70.48966025844548,12.490780671228304,20.281626514537866,0.0
2025-08-29 00:00:00,15.475850228633252,79.48542538347701,13.01466385163546,49.10364890451421,0.0
2025-08-29 01:00:00,17.348708428010077,84.20638041353553,4.7450628633183065,68.3044669133459,0.0
2025-08-29 02:00:00,14.242767187938133,75.77079458978146,14.181887533137804,95.14776319498178,0.0
2025-08-29 03:00:00,16.232029066360944,84.00995546356856,6.125581192061028,69.0336073419901,0.0
2025-08-29 04:00:00,17.87138195635521,80.24172916282514,5.53867311986276,23.01955047355436,0.0
2025-08-29 05:00:00,13.61298935607782,74.40895969780406,2.967953366121889,62.124063983182786,0.0
2025-08-29 06:00:00,24.05964078825576,73.03960391726636,6.301913313659548,83.58653522171049,8.294772313593386
2025-08-29 07:00:00,23.811865031680124,70.69172052876935,7.226385069383475,96.61604559389802,23.02746062013172
2025-08-29 08:00:00,27.18229825688436,56.810882426149874,1.1042266050332494,45.85142066595683,157.22932234493848
2025-08-29 09:00:00,29.64535233150347,52.20042488677642,9.40873788271239,44.80468870541748,220.361788260752
2025-08-29 10:00:00,31.50947344713485,51.026989109710875,11.435937902993711,80.09762831491432,156.68266106496012
2025-08-29 11:00:00,27.47780116717128,49.12862834469331,1.0884094782381188,42.41658514003637,311.6451396047775
2025-08-29 12:00:00,35.94720588654871,43.13734104337286,13.134712895506519,20.787060566505588,395.96356612861297
2025-08-29 13:00:00,34.233714778321335,38.42208232656493,12.254983201203329,15.56836426464443,404.24671589741956
2025-08-29 14:00:00,33.50536540106088,39.50701534085296,12.623184095477262,85.30281659880787,135.74996437783358
2025-08-29 15:00:00,33.96591977091215,50.07415553991226,13.380213629377552,46.965174145914865,212.73886137858997
2025-08-29 16:00:00,34.61730447849202,49.4069640635811,11.362886494034301,73.59238419707025,94.05518123412897
2025-08-29 17:00:00,34.33073010136034,39.04678665945384,8.26702637050058,43.919572439712184,63.71162549262516
2025-08-29 18:00:00,27.796962214880587,45.87648728263119,6.336750592985123,18.06579482029863,0.0
2025-08-29 19:00:00,25.058120704921393,52.874541076292914,1.227573097643453,19.943368958632334,0.0
2025-08-29 20:00:00,25.264503615068843,57.3504304189353,11.914553270110835,82.84985563660776,0.0
2025-08-29 21:00:00,26.00154392131431,67.1042482017073,10.21892537846563,63.57998516327507,0.0
2025-08-29 22:00:00,16.90087693163891,61.32865687741839,13.75930592905198,44.166004314318776,0.0
2025-08-29 23:00:00,18.211499119993455,68.26883520169127,6.152646820393518,55.128706511278544,0.0
2025-08-30 00:00:00,17.205725955398357,74.91363262479224,14.122348991325405,57.90861645535719,0.0
2025-08-30 01:00:00,13.228977724380979,68.7131282572545,5.0120248915994425,55.78895711540092,0.0
2025-08-30 02:00:00,13.37906752147118,86.72817634829902,0.6578153333051051,4.966333713846138,0.0
2025-08-30 03:00:00,17.61096759377427,81.2767201176609,13.671632254423823,5.125974043257997,0.0
2025-08-30 04:00:00,16.938878116920353,78.64193595917047,11.810321109475623,43.88282927533916,0.0
2025-08-30 05:00:00,17.71195497240139,71.83001371539564,9.94926936464646,71.75804981264982,0.0
2025-08-30 06:00:00,22.62146352038291,73.32286205592878,3.260827639755242,50.01702811811496,0.0
2025-08-30 07:00:00,22.687070001906708,60.86953226004018,6.4561670679720615,55.37617240636047,71.28685026400308
2025-08-30 08:00:00,26.898111235025873,65.57136747605645,12.566578553209952,37.74263738799427,170.20618980814066
2025-08-30 09:00:00,29.78576628203193,54.41575669675822,2.0861020342406364,75.0303578105942,133.72389128849397
2025-08-30 10:00:00,33.428143950967524,47.448117198496185,6.2149442697209585,1.3842720887420001,417.2642395302878
2025-08-30 11:00:00,31.541423366230074,42.24143809904788,12.52886223400017,56.28468330678116,256.5237774707554
2025-08-30 12:00:00,38.23134414622204,45.13924829889443,6.93811960788105,56.96154312674868,259.43135306215436
2025-08-30 13:00:00,36.03642674723094,39.609566725515954,0.4568310836745426,27.942680648816896,356.8038183648636
2025-08-30 14:00:00,32.81813737538139,29.596589194762032,7.069426555284874,56.361386548823646,233.87478708942663
2025-08-30 15:00:00,31.435450707234615,41.2687570669799,1.6358939049550618,54.89063837512839,202.8333625254957
2025-08-30 16:00:00,34.106065529715835,47.91721937858149,5.180919525944433,98.26417385411123,54.60187323535745
2025-08-30 17:00:00,31.107501757979918,44.75692845103884,2.3850032155008076,40.87135869886666,87.08506393712626
2025-08-30 18:00:00,28.453370522394092,51.63413776429472,14.635244156887484,87.96554692204721,0.0
2025-08-30 19:00:00,29.08555673478074,65.34807978172921,12.010097006642862,93.66782712198986,0.0
2025-08-30 20:00:00,29.37129383823044,63.76586322606921,11.67484619618135,54.676009339823494,0.0
2025-08-30 21:00:00,24.583984869635167,68.80999237011086,13.32517465865155,23.34665411667084,0.0
2025-08-30 22:00:00,19.7305212780929,68.77297253246537,1.638281973668076,2.074524310536585,0.0
2025-08-30 23:00:00,18.299934335879005,77.08043914954231,10.189894455882182,38.001125105143686,0.0
2025-08-31 00:00:00,17.40880113596813,76.94181434714937,5.475676886621302,96.38388532852672,0.0
2025-08-31 01:00:00,14.1250093651091,76.5443132968494,6.715260459907179,48.75758514441115,0.0
2025-08-31 02:00:00,15.075097678508667,72.39306572885914,2.5548995497918936,8.47628817905518,0.0
2025-08-31 03:00:00,16.332527212990286,74.60627331091595,14.574062475379376,13.131012052914881,0.0
2025-08-31 04:00:00,17.58461603830362,79.38370974685841,4.8073913084204065,28.902161618647337,0.0
2025-08-31 05:00:00,17.698370852179856,74.51098465578018,9.175968924988224,99.11517186522559,0.0
2025-08-31 06:00:00,19.40768733398537,71.58053135834501,6.868462695251175,51.158377676466536,0.0
2025-08-31 07:00:00,21.077234239169766,76.89294258750522,0.37390078889106226,36.91599484103554,94.04113907427303
2025-08-31 08:00:00,26.876051375736147,63.20635775079111,9.960683925577097,86.7874937514008,86.25176064315625
2025-08-31 09:00:00,29.140603909119775,59.29968822797361,8.433391784520904,33.47624314954971,251.1522744310221
2025-08-31 10:00:00,31.07569905641206,47.107767444303796,7.152895444360948,50.173991124892645,251.8947547070005
2025-08-31 11:00:00,30.779991961965266,47.40077302493307,14.973670576827939,29.34163858333768,359.00300878425475
2025-08-31 12:00:00,33.57273041849467,35.416899250787566,9.310952851679525,87.94734210347038,143.3841263829692
2025-08-31 13:00:00,31.96540394559455,37.49581482013942,9.312102377748072,43.91997982688307,310.3973359187328
2025-08-31 14:00:00,35.1513377975579,36.64845920068734,2.346831021025946,91.21324227219667,107.70550711315668
2025-08-31 15:00:00,38.68585497408618,45.846080285141504,4.175176610308155,62.432625933328346,162.88214311212695
2025-08-31 16:00:00,33.36955363313789,48.45729900831152,1.3011927964628263,39.376699657355275,169.99630647472554
2025-08-31 17:00:00,30.10925875398603,51.13445970905536,12.507257650683922,0.8817135241112828,123.67329059553956
2025-08-31 18:00:00,30.223739014866645,50.127084242135965,12.65196433364466,34.707955574909896,0.0
2025-08-31 19:00:00,26.305925341837167,53.5878625214318,4.347754848965606,59.151569948459226,0.0
2025-08-31 20:00:00,22.265913920668154,62.179102038166285,7.585434536702254,89.98796233478566,0.0
2025-08-31 21:00:00,20.87698356431747,62.73936743838008,9.381112864676377,98.58097417921796,0.0
2025-08-31 22:00:00,16.002765876671507,67.84938698817295,2.2252884440861043,45.744526469298606,0.0
2025-08-31 23:00:00,16.450381412016057,68.84993067209712,13.131004594360427,81.9636465226937,0.0
2025-09-01 00:00:00,14.849806653858405,82.61487181179064,9.491625964247863,23.584211052670025,0.0
2025-09-01 01:00:00,10.924634733741104,79.50104666058975,10.28801251301708,66.27566210953843,0.0
2025-09-01 02:00:00,12.40426821390783,77.75430149513599,8.84748223770055,22.074492135287237,0.0
2025-09-01 03:00:00,15.75697337920792,87.20994356731663,1.030383822446046,3.022792941942254,0.0
2025-09-01 04:00:00,14.380518957568624,86.0266590083552,14.615020879373425,4.8111872356702445,0.0
2025-09-01 05:00:00,17.073215365961627,81.80332153039436,0.5633195406936614,33.836195889105916,0.0
2025-09-01 06:00:00,19.05712740067554,70.81769372614657,6.329272416517523,60.084008073891724,0.0
2025-09-01 07:00:00,26.46915125652623,63.45643737573768,10.367337734406895,89.39074889307149,36.914660017470965
2025-09-01 08:00:00,30.058743271334684,47.250253612093616,0.41950985003614716,31.062419956955278,181.17321018638302
2025-09-01 09:00:00,31.143439519021996,51.99520478607878,0.10409803167845677,27.801985380320772,275.67629645346926
2025-09-01 10:00:00,30.97865090454077,53.49574523364107,9.02435144274808,84.88012530526497,139.49026114812318
2025-09-01 11:00:00,32.117783846766564,52.73878691369582,9.97813116793485,27.751195794796246,364.69726317505047
2025-09-01 12:00:00,34.620670600969824,47.54208887512769,1.4625862307093485,7.556319312005799,454.9018977483993
2025-09-01 13:00:00,34.009274466777434,40.050326264717654,13.194359403403089,49.222990703687564,278.73414263159214
2025-09-01 14:00:00,35.474520654491975,44.41989452444689,14.070812885108392,81.0785691892985,145.7090543124337
2025-09-01 15:00:00,34.530235170695725,43.828787528693425,11.201117434752366,48.7123850053487,205.70110476436855
2025-09-01 16:00:00,33.763110887909235,51.978719272248114,2.11099863404693,66.59144801191242,117.48062699252156
2025-09-01 17:00:00,30.62232566179186,49.49733991659026,1.2376669152820412,94.6061502124158,26.861346551365166
2025-09-01 18:00:00,32.465526080819714,52.57593848214521,3.503455212021849,32.89689103914848,6.076282380585261
2025-09-01 19:00:00,29.462346501634148,59.685245123052624,14.593304922543245,17.22201363150172,0.0
2025-09-01 20:00:00,20.560615919443503,64.59570027335134,0.33058317900589496,27.124193029675002,0.0
2025-09-01 21:00:00,24.18566707243027,67.88050367977942,9.704448142166406,82.44067820142058,0.0
2025-09-01 22:00:00,19.751332758524025,75.47952972918551,5.607267759093113,60.458181265310984,0.0
2025-09-01 23:00:00,17.773121092794323,66.76254179970095,5.118928811165284,78.88827609066963,0.0
2025-09-02 00:00:00,15.748280656947761,84.67187789668418,11.449807914832117,1.4718701591652783,0.0
2025-09-02 01:00:00,13.204006878310727,79.65599415474995,5.591370581243827,42.420741068817094,0.0
2025-09-02 02:00:00,14.133149567107274,76.53988813267614,5.812886646724301,92.78128862946515,0.0
2025-09-02 03:00:00,16.593655740179784,82.14696017384568,8.801336864708745,41.057712424501545,0.0
2025-09-02 04:00:00,15.138172471022642,85.83519975106738,9.64310392660526,47.02608792051998,0.0
2025-09-02 05:00:00,17.853905408541486,76.8997722516646,11.81045576814124,60.33084512972424,0.0
2025-09-02 06:00:00,20.96076506692957,68.39298530599358,4.197488998409657,21.33098241058621,6.656313793396712
2025-09-02 07:00:00,21.579770613671773,61.168675756531066,2.511127748710283,64.0062710768899,61.8640946364401
2025-09-02 08:00:00,24.25477389493217,63.17344031208722,13.452675234889336,44.77498891701172,166.85982225135237
2025-09-02 09:00:00,28.147736287572013,58.99282929462269,4.629312786809422,40.643994491482594,236.18152771079247
2025-09-02 10:00:00,32.661264251833636,51.23657060139045,13.240205153199792,41.7878244226786,277.43371796629714
2025-09-02 11:00:00,34.513348785611925,57.82041502929085,9.960784322214053,53.445464444395654,266.5228373051699
2025-09-02 12:00:00,33.325686386892514,33.34473828056039,9.827971313742482,30.936679974992053,360.1350342427969
2025-09-02 13:00:00,35.6496207606121,45.20381923338087,12.802626823861468,15.477299377377419,406.39750072911943
2025-09-02 14:00:00,38.008412884007086,38.74006082774669,4.682323335984292,44.05567804955189,268.05046798555384
2025-09-02 15:00:00,32.70108991426475,39.2554533443794,13.891459000489025,80.8534678130928,132.72777957278367
2025-09-02 16:00:00,34.23921135841965,46.57431484932159,11.934572805582963,55.487197620041265,141.76895353543944
2025-09-02 17:00:00,33.90705977971979,49.71623919529935,14.105092641829293,67.2149424657668,65.4740574002384
2025-09-02 18:00:00,29.49066156814597,45.671189905761224,0.5813658724753074,51.953008228362584,0.9560148805827509
2025-09-02 19:00:00,30.124948653780827,57.59147354973223,7.553748054541492,33.20424501669379,0.0
2025-09-02 20:00:00,24.543604224900918,48.50760456492121,8.502482279591515,64.20758140723677,0.0
2025-09-02 21:00:00,22.89613143123033,66.51161617364774,9.830603738789655,21.477397849088486,0.0
2025-09-02 22:00:00,20.852977773046682,78.6888502746021,6.649320562464968,16.732424442848213,0.0
2025-09-02 23:00:00,16.17931063954043,72.76906169168852,4.717795645778462,70.80893132544297,0.0
2025-09-03 00:00:00,14.787975552160763,79.28057484274532,8.565532705270666,31.02344425001894,0.0
2025-09-03 01:00:00,15.175165137594012,77.64115475661349,3.3407225667278477,36.26539820651645,0.0
2025-09-03 02:00:00,13.25184566187224,82.77047543991125,1.3579121313004339,76.63869132798807,0.0
2025-09-03 03:00:00,17.412057549138886,82.80381412390582,9.707014960322807,58.47527889169788,0.0
2025-09-03 04:00:00,15.77517226891661,76.7678927578667,12.69834053064694,78.32001747765514,0.0
2025-09-03 05:00:00,16.160284329293972,77.23734138796978,12.086035952748729,82.90716641974576,0.0
2025-09-03 06:00:00,17.850528164447315,70.62743547879744,1.687403761432757,23.614398766723077,9.441467701540887
2025-09-03 07:00:00,23.107607562771218,77.62187312978045,13.15577601081353,58.55380809180561,73.10530721851528
2025-09-03 08:00:00,26.14006072615473,55.682977725284815,9.647454530577887,34.57801264160052,175.75396128810618
2025-09-03 09:00:00,29.729770393873164,55.06470170444629,2.854163405766335,74.54485597084796,141.30843897870423
2025-09-03 10:00:00,31.83704585697905,46.08932434664075,4.802980440098322,67.1117298648898,186.69913193016288
2025-09-03 11:00:00,28.45793319156562,48.288971038076745,5.720236163289768,10.942096081525587,436.50914932145406
2025-09-03 12:00:00,35.930742574831385,40.139775537391095,7.406726083346785,58.308759566006344,267.7911910500025
2025-09-03 13:00:00,31.731989096952407,43.24707494130449,3.3655998933641045,10.758092561927612,434.3129999224624
2025-09-03 14:00:00,37.19312622100079,52.63387254291153,3.4297487793210375,45.66800038754126,265.1601342285996
2025-09-03 15:00:00,36.56119943609265,37.23248295073216,3.8892559329237852,28.917066996002873,254.09550689599925
2025-09-03 16:00:00,38.5319133678395,38.86755810163838,6.163034563788304,69.48248297444884,110.92508773738466
2025-09-03 17:00:00,32.832140406549016,44.32741590074201,12.635778932281035,20.93345042137059,101.65135768584544
2025-09-03 18:00:00,28.502317835232873,49.760069796634696,8.451657748602194,93.93246476980798,5.968145831807262
2025-09-03 19:00:00,25.78987884733822,51.61579820346928,1.4935636907286183,84.41593536605569,0.0
2025-09-03 20:00:00,26.76798867519188,62.307913160150584,3.1783577609589893,25.341430603550318,0.0
2025-09-03 21:00:00,20.791619442840638,69.29717872262873,11.42692924815411,24.935475900099924,0.0
2025-09-03 22:00:00,19.993259639834886,68.68305187290649,2.251713765187768,39.366467985368416,0.0
2025-09-03 23:00:00,16.811137285993073,72.56181046976258,11.185793229015252,58.23447182581337,0.0
2025-09-04 00:00:00,19.50846473170856,74.07955847237422,6.040944989715398,64.25577942859654,0.0
2025-09-04 01:00:00,17.117848248520637,78.14707388953104,14.81441604251985,11.479827402529263,0.0
2025-09-04 02:00:00,17.321541636738004,79.5539312906014,12.79792425465759,95.3494139900985,0.0
2025-09-04 03:00:00,15.628828529648503,75.7136290544439,4.505801165268768,11.24540217853892,0.0
2025-09-04 04:00:00,19.247011435798687,77.88655855081625,7.595179436152099,63.577302431567226,0.0
2025-09-04 05:00:00,17.07227982997094,68.6592446225338,2.392522441402854,95.41522602104389,0.0
2025-09-04 06:00:00,21.11973682708738,70.9076540749643,5.812495712140823,6.487370699245709,4.688984775933756
2025-09-04 07:00:00,19.73816336248972,64.18462373501323,2.378300960879058,76.29059637844183,47.79009602138238
2025-09-04 08:00:00,23.905773224095178,62.983984885324304,13.764737170221247,12.356852637094661,229.83643108379846
2025-09-04 09:00:00,27.829817178649552,50.380496253590394,6.761923708715357,57.66065396968659,193.83882496758747
2025-09-04 10:00:00,28.65833232744934,49.936940480494414,1.347334454164395,98.5157735550586,86.97843737359732
2025-09-04 11:00:00,33.74763254669786,42.22185733409116,14.060724509471612,20.643523789210903,397.3648263590373
2025-09-04 12:00:00,31.71223801817829,45.443669513702716,0.6784782824194929,59.59271903727541,251.585364877417
2025-09-04 13:00:00,32.897705178400834,54.38374516060372,7.834926442773538,11.746865163137166,421.36163881166203
2025-09-04 14:00:00,37.85364738588352,44.71489016974624,9.169257502325525,21.233905425475676,332.570352123872
2025-09-04 15:00:00,34.22086035110591,38.182115621319625,14.812832531326581,92.11009785298498,93.68007623900567
2025-09-04 16:00:00,32.72231619893508,42.286208078863865,9.10037965149318,41.25314671561351,162.58595815280805
2025-09-04 17:00:00,28.22552813175585,56.12414518158147,5.571398936498474,31.787125858866936,104.17994889965638
2025-09-04 18:00:00,29.54160891071986,42.93342831583378,0.9688900913393822,16.66493086736117,0.0
2025-09-04 19:00:00,23.310828304948917,56.78142957265109,9.684382738572832,93.14698358884297,0.0
2025-09-04 20:00:00,25.637716133546824,58.67480301777018,12.011862562376152,27.69052125432183,0.0
2025-09-04 21:00:00,19.277969141137277,66.03679407187936,14.876519577267505,50.74970812641898,0.0
2025-09-04 22:00:00,19.259707239963696,72.98925404255057,10.21800846402151,42.19879924668166,0.0
2025-09-04 23:00:00,17.596579372870888,73.61313496490406,13.51776717074544,26.874666854448137,0.0
2025-09-05 00:00:00,19.156249505407814,75.5595659083348,1.1555326624137463,66.97881222649016,0.0
2025-09-05 01:00:00,17.264911322100176,82.97351254797013,7.971240752265482,79.65042724335395,0.0
2025-09-05 02:00:00,12.978433915538334,84.19024666041652,6.446206489024281,41.804901289249116,0.0
2025-09-05 03:00:00,15.593909050918608,77.61790038781731,2.3030760554435443,96.39932932232999,0.0
2025-09-05 04:00:00,13.741167765635875,69.4476371863928,10.618837199583348,52.458005040964075,0.0
2025-09-05 05:00:00,15.733110655166602,76.01807590674944,7.663099426373407,93.35688149421723,0.0
2025-09-05 06:00:00,18.122332657262586,72.01992795742021,11.86416742114426,67.6868882414734,3.392927099686061
2025-09-05 07:00:00,23.806027690860905,64.80361705144205,1.7582024941185626,99.17427369268623,32.506593195564655
2025-09-05 08:00:00,27.128131357230046,66.79183556810437,2.9295264975574438,24.781025912502074,199.6121861363583
2025-09-05 09:00:00,28.808579184596354,50.76580202931454,13.764188910531294,14.920525696850351,307.15823463373647
2025-09-05 10:00:00,32.50250984466441,49.056540087831536,13.566389040375022,20.070733553203024,359.95348723148345
2025-09-05 11:00:00,33.23405395009608,42.48149835879375,2.923934461608812,68.24205146184457,206.7118115415602
2025-09-05 12:00:00,32.064590742564306,37.88724228096395,1.0858405817891947,5.9979792756010735,464.70544219560543
2025-09-05 13:00:00,33.322122853074106,40.74069071532023,3.0298545803483625,62.966253444008416,226.71095126587207
2025-09-05 14:00:00,31.826163445399395,40.2334018124482,9.106614524281422,19.39922809717538,357.54443293557375
2025-09-05 15:00:00,33.35048114006002,43.34165361590258,9.450218947607917,58.67850713699399,179.56895251627628
2025-09-05 16:00:00,30.731948207634925,37.50275261263244,10.134624359358703,60.22000540722675,128.10428635258222
2025-09-05 17:00:00,33.974004273052245,52.664496609416595,12.832806153156083,68.46083974177995,59.23869413525199
2025-09-05 18:00:00,32.166960702352654,45.190711570451555,14.04642334294484,38.49034928888603,0.0
2025-09-05 19:00:00,27.32993919972961,58.553149608923036,10.69387454351884,67.94369803974575,0.0
2025-09-05 20:00:00,24.03659729756173,60.024000359446944,11.133930892513487,55.55318402787971,0.0
2025-09-05 21:00:00,22.5931550762599,55.406963986611686,12.905205502704032,76.28171815606062,0.0
2025-09-05 22:00:00,18.155174093948876,66.14926262372364,1.139834967830391,61.954912233205086,0.0
2025-09-05 23:00:00,15.78565651596646,65.02931426813603,13.901311182578828,0.7920228292398357,0.0
2025-09-06 00:00:00,21.399099749513127,70.5949874923053,12.17488411559359,13.803121800541884,0.0
2025-09-06 01:00:00,16.31113139791394,72.95584939233912,8.90274922248445,94.85748315935383,0.0
2025-09-06 02:00:00,14.450731107101955,85.11465565357555,2.515715502752744,75.62317994086526,0.0
2025-09-06 03:00:00,13.40252504437676,78.6793265010248,13.420129181260531,83.60476676439382,0.0
2025-09-06 04:00:00,17.881400944593853,73.97084220092893,7.50015198547807,4.540554884290127,0.0
2025-09-06 05:00:00,15.837093915304383,75.23110593482454,2.711913954045043,3.3037895489695823,0.0
2025-09-06 06:00:00,16.576247989909266,70.08150679193284,8.329855237713186,41.22365123252879,1.950087444172408
2025-09-06 07:00:00,19.14710492205125,58.94339621602453,10.488995007659039,62.905713997036564,61.45352517910425
2025-09-06 08:00:00,22.910384095866632,55.52941892037525,2.5587389686619684,71.2224199465162,117.7434614846799
2025-09-06 09:00:00,26.79784978050503,57.809647671045305,14.334036743785264,42.07873152714276,236.84129138221664
2025-09-06 10:00:00,33.05459839685409,49.5887693163378,8.246729745615827,4.029723147631648,406.3320708841753
2025-09-06 11:00:00,33.22805841663052,44.15394609193091,8.426898847696998,14.987904973626742,413.6357379993556
2025-09-06 12:00:00,33.13666232039197,38.47275052062439,5.0512819359495795,12.803520370754484,439.87665035269305
2025-09-06 13:00:00,36.088074717246926,40.40007694086219,1.2395840287084496,24.153129975953203,370.74132365724006
2025-09-06 14:00:00,36.04401301795862,41.95811547042516,3.446592977425717,4.261357253600129,400.9270328449565
2025-09-06 15:00:00,33.87286674802962,39.40562677175467,10.783183123784216,89.8335262606593,88.89887084959155
2025-09-06 16:00:00,33.29220256958598,47.26962439805777,10.36748470856016,40.645945479666366,165.75801630432872
2025-09-06 17:00:00,33.47643655581295,42.12875049421709,13.175615770362903,32.74145270374436,96.23757423710653
2025-09-06 18:00:00,28.548880738418703,45.625871615132425,13.7879848348751,40.34250241712086,0.0
2025-09-06 19:00:00,26.660098509477695,47.6505278351296,9.598849348639696,51.30201410011619,0.0
2025-09-06 20:00:00,23.050857038881436,67.24565342404478,5.6157771579589575,63.072803798754585,0.0
2025-09-06 21:00:00,22.4818891236472,71.17891784592805,5.024192102058705,68.10797611028522,0.0
2025-09-06 22:00:00,18.27087774500759,61.992490700011665,4.194127203939211,22.28920738356166,0.0
2025-09-06 23:00:00,20.286806829058165,72.15328898848885,6.144362962437866,62.00925437488847,0.0
2025-09-07 00:00:00,16.776212721859743,76.22520570998809,4.1212254875243435,23.84373169273477,0.0
2025-09-07 01:00:00,16.18705011838,75.77615352464288,13.235076144888943,18.483484421463125,0.0
2025-09-07 02:00:00,9.870964676304245,86.08407470282916,10.519058043549833,32.423264547121114,0.0
2025-09-07 03:00:00,16.43594310337148,78.56158431186687,11.25299017074012,98.86333051037298,0.0
2025-09-07 04:00:00,17.96023713607407,88.936199557209,1.360066323936075,47.06936838056195,0.0
2025-09-07 05:00:00,16.306757850727337,77.51551459377741,10.600899274874683,70.76587092930589,0.0
2025-09-07 06:00:00,19.814433262607842,73.7090647734786,6.954534862922886,90.21458307858623,2.863856910487832
2025-09-07 07:00:00,21.49588701198395,66.20316965119216,13.821022229473078,66.20660069985931,58.808037615105846
2025-09-07 08:00:00,23.33121273852425,61.67538660211769,3.8860767982752726,46.9553078169047,150.0106021612003
2025-09-07 09:00:00,28.483634628640164,48.248935307592106,12.434309382238038,2.222267016889934,336.84801847886337
2025-09-07 10:00:00,31.243747394765442,58.88804375925878,1.8775045494713527,43.0958704391349,271.09509316240224
2025-09-07 11:00:00,36.058156629348176,47.39192671412097,5.732772996062293,91.98990760929259,134.81167903962083
2025-09-07 12:00:00,37.55856037464713,39.64788115916015,12.509615080640074,95.57367298194002,103.35647733924888
2025-09-07 13:00:00,32.04990958899465,40.483802155636525,5.410929734358147,89.6586227755042,140.25164704160804
2025-09-07 14:00:00,35.982225908663594,45.108388819445835,8.422744418735945,43.80657839282044,278.9074502295533
2025-09-07 15:00:00,34.506756224390735,31.857682282925914,1.3085152834390916,93.19046163129237,81.52651680672743
2025-09-07 16:00:00,30.208405567636873,44.057911391054084,1.3028566264535213,51.17159424002807,143.63966029329583
2025-09-07 17:00:00,32.890930140360226,52.21497831609134,3.0597989833597627,50.28348907914108,75.2749184922838
2025-09-07 18:00:00,33.10915458516627,37.942983137213766,5.910342110504176,5.335307777403608,0.0
2025-09-07 19:00:00,27.162076057785864,55.40031200593448,1.043073144724454,46.368325370612574,0.0
2025-09-07 20:00:00,25.691149624186814,59.76562915564668,10.91651707755526,8.365252618082962,0.0
2025-09-07 21:00:00,25.553261368347002,63.33840684995485,4.6111140769371115,17.370722656565697,0.0
2025-09-07 22:00:00,20.186825692374953,66.41880832546974,14.194086149626031,75.77965313473184,0.0
2025-09-07 23:00:00,17.21229278485452,64.58645724360417,0.1155151581792474,67.76741506462822,0.0
2025-09-08 00:00:00,20.289253968288076,70.19352290007927,9.30309976985393,33.03791761210655,0.0
2025-09-08 01:00:00,14.140583567823379,73.10704705279215,7.757730979479193,21.773835743266,0.0
2025-09-08 02:00:00,14.281398679060356,88.09012396501055,4.81498732167611,76.10110220169233,0.0
2025-09-08 03:00:00,14.639863130689621,79.24584523403922,3.7773283770218113,17.602020485659043,0.0
2025-09-08 04:00:00,17.30321474239418,68.62166190746638,12.907487871103895,9.879906710141084,0.0
2025-09-08 05:00:00,19.48675877498904,80.68990302952096,12.469180122585504,62.73297210807137,0.0
2025-09-08 06:00:00,15.801934386751796,77.36290174667971,12.474455305052475,80.97876754008169,8.311208492467063
2025-09-08 07:00:00,24.37694575130964,66.44479893798679,11.536547116739358,11.808030164861972,115.79511113352387
2025-09-08 08:00:00,29.338951830271267,49.443300264007846,8.451525630503806,51.26422216417891,140.8357063338997
2025-09-08 09:00:00,31.160133068321514,45.207083421154444,11.204099068266906,92.61251396147962,91.05108433390014
2025-09-08 10:00:00,30.085444900168326,49.96133230308336,10.399256651255197,93.57155443126378,113.5107287706799
2025-09-08 11:00:00,34.169756608431456,48.143187101655066,2.225518619851149,15.113380795954068,410.97710110834635
2025-09-08 12:00:00,35.212865903001585,43.85269341205988,2.500217933436793,45.45053321499376,307.9091958288557
2025-09-08 13:00:00,35.05067826578522,41.50394375463537,2.136637106453162,33.549144638702685,340.4892064019008
2025-09-08 14:00:00,33.66286051518479,40.876278159513184,4.083317942151708,8.000716151939036,388.07439121315264
2025-09-08 15:00:00,32.22579221296747,40.33578709575015,5.008365528839292,50.34193878979774,212.39933559402357
2025-09-08 16:00:00,35.93162165040662,37.21107956346517,1.9404617663309036,12.804619570470132,211.26372289585828
2025-09-08 17:00:00,33.21648771041955,39.1903288869828,12.997237443207343,69.22856510657064,56.20487426669049
2025-09-08 18:00:00,29.076199426209097,46.45204879065784,2.789541095583888,30.57691092267082,1.2780057343048339
2025-09-08 19:00:00,29.169003304866095,54.3759842411899,1.1021998739302619,32.00018110060198,0.0
2025-09-08 20:00:00,27.867636371262215,64.4996472108691,5.117816279704234,64.85942590262522,0.0
2025-09-08 21:00:00,23.779109946308072,63.82406583147155,8.626168824417183,5.729759283160174,0.0
2025-09-08 22:00:00,20.48717939096412,66.73883078021453,14.49183743910325,33.466086318506036,0.0
2025-09-08 23:00:00,19.530508982366783,78.10619572107132,12.162165926078684,37.0899699041674,0.0
2025-09-09 00:00:00,15.383454118538138,74.08276675003705,0.15771840399902204,24.31724822448681,0.0
2025-09-09 01:00:00,11.60317454362266,80.76839139527772,10.972424772299371,98.96577197462364,0.0
2025-09-09 02:00:00,16.069322001683695,86.2354603671042,7.8697021275883525,28.687402265046735,0.0
2025-09-09 03:00:00,15.996224094109309,89.22696156766818,8.357302970119603,65.7874448779275,0.0
2025-09-09 04:00:00,12.847257121975437,78.97153022041141,9.87202912112597,15.582919331825229,0.0
2025-09-09 05:00:00,14.80123881092205,80.54786122474056,10.952314040138939,47.42817317125234,0.0
2025-09-09 06:00:00,16.756110867608307,68.1406436027177,0.55526369061975,63.28806159313051,0.0
2025-09-09 07:00:00,23.23435130293463,54.15647692164519,12.124984412198424,81.94412280575305,45.60973808627564
2025-09-09 08:00:00,23.46200033701331,53.446942252585295,6.944116721863759,46.54789189277717,168.81600484611636
2025-09-09 09:00:00,30.636631259318712,60.35996010665922,4.800882012790918,73.00450837788601,139.71188242010302
2025-09-09 10:00:00,28.22654177683696,54.898841898779914,7.044366625348683,81.6020487350177,160.93599844225017
2025-09-09 11:00:00,27.674412481713183,44.5187603868545,5.774428724460203,79.46918288288461,174.14812861595735
2025-09-09 12:00:00,34.74117447265382,40.020875544219464,9.158964248014207,79.73403679506234,176.96186424133384
2025-09-09 13:00:00,39.16396632654401,48.16495272226379,6.090819545903715,14.227992795414346,390.7869070609634
2025-09-09 14:00:00,36.72893471703262,45.62801480848074,3.621477503315239,27.38967534137906,311.1403141513859
2025-09-09 15:00:00,36.82011060963779,45.079082563952795,8.393096140233526,36.476163564353726,241.77315725701345
2025-09-09 16:00:00,33.44711581165655,42.37376922036538,2.902947092692265,88.30464973428627,62.46765115630807
2025-09-09 17:00:00,33.23075865266565,42.62618695670408,11.997712941710592,30.655599172281413,105.52249446744881
2025-09-09 18:00:00,31.375436744904295,50.16852381959622,3.4622198235810595,47.079708893228855,0.0
2025-09-09 19:00:00,29.5011306099249,55.156123433709496,13.2923760759342,5.294839624795311,0.0
2025-09-09 20:00:00,26.55273661251023,61.54671828044421,14.610680582528161,28.214263899961622,0.0
2025-09-09 21:00:00,22.10216401069421,68.40156603251721,10.693715750909742,30.788150835348738,0.0
2025-09-09 22:00:00,17.79749109286125,69.6449488452586,4.738476968278581,19.25027941436128,0.0
2025-09-09 23:00:00,22.352286884746142,69.22828518857958,14.93603940192225,79.58621667898426,0.0
2025-09-10 00:00:00,17.437134827099563,82.55311457669556,13.778208502836836,92.51479233724343,0.0
2025-09-10 01:00:00,15.306729664989112,82.78371129422419,6.278286026531829,86.33502023149121,0.0
2025-09-10 02:00:00,13.866781603959161,84.79482147557393,5.373986763247532,62.379479047628,0.0
2025-09-10 03:00:00,14.564241111846902,80.46078327891976,10.979924903766372,94.84904791099159,0.0
2025-09-10 04:00:00,12.975800599435305,80.6976230816013,10.416707437001776,81.96487960392867,0.0
2025-09-10 05:00:00,20.369995099593417,75.30115375704831,11.273281544449217,58.81902413588508,0.0
2025-09-10 06:00:00,18.606697682792195,63.28955453297564,11.265271674429979,50.368023385085614,0.0
2025-09-10 07:00:00,23.10420648834208,79.9948450630995,14.268293522940862,59.80519214519473,64.56739994815162
2025-09-10 08:00:00,26.058037823024115,52.044140415208894,6.855050809386583,32.59059554798309,178.67086561715726
2025-09-10 09:00:00,27.30687416891782,50.16933515499764,3.778447001519859,54.45162453840003,195.8749926712108
2025-09-10 10:00:00,29.105773801638378,49.84692081418965,11.701059409034748,87.31188686961492,118.16278205331179
2025-09-10 11:00:00,34.03167538216802,47.39763459332467,8.125463961253526,88.71667377108913,128.08302509087852
2025-09-10 12:00:00,34.693075156201445,43.9922864515577,8.694225394478698,54.028774211487004,278.34041070097555
2025-09-10 13:00:00,33.53158949656667,38.21002437654966,13.577275970358556,75.36221319242574,190.64555024661533
2025-09-10 14:00:00,35.787941975548826,45.52541168364658,5.78016313646662,74.96554516554134,160.13211353736253
2025-09-10 15:00:00,34.82891662891079,38.24625980965764,4.885579719111695,14.037641692597624,292.5208066943063
2025-09-10 16:00:00,34.08478969322337,42.18503758947365,12.143580650180855,30.74752259230956,177.58279336076313
2025-09-10 17:00:00,31.733530777230886,40.521385106223434,11.719227804876983,68.46003411192086,59.261647556282654
2025-09-10 18:00:00,29.159334113379863,51.65255153143395,3.539944226064358,84.83488578901296,9.535046554635537
2025-09-10 19:00:00,24.603630266413756,56.751959300995885,5.6712991133646184,38.37161913891437,0.0
2025-09-10 20:00:00,26.339334234510225,65.34638273026061,12.6014817652684,89.91342040138146,0.0
2025-09-10 21:00:00,23.779862184101844,61.357955033835395,8.476397117567702,2.114001559285439,0.0
2025-09-10 22:00:00,17.78962267685194,75.00652688118983,11.306210476277109,93.13635544549736,0.0
2025-09-10 23:00:00,18.074273877957218,79.09098204430107,7.892349080580077,15.69779077364325,0.0
2025-09-11 00:00:00,15.948541796707316,79.88356560045207,0.7468284046805673,22.6477132269993,0.0
2025-09-11 01:00:00,14.830551390601943,80.38643590929614,3.9787001024183017,90.20259462447322,0.0
2025-09-11 02:00:00,19.80547424246265,77.4803127137162,3.2629115230823795,43.95519400159008,0.0
2025-09-11 03:00:00,13.887659393157039,83.70554698454603,10.763518237573539,91.12980336110978,0.0
2025-09-11 04:00:00,18.96183451968053,76.61738575923727,9.91678948307366,39.69970577044221,0.0
2025-09-11 05:00:00,18.78699544827523,71.71482164093906,9.643342163781451,50.37541826190286,0.0
2025-09-11 06:00:00,17.366302062584317,68.74874498705633,5.089572939679292,97.19401047752147,0.0
2025-09-11 07:00:00,22.300442969274368,60.97380122094349,7.606162837749838,9.809656616198714,119.23916665718612
2025-09-11 08:00:00,25.484349188993114,64.96221475418197,1.2489164932612833,14.653485202366745,213.47779657745897
2025-09-11 09:00:00,30.073744083014358,54.17521943093394,1.3386338160273064,90.03325607671296,91.37231140635139
2025-09-11 10:00:00,28.508438999998745,46.012649424978086,14.534564677604363,58.813088171186834,220.09618845707968
2025-09-11 11:00:00,32.86450303071612,47.04192103330818,4.390267456505146,58.49364163893851,261.43091503180057
2025-09-11 12:00:00,32.17298602040926,46.451778389405646,3.409399860609701,74.17138152420324,197.92630830783443
2025-09-11 13:00:00,35.42105578438821,43.3352406377495,14.735327482120278,40.73050451569031,309.13151367525586
2025-09-11 14:00:00,31.633744262338183,46.317552231732776,1.50312552967389,61.71323245254663,223.30092756622784
2025-09-11 15:00:00,35.38870885999285,41.24734732169556,10.530387636897649,59.28955788496546,185.38707083608298
2025-09-11 16:00:00,34.235921577082195,38.54943683107224,12.60258352988819,17.829460124386653,198.71396058647773
2025-09-11 17:00:00,31.269527689638593,50.60322742226636,3.732393608193627,87.26049546341966,42.835373987321454
2025-09-11 18:00:00,31.68556208009273,50.96498813094035,8.682338535411011,68.00322731761872,4.053150404600355
2025-09-11 19:00:00,29.593343869232704,58.315792481328046,10.547144089923343,96.24702434376867,0.0
2025-09-11 20:00:00,24.94964184431564,67.60382689852516,13.455208051296252,5.381972081196828,0.0
2025-09-11 21:00:00,20.107740021377662,65.3435751816069,2.230873938336446,11.0185399444784,0.0
2025-09-11 22:00:00,18.733376806277047,71.17597992844232,6.59553718973248,23.027028047327512,0.0
2025-09-11 23:00:00,17.538442279197994,76.50121805096595,10.689057270222794,79.91472755801756,0.0
2025-09-12 00:00:00,18.48946277207816,74.78782251235502,11.478831446898885,81.37936300751187,0.0
2025-09-12 01:00:00,10.872611718301687,90.67178718281636,0.07525408278174939,41.453298011682996,0.0
2025-09-12 02:00:00,15.688086434778775,68.96341929927458,11.15128203747062,8.88262953846869,0.0
2025-09-12 03:00:00,13.804426791877633,85.10919659122867,7.081579649095541,4.612987935006629,0.0
2025-09-12 04:00:00,17.242007764232213,76.49360688194798,2.498744795756545,18.078860036156108,0.0
2025-09-12 05:00:00,19.59709938029571,74.01280835731376,7.038690939264922,86.16240533760194,0.0
2025-09-12 06:00:00,17.568784248206338,70.35261653753018,5.67252830569658,24.029919872245042,0.0
2025-09-12 07:00:00,22.95874833143009,69.13662622976682,8.385190862564658,95.60908878575928,23.465868042201738
2025-09-12 08:00:00,26.01899060396615,63.05485434299007,13.52268389354493,61.752467765994325,126.6784867211226
2025-09-12 09:00:00,27.168692359710217,56.9377796987705,4.827880436333009,80.96415093478595,115.82416035549456
2025-09-12 10:00:00,27.012609826838048,44.934957735925124,14.667620947118195,80.41520783342904,161.62921010236778
2025-09-12 11:00:00,32.02868334887636,45.61153349334845,5.55519256758401,50.08922636132056,283.9446975460679
2025-09-12 12:00:00,31.259822022331505,38.10825377899415,0.6011820863386208,49.262022847956096,302.663498219534
2025-09-12 13:00:00,34.35051010422762,36.482814915379564,1.8605953719939072,33.69460974742267,334.08990945946783
2025-09-12 14:00:00,36.26676144252973,42.11377828677633,1.1831142853086962,38.8048869211151,284.96936998860093
2025-09-12 15:00:00,34.137800266365815,41.10545397479844,6.897774469898962,59.605103246339006,175.8339553062239
2025-09-12 16:00:00,34.80052115062346,43.20685352407267,12.30362458782552,13.335222738276997,214.41699291645358
2025-09-12 17:00:00,34.40275599103299,44.61966883836999,14.002555679569035,1.182009954717378,127.35122956370192
2025-09-12 18:00:00,28.903684559804844,49.482313633126886,14.591651109956445,1.6632699344388047,0.0
2025-09-12 19:00:00,30.386801510153152,64.97237999722313,8.265727274764235,32.582502170742124,0.0
2025-09-12 20:00:00,24.684547060877918,55.942407984602674,11.180623521088243,65.6431089700461,0.0
2025-09-12 21:00:00,23.91942888416736,57.814411007442594,11.457554401221635,2.7117936173693513,0.0
2025-09-12 22:00:00,21.024898660209914,64.02824793815665,7.745997777334232,13.8495860981115,0.0
2025-09-12 23:00:00,17.83903276157485,72.13292032762314,1.7874385740733594,59.813400778640144,0.0
2025-09-13 00:00:00,13.700673415814293,70.96320980247185,10.324334435257258,90.06830925907933,0.0
2025-09-13 01:00:00,14.17232487288288,84.33913217985997,0.7073811875838265,49.96955526112289,0.0
2025-09-13 02:00:00,16.165114106613085,72.27132938763911,8.800739487794143,33.53849948684392,0.0
2025-09-13 03:00:00,13.856173486092985,84.24843706383635,6.136979062132683,99.67665559295544,0.0
2025-09-13 04:00:00,16.973995772984082,76.94571323656183,11.003535316501548,81.11361698144249,0.0
2025-09-13 05:00:00,15.592411654339937,66.64687153322166,7.351238456004415,51.913641379306966,0.0
2025-09-13 06:00:00,16.762256660993877,79.21706145541005,6.4017015559886135,92.70022520394407,3.3713947968594664
2025-09-13 07:00:00,20.234464612176026,62.70678424472964,4.142405243835973,41.77878635197442,83.03722450664273
2025-09-13 08:00:00,26.37468578925707,59.656591119727494,10.260484737990362,23.613952592067022,207.51553577568677
2025-09-13 09:00:00,29.75591146095367,54.54384025103944,8.909489753540692,25.58186976094039,277.0651732345856
2025-09-13 10:00:00,29.89713989895376,44.519367722078634,8.124064954171002,53.31521416743244,250.63112946373775
2025-09-13 11:00:00,32.06725370313701,57.633764607219156,14.165775434533659,26.488089398311686,373.23608765924405
2025-09-13 12:00:00,33.587255121964425,41.271007466335384,5.28174324061868,7.801822652064949,448.26946294503097
2025-09-13 13:00:00,36.65666146407962,40.005746111546074,9.136682334077571,11.903599070814142,420.6767573585373
2025-09-13 14:00:00,35.97879830328373,44.58415829087701,13.74876979610215,31.112703974141564,317.93018518141935
2025-09-13 15:00:00,32.28558883490272,44.76749195939187,4.3879324979252035,85.07045025550465,116.63413172033401
2025-09-13 16:00:00,31.66412798394491,35.57703782774286,7.585402433915701,41.553081082333854,161.70357975813184
2025-09-13 17:00:00,30.90148825352179,50.14437736002312,13.411419891481112,83.29392810662189,50.09108559288664
2025-09-13 18:00:00,30.034235188499768,56.43095440603159,2.0998426327471966,71.89072949655151,2.088190649427876
2025-09-13 19:00:00,30.41773854437851,52.13684962971112,1.0028349663805725,9.632066861304423,0.0
2025-09-13 20:00:00,25.65556492978839,61.423013600494386,11.438490202343104,35.16022913652495,0.0
2025-09-13 21:00:00,19.726183474540203,56.973387461441604,4.381419355675179,22.07372708356511,0.0
2025-09-13 22:00:00,18.78090308984104,71.95309022864727,4.533292225938275,97.38180864145963,0.0
2025-09-13 23:00:00,17.26328522901331,73.05642928495763,13.7345497061062,80.89437520245491,0.0
2025-09-14 00:00:00,18.020873244586824,78.02114748883506,13.729541167416759,62.545169509179445,0.0
2025-09-14 01:00:00,13.000290175199723,77.51134722763007,3.186519858825601,96.16308847849389,0.0
2025-09-14 02:00:00,19.43591517797,81.02360148560376,2.3618222337430965,28.45952188636234,0.0
2025-09-14 03:00:00,15.294891526211568,76.78008263811742,2.7163107804268574,46.64237252522753,0.0
2025-09-14 04:00:00,15.241379693617258,73.42295515511341,10.366563208276885,78.20151951469136,0.0
2025-09-14 05:00:00,13.99001551879553,72.94993218879834,12.808177459497486,73.26866118070836,0.0
2025-09-14 06:00:00,20.930433862064977,71.84529857660775,8.528386514735994,64.53893504399069,0.0
2025-09-14 07:00:00,16.897378213175323,63.883067356693246,8.822255162423861,36.68550330402752,99.23877903539132
2025-09-14 08:00:00,25.239977263480334,59.657170199553725,2.980586405327776,57.91644178416281,128.57913254565076
2025-09-14 09:00:00,30.830501987531658,60.975030012773,9.208907002811326,12.164751181405675,317.10496264627625
2025-09-14 10:00:00,28.71290510535612,50.34418632807498,10.338883581490428,57.2284433309999,243.4122990332296
2025-09-14 11:00:00,29.145700545045994,52.11434983910633,1.6243389948552727,1.1369852371321598,463.7294899109369
2025-09-14 12:00:00,35.13777070819116,31.013877309710544,8.686384497856595,68.65242012002588,220.7216926227269
2025-09-14 13:00:00,36.16750745321082,40.33561489196406,0.668971242410395,32.53971841570276,337.9272912173832
2025-09-14 14:00:00,33.676141325516994,30.01146818874624,12.631693370116304,22.08444167295086,349.33162585761784
2025-09-14 15:00:00,34.58601098740036,38.14315963261541,8.297058993803843,38.51889513494796,244.04585038873034
2025-09-14 16:00:00,35.39501847285408,47.72752125060577,0.6323830050990747,61.290540042977426,112.84808360192773
2025-09-14 17:00:00,32.19513837077735,51.62796948723633,3.498302358234384,91.37743729815635,26.66993488986907
2025-09-14 18:00:00,31.70116473074922,43.368429536154025,12.93372673228639,2.3942931501255815,6.45648123238961
2025-09-14 19:00:00,29.01392840341203,59.649361363647785,11.359692121365901,1.2745029781016992,0.0
2025-09-14 20:00:00,32.22289477494455,60.50284474830641,2.6021401145653784,82.20842707386643,0.0
2025-09-14 21:00:00,22.70317717631946,68.42266698439757,4.836065738517673,54.962493151195446,0.0
2025-09-14 22:00:00,17.45158390216627,75.28947781917428,12.675285329783701,21.00588057187076,0.0
2025-09-14 23:00:00,19.967065606928927,73.99052689451864,5.167470025484121,86.53226228702515,0.0
2025-09-15 00:00:00,16.954928518758102,70.0910142707735,10.914000436224216,82.44902271160596,0.0
2025-09-15 01:00:00,22.094218409228084,86.48040233756504,3.705685429873766,26.5400930051895,0.0
2025-09-15 02:00:00,15.230755075402516,74.82794563635554,12.630458614382317,42.502829195520086,0.0
2025-09-15 03:00:00,17.016584741602863,83.80966998308847,9.403689041054312,59.91393774595682,0.0
2025-09-15 04:00:00,19.124913930383496,76.7633532433701,1.5564345358437808,59.716133956263384,0.0
2025-09-15 05:00:00,18.347499015235087,76.57823544543069,8.955690177013764,79.53633862635641,0.0
2025-09-15 06:00:00,19.3231848316526,66.80943390278028,13.478729672332522,83.0436196837581,0.0
2025-09-15 07:00:00,21.507581183189423,64.23262921891727,5.291923851284052,39.582899981310305,95.46305710621162
2025-09-15 08:00:00,23.261609070932856,58.9332317685823,7.13498722329065,58.11147454886137,120.3820219765518
2025-09-15 09:00:00,27.228729103309323,63.920018640526735,12.628487558007444,67.8034878990971,155.40835823822
2025-09-15 10:00:00,31.758811461218624,43.07276831891488,11.76178135513715,54.6187437385291,236.78932619566507
2025-09-15 11:00:00,32.1374549935421,40.09798360051901,0.25363847059172995,22.950766963936296,379.19964979776177
2025-09-15 12:00:00,35.27577598885549,36.45968923404894,2.2164299736109334,2.9252379934364137,472.17189661435583
2025-09-15 13:00:00,31.733077834952965,45.78093259157232,4.6219060182826475,22.479610584781895,385.81982819144434
2025-09-15 14:00:00,34.687308786790574,48.44574696064505,14.994460741012988,27.458043848391622,336.16560651802916
2025-09-15 15:00:00,33.53801377254396,45.365984772674764,12.005180433800597,94.41786777658083,86.31946673393313
2025-09-15 16:00:00,33.784538613892764,48.621685117521345,0.2857989730523103,30.38136768324161,190.1883135128691
2025-09-15 17:00:00,30.52771185920153,45.69597804850847,12.732264810391182,84.74129090463738,34.85382437113249
2025-09-15 18:00:00,31.484402025926485,56.81788234417632,11.738669904797954,7.388903824816772,2.5301102015349395
2025-09-15 19:00:00,27.08679581362234,52.08668938455529,7.747821189372911,92.02863012257379,0.0
2025-09-15 20:00:00,23.12700634892675,58.73508645894174,11.30367452445772,44.10404069086034,0.0
2025-09-15 21:00:00,18.88361075344226,69.08069758780141,4.904549798708731,22.952422875683208,0.0
2025-09-15 22:00:00,20.836421730110654,63.35287874022029,3.6296680272042305,7.578705559052368,0.0
2025-09-15 23:00:00,18.28851736246739,77.49673776712967,13.765110398393023,81.38764126631176,0.0
2025-09-16 00:00:00,16.362157001889187,71.5235951361696,13.325690323008114,40.27239111490894,0.0
2025-09-16 01:00:00,14.3085279648138,79.11878090685948,1.3031813792274105,50.16320192905708,0.0
2025-09-16 02:00:00,13.777308152919105,73.21059885328548,12.494459533739764,44.893197625960454,0.0
2025-09-16 03:00:00,17.16329766957474,86.20967255772452,1.979055925873171,8.982241950861635,0.0
2025-09-16 04:00:00,14.129844898231582,79.74973572318731,14.169487033174027,27.81001336764041,0.0
2025-09-16 05:00:00,17.54899919811696,74.35476900691071,13.286065787202876,60.334529452877675,0.0
2025-09-16 06:00:00,18.383208368113298,73.22003504799417,5.487756429967497,18.942104742013065,0.0
2025-09-16 07:00:00,23.52846528351692,70.02201702722935,2.556610156170635,52.81084492828876,78.85859907002923
2025-09-16 08:00:00,25.66395705699596,50.794207555224226,4.659701937901463,6.326121758447223,229.3809927747801
2025-09-16 09:00:00,30.374331623580602,60.764051722814806,11.663557521153141,64.453850245106,159.29321518652708
2025-09-16 10:00:00,29.094786800601806,48.99770036106767,2.9535673182316784,85.29272028431095,134.51539803141483
2025-09-16 11:00:00,33.30104134745549,45.325245062903036,2.239455174927261,49.25847243525018,285.1738443867924
2025-09-16 12:00:00,32.48777385264128,50.1222617244082,6.5879671509054125,51.967656578237886,285.52820939264626
2025-09-16 13:00:00,38.0401261240126,37.34138562251447,1.2251004066457927,64.82413206272906,222.35316575167874
2025-09-16 14:00:00,34.39430868517828,33.88600869196097,13.928599070147355,49.29402083635415,260.44825868581916
2025-09-16 15:00:00,33.89116449873049,48.85747282214327,8.31979731068286,15.90802428504572,297.6734102898615
2025-09-16 16:00:00,34.05405949355178,56.44319739525786,13.756055890135464,93.53120297658982,60.778898094229646
2025-09-16 17:00:00,30.900618615554468,47.58687210566228,3.223689630532421,85.60623664360352,43.04125716282933
2025-09-16 18:00:00,28.16229163713973,47.15709893316588,14.748721678199736,26.129461733976665,0.0
2025-09-16 19:00:00,30.526553073081786,67.16031171846133,1.224803456792496,83.04607766720807,0.0
2025-09-16 20:00:00,24.033683787883128,60.077600709068854,2.903050057385968,14.71432550468692,0.0
2025-09-16 21:00:00,22.317180278030722,72.46238546201009,1.8243558022813318,97.31752197674717,0.0
2025-09-16 22:00:00,19.892254536191253,64.85183532738093,10.21288995725078,16.28437645016666,0.0
2025-09-16 23:00:00,17.517587408004196,80.78967898849979,13.605216731491915,80.52775318394472,0.0
2025-09-17 00:00:00,18.04258694101358,77.74952673251988,14.181665684274087,83.46348104439465,0.0
2025-09-17 01:00:00,17.541868722983534,77.53791532169893,11.191465749852695,53.23059942534325,0.0
2025-09-17 02:00:00,12.969155044297754,81.4436427813907,5.03312544726628,22.11343332118473,0.0
2025-09-17 03:00:00,18.589801697037515,76.30404004122332,12.447826278813789,87.96542566733841,0.0
2025-09-17 04:00:00,17.326066226062768,76.77132153270078,0.8565847946691768,13.758349420512195,0.0
2025-09-17 05:00:00,15.108031810455305,72.57427205275675,7.757302506482467,44.432783538631426,0.0
2025-09-17 06:00:00,23.992177260535204,66.50661498326023,10.515851204657062,16.290805393432063,10.292400486401894
2025-09-17 07:00:00,20.144023271439558,68.5186621355155,4.239832254364876,0.7481972696959494,133.91796698086787
2025-09-17 08:00:00,28.107475045821484,70.87351414620524,4.423645579498398,59.88560845574836,127.43295574936661
2025-09-17 09:00:00,28.963575238078587,55.35344803912588,9.15926741645829,23.86929851167734,278.3878075941251
2025-09-17 10:00:00,31.639069222769393,56.41645702331822,12.36308091825657,30.454537180738495,310.5900529127726
2025-09-17 11:00:00,30.188802122566344,49.185683829155906,3.8665417397157027,26.68097963022571,368.34451510022063
2025-09-17 12:00:00,34.515465981456344,38.82182158029923,11.527454951057134,49.34568585570136,291.6243101581208
2025-09-17 13:00:00,30.965658692988026,37.03752589551052,1.6066334127576027,64.55540823263335,233.03052032701606
2025-09-17 14:00:00,33.35024617097938,33.62555489024299,11.03957581555941,28.62076861678662,328.48750341939257
2025-09-17 15:00:00,32.92880258909155,39.79414143500497,4.465408563517652,24.545017729416774,273.7794607232138
2025-09-17 16:00:00,36.008925675052225,46.079304602981715,10.967032328130456,85.97625832504228,78.79262905955731
2025-09-17 17:00:00,29.34505809415426,48.63696291608267,7.479857513184726,0.8903284050746807,136.12854793416858
2025-09-17 18:00:00,27.098693435037397,38.653279036710295,8.513715438653552,0.8954069445480939,1.1554388832122584
2025-09-17 19:00:00,29.70208236038793,48.95884909711198,9.304585197363897,28.045216324663645,0.0
2025-09-17 20:00:00,22.848320169308973,55.60029075635152,14.840316386545378,24.54632443875194,0.0
2025-09-17 21:00:00,24.464367050426443,71.44020435250967,0.6321842669217531,7.693480169255562,0.0
2025-09-17 22:00:00,21.08498927013768,68.40794818242621,9.997374401644938,84.48254637073778,0.0
2025-09-17 23:00:00,13.706055252738878,69.23747143782744,4.4772661869875785,48.36313682935288,0.0
2025-09-18 00:00:00,18.476262924277723,72.51198052009005,10.217311261788213,51.08266734423438,0.0
2025-09-18 01:00:00,14.977034471477179,73.87411476520352,10.729478695389519,6.355355986998735,0.0
2025-09-18 02:00:00,14.594082583112506,72.35112892269377,13.073809547162684,0.46152469961129317,0.0
2025-09-18 03:00:00,13.52649090692126,77.87849123357155,0.44566639480100867,39.66053453107733,0.0
2025-09-18 04:00:00,15.584369066037068,79.32883096872177,2.2349200342579607,5.622605790905388,0.0
2025-09-18 05:00:00,16.7304001508097,65.09312210105676,14.330713770140386,49.14537533852895,0.0
2025-09-18 06:00:00,20.781635899333534,63.09197947451946,2.4989313184061808,13.622707519619304,3.6037797912371765
2025-09-18 07:00:00,24.465825338284013,62.048801161651525,1.5086478015445555,28.229793455731254,101.41553994391869
2025-09-18 08:00:00,24.115073621925525,62.642023513451875,0.1842981954212719,19.89668630589321,207.71243157497543
2025-09-18 09:00:00,30.980585021654136,55.14424937745348,8.368823804099376,67.75156833697234,155.64460987476514
2025-09-18 10:00:00,30.057183119937214,53.401833931256576,7.3960135629983474,82.33511078952417,145.52299269460553
2025-09-18 11:00:00,30.84591716525249,49.76197800111028,11.624439785212042,74.05351603595174,198.52331196837994
2025-09-18 12:00:00,35.64112641490183,44.205638285234876,3.4671594107126347,65.56551754048652,228.3762266852237
2025-09-18 13:00:00,34.00220157287287,30.810782328592524,14.831398903613016,91.81994431000011,130.10493720953386
2025-09-18 14:00:00,34.81447138452956,37.864964811387864,2.5952899220480945,31.786682786091124,304.5176676799563
2025-09-18 15:00:00,30.295213177671833,36.93830374105568,7.84829957877689,97.2754239608879,81.30512335958782
2025-09-18 16:00:00,35.00414186425219,50.39746373707253,6.436473380029091,41.934494319097205,157.05805358594768
2025-09-18 17:00:00,33.30160922517735,47.90126531921705,12.202382228824908,70.34097768409426,60.2040250723147
2025-09-18 18:00:00,28.019893136887458,42.278467465548296,12.701134419736844,96.89528721598697,1.9188510662499805
2025-09-18 19:00:00,23.749184760892156,57.96928904143161,11.835967653521225,39.23192924145956,0.0
2025-09-18 20:00:00,27.62189780679958,66.53339577357872,4.815977380012396,40.48781532758676,0.0
2025-09-18 21:00:00,26.54500858210751,66.88635516944902,14.650974566442425,81.12656885613593,0.0
2025-09-18 22:00:00,21.509493764316616,77.35667875670944,11.837461770338223,87.98763044298607,0.0
2025-09-18 23:00:00,15.744252372662464,71.7909622675223,7.749137501846838,24.590021028750485,0.0
2025-09-19 00:00:00,17.792053731151697,77.15609190748673,4.460713000168955,77.21287653887671,0.0
2025-09-19 01:00:00,15.610158860334465,70.86779151025239,3.9474430265229254,81.51898973890296,0.0
2025-09-19 02:00:00,15.758834334070317,79.90030280769224,4.652863249317444,10.124224263899295,0.0
2025-09-19 03:00:00,12.317407905509626,85.20787858759229,2.285106122581151,32.23666561654181,0.0
2025-09-19 04:00:00,12.939073940703771,86.76189469176819,11.308569262525092,55.14136526599911,0.0
2025-09-19 05:00:00,21.91744090509942,76.40315442375244,4.935693736445581,80.80855227675858,0.0
2025-09-19 06:00:00,20.524194801571742,65.63918292171554,13.774056634197857,45.0388132253522,3.6250839381727236
2025-09-19 07:00:00,21.89171818823362,69.45631217583201,2.224969203223361,56.65630271927968,68.19988373258637
2025-09-19 08:00:00,25.442364776379378,54.878014943686416,11.795382065953161,40.33768788860398,180.18096325992678
2025-09-19 09:00:00,28.366090642127336,47.32379953406942,5.092585728990733,68.38647541915783,160.97764649595513
2025-09-19 10:00:00,30.240571677616188,50.8625871288365,3.057533154440015,36.022482511644796,312.8352870274838
2025-09-19 11:00:00,31.18740097754721,32.767911758673534,4.7635673364785545,18.580237659334674,405.38962199169487
2025-09-19 12:00:00,35.96781952217695,44.858123982816416,12.508027933144122,38.525922670437964,335.61908294443145
2025-09-19 13:00:00,35.288656523163795,42.12266355837791,12.541493482144473,90.68404976716079,121.42905456685094
2025-09-19 14:00:00,35.64622633341001,33.73668806068135,11.520407670296555,99.00629113014887,85.0641323568083
2025-09-19 15:00:00,36.01683216870034,34.29022561705686,4.823862497962065,69.69112348417168,148.79798395755404
2025-09-19 16:00:00,33.61133812588533,51.223967660979206,8.523056165321334,80.80791876349946,85.6259396427667
2025-09-19 17:00:00,32.569190471413606,51.00763386246364,5.796583978738482,31.655019334961608,98.31570634348395
2025-09-19 18:00:00,31.42081168956515,58.20202417721382,5.0450038743089145,0.4658830419146054,0.0
2025-09-19 19:00:00,27.3786197108292,53.69162901293474,13.628973698101428,24.39660962489838,0.0
2025-09-19 20:00:00,25.94240766985898,64.84410511195986,14.931625834583983,44.8390114039518,0.0
2025-09-19 21:00:00,22.664160621076643,61.799080827355496,1.6211044014472669,31.880226467433193,0.0
2025-09-19 22:00:00,19.21035524700504,74.05810490575546,8.431294236483144,3.3393304360705645,0.0
2025-09-19 23:00:00,18.749917938684078,76.18856499878135,5.1019001003904645,35.35515710919762,0.0
2025-09-20 00:00:00,16.52235240227964,85.78049561310348,4.666894727177233,59.28696743217431,0.0
2025-09-20 01:00:00,18.014102169388885,66.52722014462901,13.100156040596382,95.0027854350333,0.0
2025-09-20 02:00:00,15.591932406717621,88.43956829933293,4.748028343253303,96.76724979182767,0.0
2025-09-20 03:00:00,16.029625048638405,87.78027005094842,13.817512417692754,56.00094201611417,0.0
2025-09-20 04:00:00,14.376267649683076,77.74862093539566,6.420688366519267,66.97987012181258,0.0
2025-09-20 05:00:00,20.79297712940459,79.59791253335258,1.2046528553388454,37.443421189295535,0.0
2025-09-20 06:00:00,19.126462340864308,66.95243555597128,3.517033700263397,45.6946039555824,0.0
2025-09-20 07:00:00,22.425920035993602,63.63505762644617,12.091072541133872,94.24654366716881,24.233336139414718
2025-09-20 08:00:00,27.30717955339435,58.36600863999735,14.708891566613168,9.735769349550283,223.52101584432603
2025-09-20 09:00:00,29.062293312883234,57.11758919108845,13.988533292481957,30.791205992872584,258.15449315613904
2025-09-20 10:00:00,32.01657648400928,53.053059235956574,0.059707050210190404,82.62785059274755,140.11482032705268
2025-09-20 11:00:00,32.14811646615358,45.86605679829464,3.541778935040105,95.67654972653405,110.43024247855263
2025-09-20 12:00:00,34.62832117077758,52.41167962089801,2.640155818561926,64.51085520268217,232.45209253225724
2025-09-20 13:00:00,34.234094753985104,44.19020171657332,6.419461978788468,89.74364510916364,133.87099892215178
2025-09-20 14:00:00,36.323525589144296,50.16456305188017,8.270376184302314,34.921072426216625,301.1613793218149
2025-09-20 15:00:00,34.184681358740924,33.24930957852924,4.766101648574887,76.14521687993442,142.39567129506202
2025-09-20 16:00:00,36.41282095714795,51.39494185824967,3.0949393678656656,73.5672638046186,101.15921324049079
2025-09-20 17:00:00,32.10613225699441,47.03035577303574,1.184395872482436,78.00264392918893,51.59016529268725
2025-09-20 18:00:00,28.45243831447127,64.69054947412376,2.476856226904698,10.17036711621776,0.0
2025-09-20 19:00:00,27.55989648671706,57.96571352290607,9.132351959936855,53.40716354836984,0.0
2025-09-20 20:00:00,25.262305011283765,58.14674365926261,3.246804609084393,97.60238288328846,0.0
2025-09-20 21:00:00,22.486425810123674,73.3129876850826,14.05451236920037,44.135542148204664,0.0
2025-09-20 22:00:00,23.66356847849901,62.31162411300072,1.4155882498727284,71.12450969353998,0.0
2025-09-20 23:00:00,17.74239960091251,78.76634837598664,11.106797590718232,1.4040841318265995,0.0
2025-09-21 00:00:00,20.92293893619152,77.13449343665447,1.3682934510514193,14.16186300042417,0.0
2025-09-21 01:00:00,16.416193684674898,82.7082079070537,6.478003043985614,13.104077018524595,0.0
2025-09-21 02:00:00,13.09448816110751,87.07908608975282,8.144799178708947,53.19686777961428,0.0
2025-09-21 03:00:00,16.442512843820225,76.42122471295119,2.930155399669603,88.19913417272254,0.0
2025-09-21 04:00:00,13.029070821824615,84.76837211150117,0.5509181858091955,54.78433196038274,0.0
2025-09-21 05:00:00,21.094968611235725,74.045687795365,5.1872877611370685,10.678612331387294,0.0
2025-09-21 06:00:00,19.249198477608378,69.40066033693111,13.019096705511336,52.26562268810614,10.050809407262168
2025-09-21 07:00:00,19.421330164341555,67.12434331096883,1.834312052880755,61.615886358577065,58.790639401102844
2025-09-21 08:00:00,26.023069408020348,56.87427462752519,4.330393588610006,2.463239098802983,242.01948809243595
2025-09-21 09:00:00,31.497618379483992,57.381794450595635,1.8138266994506576,66.93566055969343,157.9242201590872
2025-09-21 10:00:00,27.724873153196313,41.69305367450779,5.379942689346043,90.3090297390562,116.26819681850509
2025-09-21 11:00:00,31.08864221047894,38.838841938835294,0.732098060539228,12.454857056089264,427.22505268756566
2025-09-21 12:00:00,37.28440228526426,43.76477744532337,13.518069820283078,81.05266195935002,166.2591306771339
2025-09-21 13:00:00,34.23054233351085,40.44080631589254,7.580608308771321,21.52195636748868,385.80929489195813
2025-09-21 14:00:00,31.660000562859306,35.15968174476281,3.4037690993645,51.59027416784083,242.64945834103585
2025-09-21 15:00:00,34.449709076139335,36.41648657649131,7.3195500610271536,38.10096108316083,236.4631536139894
2025-09-21 16:00:00,31.62656109427184,46.91021658959162,9.203242829922708,54.5560744537838,136.35593006035404
2025-09-21 17:00:00,33.77781416218084,46.564516654670136,6.997220652372715,44.70621496306366,85.62443563305912
2025-09-21 18:00:00,30.877493918773645,50.86697657311099,8.815616091542147,38.12035433337966,0.880206947952267
2025-09-21 19:00:00,33.456307389811336,54.122596362929166,6.918404214997224,50.65336413120305,0.0
2025-09-21 20:00:00,21.123658981644837,59.13423910278232,9.538738946438203,95.82326258338409,0.0
2025-09-21 21:00:00,23.187142180685093,57.489714976248266,7.315189341676941,98.26843737488757,0.0
2025-09-21 22:00:00,21.88351450697275,72.0154698355712,3.306063119793421,12.88830553442395,0.0
2025-09-21 23:00:00,16.411042788455607,80.0938519937912,6.458332219130129,0.7283015242924629,0.0
2025-09-22 00:00:00,15.689250680083775,77.16998511528658,14.650393481062835,59.73759783086637,0.0
2025-09-22 01:00:00,13.89184359408941,73.97863354718878,0.12688366468715795,58.927038337465746,0.0
2025-09-22 02:00:00,15.40928593076491,67.39577337053771,6.353698353273566,61.82212708405949,0.0
2025-09-22 03:00:00,12.95942822261837,86.93560091258657,4.138833963678897,82.22141328059476,0.0
2025-09-22 04:00:00,13.100164486909451,75.85954480104306,13.351572085116864,74.94910190167099,0.0
2025-09-22 05:00:00,20.135538735576173,79.40279793996476,4.817340541350699,96.92582901212637,0.0
2025-09-22 06:00:00,14.434403858905386,69.07648309682679,13.874071845403384,82.85377457511196,0.0
2025-09-22 07:00:00,24.076137698860048,68.5326788118062,12.640127601919433,90.52409234803092,33.09283366354631
2025-09-22 08:00:00,26.27204385987381,53.82206468891087,11.954121036703178,67.88470789416786,110.35805279408982
2025-09-22 09:00:00,25.92591243323431,59.67843499521237,8.85376062562424,84.6844510181722,114.4007321817413
2025-09-22 10:00:00,34.07281704210977,52.72834498277598,0.46006008010120003,5.210200922510766,409.37556687971363
2025-09-22 11:00:00,34.53277232558601,42.87584757444984,6.346078096575121,19.23816026364896,393.62542975707305
2025-09-22 12:00:00,35.26394331437882,43.47688337156883,3.5104242547064173,11.75458460975799,432.81831457902746
2025-09-22 13:00:00,37.4097324131006,40.403671232046285,4.683373028806463,47.68231749844547,282.88503463691455
2025-09-22 14:00:00,34.66457124640439,44.24876905759763,1.2391796734621767,43.927725274855135,270.2519061839676
2025-09-22 15:00:00,34.74362663087373,46.80682295292292,0.6989168775655374,79.68375096103802,118.36484924807019
2025-09-22 16:00:00,28.849692328803496,31.96701740247818,2.0634377687419443,34.7187434412507,167.443693668232
2025-09-22 17:00:00,30.066968473427924,40.106530874128595,12.772041881638389,25.256247450448054,111.18874566164158
2025-09-22 18:00:00,30.322234543139096,65.1803398397065,13.58428468024978,49.01657929554718,1.8293601736704945
2025-09-22 19:00:00,28.126283322625927,46.46492708916514,9.416037825742157,98.8638516532785,0.0
2025-09-22 20:00:00,25.731704234102004,69.07640273594494,8.023474555769141,10.0121899316716,0.0
2025-09-22 21:00:00,19.747070795769034,71.67216995632488,1.0433809234800089,22.169347278542194,0.0
2025-09-22 22:00:00,21.611505470563614,69.8764656532395,9.63989921435912,16.24558132101909,0.0
2025-09-22 23:00:00,16.398382975717666,64.24923095107981,11.592893264054377,33.10890430676111,0.0
2025-09-23 00:00:00,14.902160206831436,76.16167641963925,14.174717069851008,68.1887620064871,0.0
2025-09-23 01:00:00,16.765839807693297,75.14842830425954,9.224971047515684,58.432250882335644,0.0
2025-09-23 02:00:00,19.524673855298875,82.98641442077476,11.917636712409772,11.779008978327854,0.0
2025-09-23 03:00:00,13.195862813911098,72.93055338850317,1.025333165249509,80.21342757778719,0.0
2025-09-23 04:00:00,14.371609946788492,79.28518267555822,8.067747742919058,45.792986141887326,0.0
2025-09-23 05:00:00,17.721322604663584,80.90837424646513,12.576149384467879,20.112441261126644,0.0
2025-09-23 06:00:00,20.272408617235076,72.62925383684144,4.674549050765642,37.3860311212322,0.0
2025-09-23 07:00:00,24.909219003233755,57.217448312044105,13.990100699320086,86.01982884084579,45.51045396345954
2025-09-23 08:00:00,25.169029175050678,69.58985743420745,8.90121664427563,97.93578353461761,62.397947041218764
2025-09-23 09:00:00,26.697289607952438,60.54000251904714,7.232312230887291,72.52462712049602,149.77095798348225
2025-09-23 10:00:00,29.666221729540734,49.95121358421099,8.123543547370511,22.218859742148833,346.8617296332575
2025-09-23 11:00:00,33.0803632104786,44.064652024973576,5.1481805825882105,49.659466641168535,278.8684510634809
2025-09-23 12:00:00,30.869798119331737,40.22631114844122,10.57953949500769,9.790494977926079,452.28227819737435
2025-09-23 13:00:00,36.23787704377805,54.67835662326965,7.997423014509932,5.518140389081894,443.5429542922306
2025-09-23 14:00:00,36.86666909805689,35.15316950373928,10.431531820819846,36.47228102672169,294.2181827630774
2025-09-23 15:00:00,33.713273539303344,37.12763037989366,7.197920019213075,56.763118277519396,185.3234931645202
2025-09-23 16:00:00,36.92275662782407,40.82303270126813,3.021303528792119,19.593929256150457,200.44810979494514
2025-09-23 17:00:00,33.184306798285014,43.59334462790253,5.654495565466213,97.82052762503336,25.846956911826844
2025-09-23 18:00:00,30.15101209464959,44.025758911532336,3.0114821450825553,61.8857661902512,0.0
2025-09-23 19:00:00,30.218613138736284,54.00039747243226,1.339267417049167,67.50527676733392,0.0
2025-09-23 20:00:00,26.147521001973715,62.514814843906045,0.10449212461095592,87.44146496036073,0.0
2025-09-23 21:00:00,21.689972010338344,66.68500503246177,13.417300912806008,9.288470785903868,0.0
2025-09-23 22:00:00,20.761134164098266,77.11838299790189,0.35415183774826386,18.87560699023393,0.0
2025-09-23 23:00:00,17.062162946852773,76.24135307310986,6.040873965887035,17.375724322530182,0.0
2025-09-24 00:00:00,17.422418211114284,66.8130298259694,10.668180480399181,27.917807348471136,0.0
2025-09-24 01:00:00,17.149381731866278,81.7842717231905,11.48628351307293,96.95769883315809,0.0
2025-09-24 02:00:00,13.582551321129397,82.82150509471305,8.487729093328582,77.44240638180827,0.0
2025-09-24 03:00:00,16.22026921925068,78.04298182569573,6.542087433649072,49.35222534705544,0.0
2025-09-24 04:00:00,14.79846722376368,77.07034895532148,0.5572718107403707,72.52347777258203,0.0
2025-09-24 05:00:00,18.29667061542545,79.18921183722166,12.54445821623962,60.82793260142799,0.0
2025-09-24 06:00:00,18.030538712670946,64.02262655422422,9.412799638237534,64.59644219369822,0.48353725063821124
2025-09-24 07:00:00,27.866387593489158,67.13530947268345,14.45023294001357,58.41649438085835,71.29540317006905
2025-09-24 08:00:00,27.61004806217823,57.220030607849495,14.787982769039083,14.292219727415901,221.73563372837432
2025-09-24 09:00:00,24.841317608555016,51.316828056093236,5.564649019202158,35.10477313875518,251.1489469338271
2025-09-24 10:00:00,29.36114204388573,56.66852979769959,1.0643823215149428,39.22147934616896,295.5838514718675
2025-09-24 11:00:00,27.680401684818676,45.20781443023829,9.080402379938517,79.83025622628996,173.6346917697166
2025-09-24 12:00:00,35.44986999356169,45.43797462146129,11.77475522197412,10.008467562785594,430.78118440150723
2025-09-24 13:00:00,33.62310052441864,35.83714686911864,5.418964323919805,2.5641196180785863,449.24019062943705
2025-09-24 14:00:00,33.99491264352356,40.609504701891126,11.521056201355998,32.392593176383286,315.07648769001753
2025-09-24 15:00:00,34.14332106679641,46.4100029917392,6.087676300252383,93.27696013186585,90.96210791869791
2025-09-24 16:00:00,33.110617887405894,44.419257472058604,3.180650899662585,76.20527235845725,96.13377660514489
2025-09-24 17:00:00,30.309775254940753,45.63027130057437,7.159176791095774,98.04238821381378,25.180028581465923
2025-09-24 18:00:00,26.552511526467033,43.90561251759986,0.0454957112533072,87.706240916181,1.722418489246651
2025-09-24 19:00:00,27.67716250591706,52.06794652556898,12.035925865303309,2.6062217586497627,0.0
2025-09-24 20:00:00,23.064769326676355,63.06879247578038,5.379295397948042,82.84997893092493,0.0
2025-09-24 21:00:00,20.246879080884636,64.63221439938974,1.2814949741899455,63.96027605016455,0.0
2025-09-24 22:00:00,19.168081635571607,76.05188227819346,10.730285505665504,32.353679482864095,0.0
2025-09-24 23:00:00,20.589163597247055,69.67832159029652,5.6704262567807175,86.10738266681068,0.0
2025-09-25 00:00:00,14.254496077662289,78.70363792138322,8.924441025091221,41.67267108289988,0.0
2025-09-25 01:00:00,12.50279541695694,82.52448415589187,13.785563399256903,37.61915846816798,0.0
2025-09-25 02:00:00,14.563650937804956,78.55994143933246,1.8907454023961274,48.65611163477234,0.0
2025-09-25 03:00:00,14.695386067209043,80.39655957304144,14.225647083729852,6.909020604007798,0.0
2025-09-25 04:00:00,11.54549793226974,73.62908000758826,4.014529351204635,4.456544438590271,0.0
2025-09-25 05:00:00,19.104068800913144,75.707360880317,5.509372869370813,77.30996714607161,0.0
2025-09-25 06:00:00,17.82846128479464,65.05302448765514,6.546442913052814,12.811022536672445,8.457755129067552
2025-09-25 07:00:00,22.264033191336196,59.80778853967067,5.412472326683416,13.523222837667559,116.79087053281481
2025-09-25 08:00:00,26.767514283466635,59.44451617055487,5.46246156598348,57.568085175506525,142.80805722105075
2025-09-25 09:00:00,27.842888323777412,57.40905599020942,2.593055723583838,4.438910206257862,335.2297310379585
2025-09-25 10:00:00,27.787621709073782,49.8664730633347,3.8347025587447447,94.43257462222228,102.652408001761
2025-09-25 11:00:00,29.793142023086666,43.63397106263084,2.1520986559194633,53.27276847778427,286.6621253005158
2025-09-25 12:00:00,33.11423335938824,39.55088382582337,12.44280618639942,19.352318662229195,404.95711046161153
2025-09-25 13:00:00,35.67233724209426,38.1759525662563,9.952474709935796,71.10854573232321,201.40749260181914
2025-09-25 14:00:00,36.86908265790791,46.3155351288962,6.442490572036318,85.95034648817649,131.87674908168327
2025-09-25 15:00:00,34.731513027373715,38.92755536951167,5.613193986358827,42.66523010586549,218.84054189242337
2025-09-25 16:00:00,31.84760708118931,37.90106068100558,4.303347704743644,95.75089171431249,59.108999026794926
2025-09-25 17:00:00,31.878943883350527,53.64337601749228,10.36695581328798,92.91508486613237,22.232953674623197
2025-09-25 18:00:00,31.965881006958757,54.33260226035539,3.3704543352595993,25.31611916994809,0.0
2025-09-25 19:00:00,27.249700104908722,52.7840528395466,6.2435193749485425,72.80742881592897,0.0
2025-09-25 20:00:00,23.846499198685592,53.384572833865846,13.676641228135791,19.821932065059045,0.0
2025-09-25 21:00:00,18.949545353030125,57.189583567962394,11.682246843398955,38.54084802909773,0.0
2025-09-25 22:00:00,20.838775432942015,72.86882808576067,9.699715205948833,14.969270742045449,0.0
2025-09-25 23:00:00,21.00352625442471,67.61133926351566,12.828621930614238,25.144812570974317,0.0
2025-09-26 00:00:00,18.36021804914096,77.30733038865303,4.774540119935531,54.627359990128376,0.0
2025-09-26 01:00:00,17.718502400582523,76.8732263636125,14.966368989488254,32.37385830286682,0.0
2025-09-26 02:00:00,14.930698044708825,80.00505110040044,6.168954429640572,25.8206931062115,0.0
2025-09-26 03:00:00,12.079172359617328,81.13439071652977,5.78543375649861,26.271778448040052,0.0
2025-09-26 04:00:00,13.405239669896785,77.09166331726047,11.854582811405477,77.54583830896311,0.0
2025-09-26 05:00:00,18.1208470470975,80.21162543504688,4.644627984928339,42.266700650571245,0.0
2025-09-26 06:00:00,22.147910702963916,66.05048211695285,3.5662167192211056,33.19425745067939,0.0
2025-09-26 07:00:00,19.470970420737057,65.91962938541045,12.501709089621992,74.49092037972054,52.45690326538741
2025-09-26 08:00:00,26.36743937722861,60.35677494645697,14.493568288614158,96.98436782524469,62.9597389828835
2025-09-26 09:00:00,27.712068359828343,52.922426924029345,1.5642287461580862,16.727755921186528,295.6396550300523
2025-09-26 10:00:00,27.92005266203065,46.771357037706586,11.341600382826513,71.36458095955517,187.37968025747548
2025-09-26 11:00:00,30.811108201873115,36.55261207511434,10.411304950794095,81.53595863912157,170.06865875968492
2025-09-26 12:00:00,36.0406644511258,51.0619590651596,13.349618276400728,76.66507955443473,182.69525067654854
2025-09-26 13:00:00,34.037644101977264,37.00499718820633,3.8290793675885078,30.539948972208187,349.7407091428698
2025-09-26 14:00:00,35.515808542880286,39.27219065249782,4.166035706428946,88.42114895404109,128.67996686438016
2025-09-26 15:00:00,35.15300968767308,40.787115824504525,0.3912842265004307,27.05310687658352,268.659886614219
2025-09-26 16:00:00,35.60749362171342,43.309212553307646,7.07469129243178,71.71731829419306,106.75182744360484
2025-09-26 17:00:00,31.439525282676627,44.67039849734043,2.49099156340883,41.14311933609186,80.35454706075767
2025-09-26 18:00:00,28.44609781542003,44.2328860558287,8.68054307863163,7.291667283910308,0.0
2025-09-26 19:00:00,26.85113058537073,58.458345560288116,12.577917982061988,93.6406169609384,0.0
2025-09-26 20:00:00,26.887447358566064,59.43105239717231,2.9648558989278335,18.22416901946664,0.0
2025-09-26 21:00:00,20.504973242385667,74.85116405789019,9.83895695911303,39.921447516812215,0.0
2025-09-26 22:00:00,18.406985454218884,73.75897855133356,0.3096637260011359,86.84560485183312,0.0
2025-09-26 23:00:00,17.183901626243216,73.68596841311756,1.8374965121974574,82.45904915808046,0.0
2025-09-27 00:00:00,16.571086281322607,70.75662879675889,13.974333490089789,69.85897712369997,0.0
2025-09-27 01:00:00,14.7041254038962,73.36029445147277,6.656080930922786,15.862726031436026,0.0
2025-09-27 02:00:00,8.165191923941443,78.48517699460837,1.6962706026978458,2.7436258120024037,0.0
2025-09-27 03:00:00,16.209645384350555,89.68677807493751,0.7965167951133373,91.73797791709185,0.0
2025-09-27 04:00:00,18.5657070403699,77.61570957911253,4.610476236644915,17.13374957159801,0.0
2025-09-27 05:00:00,16.20849817600918,70.10769144862036,0.9641215476586384,96.25905115947536,0.0
2025-09-27 06:00:00,19.170097093755754,62.74821669677622,12.024863845493536,0.4381989032790523,7.042486300346056
2025-09-27 07:00:00,22.637874114521605,61.503853774926725,4.855353001932598,6.9950004573445135,116.9514647540254
2025-09-27 08:00:00,24.153879209430805,58.93448095480571,11.297631677196652,66.52812825383168,115.51147123800895
2025-09-27 09:00:00,24.93708185055783,57.84592671023554,14.313935388957772,63.22668581483107,174.06011399642125
2025-09-27 10:00:00,30.55953714828144,47.81942015807982,6.886922559299331,94.62812899113754,94.90507122515638
2025-09-27 11:00:00,33.25891211569471,53.11373201694093,3.3788456741128248,74.3073330588812,195.42642610864456
2025-09-27 12:00:00,32.828071845274714,45.24754601001334,1.9288819989589756,4.855277432884164,465.80855623886646
2025-09-27 13:00:00,33.38844073726649,39.180372153819704,5.9268665731921715,24.0711855604113,375.8990207425533
2025-09-27 14:00:00,37.24837702004989,39.11848357125279,6.682259544865613,88.81047419208561,120.09733749075019
2025-09-27 15:00:00,36.69219758990115,36.4826272090658,7.74890287221658,82.43887590343355,116.92101595833572
2025-09-27 16:00:00,31.16977707885088,39.891638178940894,4.529377858974297,4.241397750238796,238.86006744710156
2025-09-27 17:00:00,29.475146347291712,44.776026760036196,1.906823788263008,62.93096548785486,63.42308392620098
2025-09-27 18:00:00,31.25932789345009,47.976551750618945,4.899188020045394,77.16133356033977,8.570445601428656
2025-09-27 19:00:00,28.311137471647278,49.06413592991946,2.5914339840443974,97.05174670954023,0.0
2025-09-27 20:00:00,24.788834119797873,59.696900851091314,11.409183983772518,59.95673784522174,0.0
2025-09-27 21:00:00,21.38925768872153,63.382617255166124,3.40990610797821,46.29245211674474,0.0
2025-09-27 22:00:00,17.69137770089962,70.9916494447813,5.82405513230652,68.53659880933563,0.0
2025-09-27 23:00:00,12.473665227038602,79.89063582752405,8.18924751391484,68.56722914910077,0.0
2025-09-28 00:00:00,20.485471418128647,83.56882225693863,7.233900690952884,7.1465131339496395,0.0
2025-09-28 01:00:00,13.231476339336218,88.33049771469337,9.885969033322743,51.634258661789154,0.0
2025-09-28 02:00:00,14.36849264634422,85.12125864860862,11.461791151675046,49.294127891758166,0.0
2025-09-28 03:00:00,14.920919064712539,84.53632193100387,10.74830620847356,22.238742150041958,0.0
2025-09-28 04:00:00,17.999580049535016,74.0249793584899,14.059612515798838,83.23764820572912,0.0
2025-09-28 05:00:00,15.082138495236805,67.86430502820865,2.2914963885912423,67.27383559491307,0.0
2025-09-28 06:00:00,18.807035982971435,70.46190171629675,9.079510766641466,10.797642973917421,4.419085658360827
2025-09-28 07:00:00,22.723093818431824,65.33806049383824,10.600510306371705,9.631615145605243,123.05557642938368
2025-09-28 08:00:00,25.27342784992124,57.74371511485126,6.956874432327257,40.20269838514993,166.7154130121447
2025-09-28 09:00:00,28.27953589522604,56.40307781613802,2.2071812072965944,56.08524216481279,193.00819178395093
2025-09-28 10:00:00,29.925146760186454,60.64357660055376,3.2830945338475814,28.164721897489642,329.8530843681716
2025-09-28 11:00:00,33.40924940152118,42.54656462810837,6.915660041026047,39.720145727551845,325.2668548835767
2025-09-28 12:00:00,31.582348564460712,41.323364462959404,9.628692828488383,46.06930209480055,306.14180541824896
2025-09-28 13:00:00,34.19314343502752,43.915713781271414,3.4240149039274166,52.84100777060038,265.781623654898
2025-09-28 14:00:00,37.96416804171526,44.38966267921559,2.066400589894858,41.83934679546341,278.3119944949385
2025-09-28 15:00:00,33.50226972430985,45.06641283511193,5.18817799990556,39.738137221750506,242.53873694194834
2025-09-28 16:00:00,37.55428363620674,48.82768610579164,9.996688158856886,85.03234855238581,82.72451483345976
2025-09-28 17:00:00,32.42585640855813,42.02517425190612,13.545874305575744,96.14355984211853,27.693052271459436
2025-09-28 18:00:00,31.864854697214767,47.71895912833653,1.3813984742876773,88.28605098665237,0.0
2025-09-28 19:00:00,27.75099403434655,56.12003959202398,13.793204166457235,22.316301550729712,0.0
2025-09-28 20:00:00,24.281029501208756,54.97408151710489,14.384202662140567,81.91165296573365,0.0
2025-09-28 21:00:00,19.807720808507206,70.67159878943762,12.345481704227165,27.3808100623701,0.0
2025-09-28 22:00:00,17.93029642772393,69.73924157971815,7.460770312485405,54.1169198769669,0.0
2025-09-28 23:00:00,18.455486862684133,70.5024794007408,7.69005854348588,8.55312927540317,0.0
2025-09-29 00:00:00,15.980458331452438,77.76833028175484,13.15329965792024,52.2408747869268,0.0
2025-09-29 01:00:00,14.680918646749493,79.46074037255303,14.576128249953904,59.953665169108895,0.0
2025-09-29 02:00:00,16.046050514336983,75.69291027011384,0.6781177929635285,5.2203547548917095,0.0
2025-09-29 03:00:00,17.444636870766708,84.06438499704745,0.8650093306143625,58.31280017007916,0.0
2025-09-29 04:00:00,13.212685612964924,68.27784418314116,0.870499635368514,17.45707528442325,0.0
2025-09-29 05:00:00,17.94648562321023,78.10165574202671,4.855931344665605,65.86623717227498,0.0
2025-09-29 06:00:00,21.381337560498014,66.34770445532023,5.311673712320393,68.59831439744842,0.0
2025-09-29 07:00:00,24.575009175489438,61.05585514387335,2.0271970534525403,16.147962486315414,110.93480814596357
2025-09-29 08:00:00,22.98752920381192,59.857200812329985,10.89066014756566,31.399499223936477,182.36099080359904
2025-09-29 09:00:00,29.23050310873584,55.55630940109532,9.004634449312126,5.855468845923739,333.63394574281386
2025-09-29 10:00:00,30.880201015777853,49.445549996709175,4.147981027762427,78.0222479146739,162.92896022124063
2025-09-29 11:00:00,34.098839699713615,41.06411687016278,4.496319330122352,97.40184323315184,104.39263130095276
2025-09-29 12:00:00,32.690618610036594,36.13660321241639,12.04287511991422,3.721443197537211,468.25440729127934
2025-09-29 13:00:00,33.79840019271272,35.96530328780874,7.938922285283521,97.43703639156274,103.27135820813035
2025-09-29 14:00:00,33.65011074595986,40.197395475850215,13.99604493839292,98.48365792882825,99.44705000712099
2025-09-29 15:00:00,37.106932787950896,42.81971269093689,8.064519977384487,22.729273524168402,266.0519497609
2025-09-29 16:00:00,37.128612020066356,50.10662068547606,5.078455236024494,48.21407748658806,149.8726828073531
2025-09-29 17:00:00,34.884202049118805,42.05227566175174,1.545531914092385,12.649308702105166,117.03702702971185
2025-09-29 18:00:00,28.422730637265655,44.870881159426744,0.6210756183220889,5.26607308602668,9.204486685866138
2025-09-29 19:00:00,28.765531351302172,60.22661383267962,7.581856789438644,58.291909442373736,0.0
2025-09-29 20:00:00,26.073182260473093,57.60556370055417,13.619632016600542,14.834898499315742,0.0
2025-09-29 21:00:00,22.648753675309116,65.5197944516537,7.377829506102435,7.706619425594175,0.0
2025-09-29 22:00:00,20.81754138733137,71.23055391874558,14.05543855809338,40.307397922523194,0.0
2025-09-29 23:00:00,18.207661596489586,80.34835959307983,2.251806155668847,45.69023580109825,0.0
2025-09-30 00:00:00,15.20469291554591,75.68622725705877,11.197736602971098,68.56640995846313,0.0
2025-09-30 01:00:00,11.22480232832682,87.86060682835407,1.3081219948851848,28.082038881561566,0.0
2025-09-30 02:00:00,14.98208663522562,80.10089563181582,9.355222692753111,4.782513784800335,0.0
2025-09-30 03:00:00,15.384708277560113,84.64234493722768,13.706754994904285,56.813145398053535,0.0
2025-09-30 04:00:00,18.575744227287558,79.93453777940094,1.2029905724420749,19.43111464754056,0.0
2025-09-30 05:00:00,17.086810395515162,70.11905033699418,7.635190277953174,65.51020502291539,0.0
2025-09-30 06:00:00,16.202079322527634,68.44082103910809,7.260100895469731,30.361170814474768,0.0
2025-09-30 07:00:00,18.974812558436657,66.7407675668472,5.717719685017231,83.35555701916853,47.717954600838745
2025-09-30 08:00:00,25.617159969495997,60.420392263201386,8.554486400081839,92.98187887450904,56.021554900122425
2025-09-30 09:00:00,27.5197296166244,48.509234575426134,4.398171827836621,25.60060598117345,276.26366691352456
2025-09-30 10:00:00,29.19490419569894,50.40722561542,4.014967293525759,49.04945457136811,266.3393818355691
2025-09-30 11:00:00,33.794833756330036,42.39454718688242,1.9538268534750087,54.9137315656116,262.94199969462835
2025-09-30 12:00:00,32.89175558374387,43.54329424383393,5.357229384283624,31.41501999074059,364.53173226938316
2025-09-30 13:00:00,32.027508785252984,40.28616033189582,9.475393582140782,39.96399497672118,311.91830791721503
2025-09-30 14:00:00,35.53024951522274,42.52259407908933,2.4037334517086393,30.73578637113806,321.1285831506015
2025-09-30 15:00:00,33.9746716900014,34.43744237807287,10.44951155241514,53.82401391081487,194.13725741915331
2025-09-30 16:00:00,35.02809772939428,39.02208320910125,9.40402419749011,31.24025774319119,179.90495268025361
2025-09-30 17:00:00,32.9537705202699,49.6755301132074,7.840122672394775,78.47659035307747,35.67678907753057
2025-09-30 18:00:00,29.664437824617508,43.92073893805957,14.460675661484965,17.935359466991596,5.123488799673542
2025-09-30 19:00:00,23.131330658093876,46.23421209764313,9.860814977542741,86.94567645597462,0.0
2025-09-30 20:00:00,24.693537700719286,63.3277314534783,2.3669262305320515,53.257703622389606,0.0
2025-09-30 21:00:00,21.129121071852293,65.731448541708,13.727350165723877,91.50160009080454,0.0
2025-09-30 22:00:00,20.364714488574457,70.00356102586429,8.889824915064212,74.96243228391722,0.0
2025-09-30 23:00:00,15.81223435715338,71.16752237487091,7.679479751943935,88.61561358171069,0.0
2025-10-01 00:00:00,13.390984785740246,85.41589887182768,11.876583830707439,63.13040919046004,0.0
2025-10-01 01:00:00,17.506765596949567,79.94933249059322,8.189411402456672,10.59546839424701,0.0
2025-10-01 02:00:00,15.682510166839633,78.11280890912874,8.260156025840022,37.084374309807956,0.0
2025-10-01 03:00:00,16.15183616458717,77.28762987087036,14.849635149456184,22.125329401532568,0.0
2025-10-01 04:00:00,19.105011587152756,76.99033518391515,8.426822007205635,5.112797536511082,0.0
2025-10-01 05:00:00,16.881070048969377,74.49713175465462,14.406012473734606,65.0394275048212,0.0
2025-10-01 06:00:00,19.949651272583832,72.7859159455493,9.185525447652777,63.657008926881446,0.0
2025-10-01 07:00:00,21.154475937519464,64.67126451177731,14.221561549986083,44.904437379714565,73.81561529334893
2025-10-01 08:00:00,25.560513466897444,63.00964241710482,2.6963184217558305,75.43364145649409,107.01207773830131
2025-10-01 09:00:00,27.427790981229005,51.28858322042934,13.515417077748786,74.0501295463603,134.32755908060233
2025-10-01 10:00:00,31.08158917488556,68.1218050077793,5.5463460637028215,76.76797497006214,168.63913224110368
2025-10-01 11:00:00,33.74388749641589,48.75329783583269,9.783635212271232,99.28490824511927,101.3227625918103
2025-10-01 12:00:00,29.039729106892153,48.854755109280035,9.946294763773311,5.0197480467290445,474.09795375473965
2025-10-01 13:00:00,35.37868788655583,38.25805570468503,4.563836798753833,36.255691476010824,337.14316229024
2025-10-01 14:00:00,33.459784679766194,39.7490023970512,9.40071435736059,62.20863854554687,211.15527279382906
2025-10-01 15:00:00,32.998324494405026,31.94418686394709,7.0652956550464365,24.988426815800736,286.97984781061643
2025-10-01 16:00:00,32.81163393425213,40.64969629893725,5.973139162516945,58.3596055093167,132.81981649753578
2025-10-01 17:00:00,34.40343562037733,46.40267660070124,14.910237314612116,50.39982450010706,75.4291462802296
2025-10-01 18:00:00,30.615004575110866,47.61855464810574,6.694426009284014,38.78826640901282,1.7731347787589404
2025-10-01 19:00:00,27.753308838515107,54.00434960402792,14.792048528136313,20.306786111024532,0.0
2025-10-01 20:00:00,24.781600061423745,59.12211500695268,7.266345548682492,57.026952539649535,0.0
2025-10-01 21:00:00,25.18869613985407,64.30933912682426,11.453573366055544,72.73491995534003,0.0
2025-10-01 22:00:00,17.962681252619472,70.61488202268217,12.875509972153722,57.49867911218075,0.0
2025-10-01 23:00:00,15.024753265519482,74.14283672592734,4.823281930219662,7.498805648705808,0.0
2025-10-02 00:00:00,15.403929167177749,71.80745811216836,7.88460971782656,4.756427381982375,0.0
2025-10-02 01:00:00,16.803678189878806,90.1080630831533,8.76364691085392,82.65116541892108,0.0
2025-10-02 02:00:00,17.46200025973299,87.57297517979848,14.867281579838183,88.33199794545496,0.0
2025-10-02 03:00:00,15.743826191270985,65.82974777651344,6.3221495421968905,51.19755209546977,0.0
2025-10-02 04:00:00,17.035702404024363,63.90427288549139,6.167333316481721,70.4778273176714,0.0
2025-10-02 05:00:00,19.781062242294368,76.24083300581576,5.80694587305819,76.1554623580567,0.0
2025-10-02 06:00:00,20.909413634603485,78.70442487181275,2.1779771268341017,97.53076427312284,2.562485815324547
2025-10-02 07:00:00,25.356755439888737,61.332606552490326,8.686833526108682,57.22763028966047,67.9994490514524
2025-10-02 08:00:00,25.13227312093269,46.744499067512436,0.24056017004434382,42.03805752304892,163.80710775287884
2025-10-02 09:00:00,29.055185621795015,55.68734214928564,13.171404079514263,70.22230662632477,153.21381149830933
2025-10-02 10:00:00,28.947646870476827,46.58349487396563,14.61357761340153,99.67908491961859,90.00230872520898
2025-10-02 11:00:00,33.34012531759771,44.99163367153083,12.142125361379003,92.14747000491896,113.47147164000963
2025-10-02 12:00:00,34.846090014549084,39.479824366012934,4.464936900590198,55.064839446100535,271.8433351986552
2025-10-02 13:00:00,34.333592256180594,47.58778228720605,3.9918179814008186,7.067278527941701,443.40262633396463
2025-10-02 14:00:00,35.88245687834358,33.27401958616018,12.85143234959115,20.102005803043667,351.44894566919356
2025-10-02 15:00:00,35.00381633248695,34.791397798074655,12.12480169327089,37.233392574105885,236.3191015022
2025-10-02 16:00:00,33.42308577029722,55.4732701467298,4.108864659782992,6.492481525282113,233.54213824897244
2025-10-02 17:00:00,34.30259763027053,40.34515645427713,13.03611302619461,19.312539476378465,105.53024114259959
2025-10-02 18:00:00,33.126927641369015,50.13015542627694,5.280387486355005,89.02227731129383,3.107771118775172
2025-10-02 19:00:00,26.274478769752783,55.706153506281176,13.600531557172403,56.2911585233565,0.0
2025-10-02 20:00:00,26.949151039495753,53.17938658580411,6.590868912885507,25.50524373631604,0.0
2025-10-02 21:00:00,27.679051891572435,69.48835488189914,2.680946471379965,53.61122071897467,0.0
2025-10-02 22:00:00,24.351060674283122,71.33817402318505,6.643850214348249,23.012279055785832,0.0
2025-10-02 23:00:00,18.075163118088476,72.43389762665782,14.015471885026953,15.078103875806924,0.0
2025-10-03 00:00:00,18.436562355625313,73.66585540660601,7.076295675535214,7.634876585242967,0.0
2025-10-03 01:00:00,15.821026690983345,84.2916675849215,14.479017073780321,14.770136876790986,0.0
2025-10-03 02:00:00,15.559680308403637,78.55764967809,3.0556866855897735,30.749457773234433,0.0
2025-10-03 03:00:00,13.709321758181083,73.61756742972203,3.2364167415591334,23.300632599895476,0.0
2025-10-03 04:00:00,15.7924090705685,84.87043303833651,1.1765822749748633,57.71865132976918,0.0
2025-10-03 05:00:00,21.724665919474916,71.58952705021497,1.3368874754479316,6.404278495942295,0.0
2025-10-03 06:00:00,21.482926106081923,74.69035529581211,2.8304991917892797,55.148755176735044,6.344574425850436
2025-10-03 07:00:00,23.521602795783803,63.63613738020686,4.568806756406979,77.47583478259563,51.53986225280365
2025-10-03 08:00:00,25.696871986743943,54.60530425629305,5.629895248404199,88.43138156505215,70.23046669917778
2025-10-03 09:00:00,29.918338540465363,61.9096794851077,12.516077943182326,57.15009243587507,188.83761790876528
2025-10-03 10:00:00,27.485346407560595,49.916009798591446,8.362176132092316,18.266873885180047,374.48680174108944
2025-10-03 11:00:00,32.41822713570435,49.80421371522971,10.93865025433329,13.672930226644054,422.92180569330776
2025-10-03 12:00:00,35.296079394355544,51.457627165568425,9.837215650790023,26.163757657788423,375.8787133690007
2025-10-03 13:00:00,35.03266946069117,34.66576973674069,0.7121046836191164,87.82864066333845,130.5006439541026
2025-10-03 14:00:00,33.29803238374504,34.25243359021366,8.749304652324378,35.64823073050398,304.25610648347424
2025-10-03 15:00:00,36.91464313580358,37.69560399693878,2.638398782051175,20.106709538572098,276.35039196455216
2025-10-03 16:00:00,37.98513722457368,33.281375750848646,1.4982599184120349,99.60497084216482,60.96799297291234
2025-10-03 17:00:00,28.146595524258757,44.74365325177801,4.005751695588816,30.238311718252962,89.25499316646885
2025-10-03 18:00:00,32.21765123488096,45.394512784756934,10.436753693033694,8.816281648627767,0.3018831467690965
2025-10-03 19:00:00,27.004968902903972,47.850725722167006,5.2999690911332165,54.054457676753984,0.0
2025-10-03 20:00:00,24.09607956161406,60.114162283878144,1.9193586935430846,92.97254769643365,0.0
2025-10-03 21:00:00,22.4719435607161,72.26743596866358,7.946666957490895,10.782417709411884,0.0
2025-10-03 22:00:00,20.68878579976397,74.50833826498581,3.0337532547658377,39.63997775552745,0.0
2025-10-03 23:00:00,20.921608437348556,72.84069296686063,6.179848828348357,46.68281972954291,0.0
2025-10-04 00:00:00,17.695415927959832,80.7840449491167,14.300404541480544,1.6819411960138808,0.0
2025-10-04 01:00:00,15.925751387058805,81.42266978911967,7.862000770416284,99.39133920251966,0.0
2025-10-04 02:00:00,17.150271080974882,86.33978235347212,11.383628684831109,15.764471730757768,0.0
2025-10-04 03:00:00,15.632816863416025,75.33041616353255,12.77743070028033,46.51753491144554,0.0
2025-10-04 04:00:00,19.873694297844732,77.29487119657995,2.4693511157014765,44.090725236866426,0.0
2025-10-04 05:00:00,16.29221065650023,75.11112472900982,6.341684424404987,31.995506315058474,0.0
2025-10-04 06:00:00,21.018129719957617,63.62560887915959,13.497037000080306,11.257099835445871,15.145755667279941
2025-10-04 07:00:00,20.116426391921195,64.73982453988893,8.065614946368845,49.289400551585125,70.23814118536616
2025-10-04 08:00:00,26.247502000459807,64.35964607565674,11.767115141874099,71.9623481798474,99.33306498718466
2025-10-04 09:00:00,28.366420753393196,58.663314648906564,1.1567980098383308,13.677662803130431,320.49910299733926
2025-10-04 10:00:00,31.282385550839503,59.972338953543996,12.986209253549168,74.0077493215317,170.71394082562142
2025-10-04 11:00:00,27.219106040434674,48.62171611571709,5.535784443621512,54.95893081901128,269.19592867885035
2025-10-04 12:00:00,30.835192924999323,42.469525233730714,14.770155333297371,67.9040040046802,224.33106292156754
2025-10-04 13:00:00,35.57321767581504,31.965933590592396,13.790008896482536,78.1462690322084,176.00429473385756
2025-10-04 14:00:00,38.134734374286985,37.11952119611795,10.447531728490734,33.15656179155844,315.8538640622986
2025-10-04 15:00:00,32.46530789649563,44.70628235364746,11.755780761408266,15.160556084403353,300.76485004993856
2025-10-04 16:00:00,31.176121713134005,35.42491139138761,8.707705566013255,22.387390943470486,192.54251271746375
2025-10-04 17:00:00,34.18055803303098,33.7827380749965,2.96479292943497,70.12799126861175,63.48009447451496
2025-10-04 18:00:00,35.13351812042616,46.41953391972626,7.396840873017779,78.06794159752056,0.0
2025-10-04 19:00:00,28.297085300386236,52.688099306933594,5.12720617567151,64.162173105524,0.0
2025-10-04 20:00:00,25.884730247681247,69.21953748635264,6.56836803303518,39.17440134732977,0.0
2025-10-04 21:00:00,26.69794055093475,63.75906542407354,7.692229996198892,52.62463851873227,0.0
2025-10-04 22:00:00,19.679766311995753,67.75097971772276,13.586272735258857,71.92701341228181,0.0
2025-10-04 23:00:00,18.8335006672172,77.2481945367314,2.1748966626732598,41.655843844214914,0.0
2025-10-05 00:00:00,19.24140593947981,81.54587332449195,13.616182795568559,26.06977931815928,0.0
2025-10-05 01:00:00,14.372985931243738,77.26448118206757,6.320168472406335,64.72410185032548,0.0
2025-10-05 02:00:00,16.390023095827036,74.08316984480525,2.8243506300464425,78.61365848344813,0.0
2025-10-05 03:00:00,16.010682342513384,76.06497247513511,7.556480590488389,59.45715355955905,0.0
2025-10-05 04:00:00,15.850450008122916,79.52346578467662,1.060652866057269,60.45410737123653,0.0
2025-10-05 05:00:00,15.411232854277177,72.79743634838975,12.980856323223186,7.496876643789352,0.0
2025-10-05 06:00:00,19.313732113131362,66.75779458975325,1.4464171212769028,52.76209403941405,0.0
2025-10-05 07:00:00,23.319318520141003,58.35170540896733,5.14317238323824,1.5180736354887814,138.44992965796203
2025-10-05 08:00:00,24.71602834649631,54.03948128687942,4.902574527937714,63.75099437386665,119.67807588235041
2025-10-05 09:00:00,29.609310575401803,59.47860760877266,13.735173490450896,88.37248543455428,98.47917044230519
2025-10-05 10:00:00,27.61522989605097,53.49142360286029,4.0249096447060095,98.11124990927897,89.13233598463705
2025-10-05 11:00:00,33.020441145853624,44.70830574009769,6.722557451888044,53.69765252263748,264.76386759566344
2025-10-05 12:00:00,29.99462951760567,44.04155966076261,7.603575484361874,78.14635663931516,183.56993426320415
2025-10-05 13:00:00,36.03411854172878,35.58113096292266,14.070142525508993,50.58047086974551,273.80196920991875
2025-10-05 14:00:00,33.60171294922617,36.625565516776824,14.693212669905442,87.99986527375295,130.89688349714473
2025-10-05 15:00:00,34.40360740048593,47.19002939748345,5.783404580324699,7.023721752147816,321.97672276300744
2025-10-05 16:00:00,34.76413907188161,46.07790111510338,10.741230966104236,66.15608950066172,120.81967516423174
2025-10-05 17:00:00,34.98944265664844,37.68314665199227,14.783200056095486,1.8118159562299785,127.07308386697471
2025-10-05 18:00:00,28.313683789544307,56.91852668998093,8.253782343587861,18.963095803867493,0.0
2025-10-05 19:00:00,30.478489404091647,63.966673145297,9.444015294797799,83.00016247507381,0.0
2025-10-05 20:00:00,26.473480106751108,52.49599595958162,11.067230654854388,20.02065443870188,0.0
2025-10-05 21:00:00,19.665578461182704,70.96469592147177,8.044510728689664,68.92054672034662,0.0
2025-10-05 22:00:00,19.89811314028362,72.37674660786128,5.014383949581262,27.677895765777226,0.0
2025-10-05 23:00:00,16.453465274968078,73.9463157398206,11.898356076066907,84.58812664014563,0.0
2025-10-06 00:00:00,17.362556826548595,82.0181784053986,12.56290327311648,83.34028222454889,0.0
2025-10-06 01:00:00,13.803856974518721,81.11794724615432,6.314317931261376,57.60251681945879,0.0
2025-10-06 02:00:00,11.19349292709965,85.50772331425428,0.8063166834108876,84.3120387597598,0.0
2025-10-06 03:00:00,11.610763506198662,90.72284685068402,4.912276937398826,74.5163533522309,0.0
2025-10-06 04:00:00,15.075473825692221,75.66664053884385,11.328108281606282,50.737021302264885,0.0
2025-10-06 05:00:00,16.542849323571378,68.31994781445589,9.87125475817636,46.73176936310964,0.0
2025-10-06 06:00:00,19.450245294335552,68.99687662280685,0.7278788854302931,12.086899160121579,0.0
2025-10-06 07:00:00,25.110600369403464,67.09699425026443,6.922177944748417,76.06467906881412,51.75936087997228
2025-10-06 08:00:00,23.497217096942435,60.083651926325985,9.937558293201207,40.87545350052076,168.42860395980847
2025-10-06 09:00:00,25.01805007168356,45.50343712446386,0.23691844985420263,45.18278609564169,221.71047924592045
2025-10-06 10:00:00,28.555018816551318,53.23824951633528,8.281492313313075,38.49104779136125,284.66937898234755
2025-10-06 11:00:00,32.78152517635146,48.05013525674083,3.3173137702555886,17.7447594659885,393.2663559884637
2025-10-06 12:00:00,31.13478076691667,44.14393863020755,7.729101558694192,68.14524744926449,231.85639209094566
2025-10-06 13:00:00,35.291752845462696,36.17035768670694,14.781670352942003,88.69847937324941,140.00318843286627
2025-10-06 14:00:00,34.54126067593806,43.683734821618124,5.978625632770659,84.25639675036373,130.19365427388965
2025-10-06 15:00:00,35.199517127657245,41.43740243424603,3.3136856644884234,50.79844027415644,204.30748381377512
2025-10-06 16:00:00,33.03459531986735,43.40742769428414,11.446932921721983,47.77540940143342,146.9219494178013
2025-10-06 17:00:00,28.87025442431882,41.24034923390049,8.861432132200694,40.97282987086188,88.95339128531072
2025-10-06 18:00:00,31.188310838236077,50.68192369005526,5.382229551007019,94.92043139076817,0.0
2025-10-06 19:00:00,28.009062701759213,54.99978512639772,14.447748129982296,57.331417464176226,0.0
2025-10-06 20:00:00,22.40919071613446,63.67399872076786,2.6874306894819404,20.783004674379,0.0
2025-10-06 21:00:00,21.488489742517196,61.09192210556698,3.1422832079098506,55.996779188981584,0.0
2025-10-06 22:00:00,21.14039466023298,77.06112954471085,5.848781998904725,52.29139099299012,0.0
2025-10-06 23:00:00,17.269919179842894,82.11387232615844,10.969218357838095,12.146218949174836,0.0
2025-10-07 00:00:00,16.799128469085375,72.12559624273047,10.775994446843825,24.43354091497746,0.0
2025-10-07 01:00:00,14.918555777534499,77.38560426555154,10.318559672340793,29.92048847817562,0.0
2025-10-07 02:00:00,16.175638672449356,76.21006287988878,1.9948706155067426,59.01490814722546,0.0
2025-10-07 03:00:00,13.335984315863133,72.40374970275042,6.501428626863033,90.98465112159839,0.0
2025-10-07 04:00:00,14.537265305402265,67.08206677243464,9.851686268030944,59.26393658940413,0.0
2025-10-07 05:00:00,15.744650957942529,78.42513874394248,5.804519958498043,94.3217539195191,0.0
2025-10-07 06:00:00,21.314646084515736,64.90850753453415,2.4810338658909945,90.05155971869435,0.8645830952289122
2025-10-07 07:00:00,25.934023095760658,70.37647250948491,2.3282917850810003,15.179944530914725,105.15809687728066
2025-10-07 08:00:00,23.51338504964377,57.90312984742686,1.8600960270207734,75.13249549261826,94.87593997115918
2025-10-07 09:00:00,26.969145803779007,63.61106892834181,1.3842686389773606,12.348449098199076,312.7282500365921
2025-10-07 10:00:00,28.337100776115278,52.010137434641855,3.9306903085957057,72.97321203242514,171.15622075937586
2025-10-07 11:00:00,30.698297812085972,53.664103327230585,4.167106407216559,9.024299622059784,439.093850874748
2025-10-07 12:00:00,33.137424050921695,40.91762872994887,12.611677807749556,39.49569834752642,335.98074033276225
2025-10-07 13:00:00,33.77169446235668,46.223206755500776,5.718545526173983,30.173395076896636,356.4921848773158
2025-10-07 14:00:00,34.65836672922143,41.66481677166253,11.58099478918847,40.7390526104853,276.93124846225896
2025-10-07 15:00:00,34.27466381413072,43.48289799350072,1.5867569012165066,12.042075808827036,305.4982581396395
2025-10-07 16:00:00,34.20660967693663,42.17352122908277,13.0661378805882,58.895633020639416,136.63895914354123
2025-10-07 17:00:00,32.17304423509243,41.420969163927474,14.039845306132717,62.99326285597654,68.56815631712419
2025-10-07 18:00:00,32.452778143540066,47.923967012540025,7.616296206190911,62.19565177145756,0.0
2025-10-07 19:00:00,26.769346111951958,52.903711438380085,10.2366285580499,88.52616843629131,0.0
2025-10-07 20:00:00,25.821065412917736,64.36799582167261,7.2881112316107375,25.54548944797834,0.0
2025-10-07 21:00:00,19.358036995126945,60.787930047318106,5.994310125091275,2.0007941681900454,0.0
2025-10-07 22:00:00,18.107866326215113,73.66902829555038,8.544288704534312,62.08936192559462,0.0
2025-10-07 23:00:00,17.899693617961727,65.65375145568464,8.000630489799796,2.9485356738399804,0.0
2025-10-08 00:00:00,16.671519595537674,71.8755620258697,1.4444881634939088,30.097484175986146,0.0
2025-10-08 01:00:00,16.329027971068584,74.35023407943515,12.543330946753978,26.468830600168125,0.0
2025-10-08 02:00:00,15.011093682353263,82.37859685765486,5.882627675830408,75.76179104848212,0.0
2025-10-08 03:00:00,14.607813723375802,80.00376171463232,1.1840174290976613,53.75842384430568,0.0
2025-10-08 04:00:00,19.317356081246523,86.80242084065955,2.1239716192023037,20.31263514235234,0.0
2025-10-08 05:00:00,15.882651607684966,76.98725457275691,14.95427451527766,80.90852794060234,0.0
2025-10-08 06:00:00,22.308463217866468,73.90120262701386,13.001741873847875,14.992361821421019,0.0
2025-10-08 07:00:00,22.522893200280677,75.08184492598173,3.4910420257317916,98.06107244518174,22.972985949612976
2025-10-08 08:00:00,27.843353403854405,60.30848854719194,4.984957068311672,94.16786957740241,62.7864311764806
2025-10-08 09:00:00,28.706683281669168,59.28297366911185,6.723433142343305,55.09516880678316,192.57490203571055
2025-10-08 10:00:00,30.943338983602597,48.79936663891888,1.082171530984299,93.20188971680844,107.60818826163916
2025-10-08 11:00:00,30.939707670928716,41.48801803884493,3.6778278049777753,98.90685843478728,100.410234794054
2025-10-08 12:00:00,34.29620032761725,43.95310526006988,4.264401231697054,65.9007345659526,220.31639410289418
2025-10-08 13:00:00,35.4287777863703,41.78483224402489,10.019044756670972,95.55141282121792,112.72179622926474
2025-10-08 14:00:00,33.149809871721,31.004904843259666,13.368381944094308,11.068173331275833,380.7263580732373
2025-10-08 15:00:00,35.157900778581975,32.361542952691366,10.296221328912877,98.94457640632712,70.9160207994083
2025-10-08 16:00:00,33.44083442893178,34.500639079863014,14.93101557366333,55.84252407017899,133.36226357500033
2025-10-08 17:00:00,34.60486794817279,46.642877244969945,9.079653781619689,3.2607130627328784,118.08674265075646
2025-10-08 18:00:00,28.035634469593884,42.807437353062724,12.552197857668702,8.027232354711666,0.0
2025-10-08 19:00:00,26.376515261778252,50.8536182785678,7.958385174572834,42.01055292758411,0.0
2025-10-08 20:00:00,24.75105284833069,54.97444081987301,1.4147785412315472,65.42984728206277,0.0
2025-10-08 21:00:00,21.26418687246833,65.61873130782475,13.50741319253805,14.2254618575402,0.0
2025-10-08 22:00:00,25.06520988873296,67.78275205356528,9.522769393578248,28.608954301415203,0.0
2025-10-08 23:00:00,17.08987902426465,76.92327813648582,11.197469392129983,66.05530966590071,0.0
2025-10-09 00:00:00,16.050746383407795,85.93352229343468,10.87962050760127,13.706199331045932,0.0
2025-10-09 01:00:00,16.270265938043316,79.36071655279176,2.5163416909119523,62.556782591826,0.0
2025-10-09 02:00:00,16.811439229357443,72.45447932814352,4.170887553116611,25.009663252784296,0.0
2025-10-09 03:00:00,20.20168903725059,80.08827105784003,10.271920708186906,61.47767334227851,0.0
2025-10-09 04:00:00,14.447453276174642,80.37526535983903,2.7965935049742985,45.91981298706567,0.0
2025-10-09 05:00:00,17.499270425487325,80.8439937722223,0.6767634570345887,99.0341486721627,0.0
2025-10-09 06:00:00,15.777360539052452,70.91736255373755,2.309081607953204,57.68235710431484,0.0
2025-10-09 07:00:00,20.299311975126397,62.437297619471885,3.140744887224013,59.66138496905289,72.80039649922416
2025-10-09 08:00:00,26.721571112679385,63.99387413249986,6.0103780987468625,58.24043865229286,133.7643655753329
2025-10-09 09:00:00,27.45338958978003,55.48138837518993,4.302170342612754,79.73497491051737,133.30403458018046
2025-10-09 10:00:00,29.095170326826917,50.60733135976842,0.04086738702380688,42.29889807506868,275.37013840284686
2025-10-09 11:00:00,33.79100214731846,42.76172448396734,13.506179847116243,32.94040789141691,338.621018681861
2025-10-09 12:00:00,32.87965286691282,40.616107156863414,6.490729639964698,52.19874056145768,284.496424597847
2025-10-09 13:00:00,35.15172304981297,38.657065860899394,10.026007707836328,18.342699699839816,401.9351504831449
2025-10-09 14:00:00,32.92995705497191,43.12005778000825,7.151256730511008,85.25502785021692,133.5037069129894
2025-10-09 15:00:00,37.14309545435642,44.04935324573696,6.864599549140762,56.741414056577035,179.82707508081748
2025-10-09 16:00:00,33.932073950542375,44.8778897151166,6.084774565006692,83.43533331419253,74.84843374338008
2025-10-09 17:00:00,30.471201510208406,45.306682935128116,7.213008751253019,70.88325233001291,56.45610370154473
2025-10-09 18:00:00,32.1320905296835,56.63623655296612,13.146961738633154,43.349923287087144,8.304048694124951
2025-10-09 19:00:00,29.08052031579961,65.89558143921165,8.021673848777542,65.52313562698264,0.0
2025-10-09 20:00:00,24.90080722588174,57.0486908124039,6.669639711138586,21.755301834472597,0.0
2025-10-09 21:00:00,18.79011838070161,64.40211930107755,2.917929691946441,18.282107449295417,0.0
2025-10-09 22:00:00,15.642602728996234,63.655143307440824,5.250814707917377,93.45015985437423,0.0
2025-10-09 23:00:00,18.294912389251945,84.53191105183485,3.7592352359549857,93.98224471713091,0.0
2025-10-10 00:00:00,15.482711105669384,73.82982154657098,3.5226093067947337,45.04663589030239,0.0
2025-10-10 01:00:00,15.578225081324161,82.89750520637044,4.655674806957016,3.2273287712284993,0.0
2025-10-10 02:00:00,15.148916304790644,68.68751771398044,1.876261040680936,70.27039225085434,0.0
2025-10-10 03:00:00,13.955855793662726,74.81001242733818,1.9996583996581045,22.049017036832975,0.0
2025-10-10 04:00:00,18.921846995892317,74.03512023439438,5.891098460191799,24.49612473163848,0.0
2025-10-10 05:00:00,14.844721354686383,72.0622861196231,10.311161487655633,76.86800192009288,0.0
2025-10-10 06:00:00,15.076316839189808,63.58132550994758,6.153234075316641,37.55690450571571,8.220602985973409
2025-10-10 07:00:00,21.097608872231422,58.222190175923764,14.850536070986477,52.54814668675204,73.70964314485659
2025-10-10 08:00:00,24.806527495263456,57.15845709792378,11.016518919848236,23.858039026314735,205.65030327471925
2025-10-10 09:00:00,25.72662784235548,57.850495957469974,1.1357285960200199,73.15430578267748,146.8253448989775
2025-10-10 10:00:00,32.5095926730943,50.01912096355685,6.227016093173697,65.92855165645909,197.0682145902853
2025-10-10 11:00:00,32.38722734346862,38.68317433755122,8.755946616346828,35.148408320857946,340.13933220955533
2025-10-10 12:00:00,34.44878720257676,45.90832119785163,10.899559629520214,61.42411144255566,235.6928328642741
2025-10-10 13:00:00,33.89354283099282,43.559606208119746,3.4122799052705006,77.2066740688994,174.60771600007348
2025-10-10 14:00:00,37.116969914627255,44.13122154363531,14.201500438900178,68.84770668844705,182.41829849783412
2025-10-10 15:00:00,37.744896630339134,38.56599264694557,13.694397063597952,11.361961810800613,294.34310857909327
2025-10-10 16:00:00,35.25402143270363,46.90523573207118,2.984537854538478,50.534814461635726,139.30800661768168
2025-10-10 17:00:00,33.389242122984555,49.69161759619173,4.854941690911594,11.009445398450913,113.26157821986459
2025-10-10 18:00:00,31.88804483326725,44.21994080044953,10.228205275148964,19.659537060149322,0.0
2025-10-10 19:00:00,27.93322324253561,53.98453216795183,12.378485979887003,77.68040044648608,0.0
2025-10-10 20:00:00,25.23702255030519,51.85099354530392,10.541450907575118,98.62470912855434,0.0
2025-10-10 21:00:00,20.800268108982202,61.18717258695125,0.8571784175542713,88.94946735814244,0.0
2025-10-10 22:00:00,19.877887397928628,63.5785702077036,14.621206145609266,81.01485752935562,0.0
2025-10-10 23:00:00,21.130104099907445,74.22335894293526,3.994931671238999,56.10347005918014,0.0
2025-10-11 00:00:00,18.036055880914596,67.91853727359441,4.932791470630341,82.76890873724105,0.0
2025-10-11 01:00:00,13.616602310350931,69.58731100667214,8.471215759535738,54.77546728396704,0.0
2025-10-11 02:00:00,19.6175307898078,79.9765080052197,13.017607830401992,40.04659345208346,0.0
2025-10-11 03:00:00,16.419500534305094,72.28810171915065,6.558278402567795,17.07588631810868,0.0
2025-10-11 04:00:00,16.660830944462784,80.17654161743329,12.87559182683904,53.5009963441919,0.0
2025-10-11 05:00:00,17.621153775039357,75.26799810507153,10.602165134268002,1.9772301070357878,0.0
2025-10-11 06:00:00,24.00687690835507,55.91908903969597,8.719315589443697,65.39339034045175,0.07290811659715025
2025-10-11 07:00:00,21.065974596774975,69.50303535262405,13.055653175489807,70.70057855562214,47.46077880008649
2025-10-11 08:00:00,26.849948535882476,62.08375022975726,4.63970363620364,75.67426949940666,101.12210121106246
2025-10-11 09:00:00,25.512223330698824,55.73980078731374,9.589838599399188,99.96664438387033,76.7592660528976
2025-10-11 10:00:00,28.19608101529856,65.88996428696362,2.7057043163390375,31.45939988370461,326.562148714699
2025-10-11 11:00:00,32.75668860233294,40.14700895842656,11.464243456838743,6.71560103266573,441.5242927235178
2025-10-11 12:00:00,35.666510206401036,41.97236198493071,9.194351867371132,14.569743969751759,420.93979023959696
2025-10-11 13:00:00,40.23031938428247,39.06593667899062,8.020199965087063,88.78311608227875,137.10168793055834
2025-10-11 14:00:00,37.12594806352102,36.8810115803526,7.222016962100895,74.73784750314505,163.01516572057724
2025-10-11 15:00:00,37.14678784453921,26.22604249672905,9.513860048724132,52.50036779624562,196.43259794623242
2025-10-11 16:00:00,31.343237761873592,52.21259077950136,10.750183359725135,87.63115778197975,73.67354000786938
2025-10-11 17:00:00,32.39389154797987,43.62741891757871,4.163639924831303,91.0671663979323,33.40906284758346
2025-10-11 18:00:00,28.228935713624143,55.12934988084143,3.941410156222874,23.82922569847915,2.5372702025977563
2025-10-11 19:00:00,25.807492935012906,57.03659799182658,5.931052661753376,80.91183332250245,0.0
2025-10-11 20:00:00,26.883397603234858,69.19153247071829,12.512379394459956,31.07268653164137,0.0
2025-10-11 21:00:00,24.96043061941816,68.89717918247327,2.772811067946564,55.22927966438904,0.0
2025-10-11 22:00:00,19.620867175091796,69.22337833242263,1.8817566200040243,91.41051098249115,0.0
2025-10-11 23:00:00,21.86167770465854,76.3522683732884,9.032250021987279,51.93249773941727,0.0
2025-10-12 00:00:00,14.013201711006763,78.23770334469008,2.4449663618771966,13.962930465772839,0.0
2025-10-12 01:00:00,15.588239273730032,78.63016619187486,3.54381189406838,91.04498006901362,0.0
2025-10-12 02:00:00,15.662737984728293,72.61009948790631,13.273415727624087,3.4087020484914854,0.0
2025-10-12 03:00:00,16.629501885079502,73.37102640502546,10.0967872940198,30.831171092633447,0.0
2025-10-12 04:00:00,15.039895519420114,78.04035841595928,5.442809622351401,98.10286524003766,0.0
2025-10-12 05:00:00,22.796075542834288,72.27904519808396,13.811293591021274,40.741930763036315,0.0
2025-10-12 06:00:00,18.388191204444443,65.77351890242659,7.200285583370834,21.607391248121733,0.0
2025-10-12 07:00:00,21.54172364531139,67.33354788488765,14.927542423800782,48.90960823509237,82.60236205473979
2025-10-12 08:00:00,22.648416502872934,54.97872384338766,5.023582312994678,59.27068407813668,132.5877285165855
2025-10-12 09:00:00,29.850383637440626,58.654157861631724,8.272673901377267,32.74119519782516,248.39137577256656
2025-10-12 10:00:00,33.589370717224504,49.15374058096788,5.238225276369024,3.0828154386573936,408.7393882941702
2025-10-12 11:00:00,29.87950185839447,45.13016888415126,5.935253855519386,41.92615904653121,317.73383789627843
2025-10-12 12:00:00,33.27674935899872,48.57722756870126,6.096499912978478,56.055759155555464,271.91681405296004
2025-10-12 13:00:00,33.36052297894021,37.6616790947447,7.871172020987186,67.97566397182219,215.66891357538213
2025-10-12 14:00:00,36.47514352414419,45.07554626658788,8.560818375603843,39.16178658138896,284.1838491495054
2025-10-12 15:00:00,33.89127405495674,39.35678202832237,2.1700979172172836,44.80165534660638,218.63425459091263
2025-10-12 16:00:00,32.61480405385887,41.58297678853384,2.8144017968587627,41.48126641655552,161.68833690000892
2025-10-12 17:00:00,32.098289016718304,43.32079014082319,4.316454450238959,5.438191028127692,127.55044458527912
2025-10-12 18:00:00,31.637040263588204,57.07536705420405,6.813000400686841,46.66781692837515,4.113260840579356
2025-10-12 19:00:00,24.40242742228608,67.2903587176384,5.903784823375492,29.253547445585713,0.0
2025-10-12 20:00:00,27.43811434416744,61.36123394782788,14.104098208458524,10.175103399755969,0.0
2025-10-12 21:00:00,22.253088407944396,63.55461232745074,0.3143662086354382,59.99270450206706,0.0
2025-10-12 22:00:00,21.804916450147605,65.60945279306051,11.811092612634194,28.270035449543542,0.0
2025-10-12 23:00:00,16.511052163299127,70.45338672490705,3.081492489028837,88.65986737232717,0.0
2025-10-13 00:00:00,15.43671745229443,69.75515077783777,11.832414916340829,96.99392219521269,0.0
2025-10-13 01:00:00,14.665458058506852,68.60896913608266,12.492455626144302,34.84866202763198,0.0
2025-10-13 02:00:00,16.22848115206527,86.74526235275417,0.1820285198499083,27.896715632009872,0.0
2025-10-13 03:00:00,17.798535624521755,72.96234382496145,6.195601477541805,32.51920482959778,0.0
2025-10-13 04:00:00,14.959847621455374,83.51979740497417,4.091983887776529,75.90234176840958,0.0
2025-10-13 05:00:00,18.5276167026612,70.07684114123278,13.323744282350662,55.403432134098516,0.0
2025-10-13 06:00:00,17.256131602786393,73.76565071034244,2.24348396568365,48.36242109500215,11.867803110655633
2025-10-13 07:00:00,22.920392924039394,61.434115029646904,13.62761485608332,30.099390468885012,99.24530584090552
2025-10-13 08:00:00,26.379984915939453,67.5361139751717,5.023315635288664,43.83158035219144,152.6135436851723
2025-10-13 09:00:00,28.42011139401813,58.14845685516445,10.762901027581554,90.40596895534058,97.09205839629648
2025-10-13 10:00:00,32.21493693368741,58.48168661130592,3.4930667582573474,96.64995398578394,101.2892791001589
2025-10-13 11:00:00,31.903043409896778,56.92496443153209,11.094689148793314,92.79779970616153,126.63481014187064
2025-10-13 12:00:00,32.93765435534689,40.98193229994054,6.459941778185009,93.71465823503837,121.73285288396698
2025-10-13 13:00:00,31.66565452057649,45.33637485323607,4.565181458601016,96.92073865940408,107.31827291586542
2025-10-13 14:00:00,32.18703242882554,47.162806792689054,11.605018237356482,52.562962404082455,244.1512825853771
2025-10-13 15:00:00,34.89523815537456,38.523271426778265,9.807193743254206,88.57338127544234,107.79114164591388
2025-10-13 16:00:00,36.00810131209246,39.14644227717394,14.98545958691188,93.73349645890909,60.046035960339665
2025-10-13 17:00:00,35.55629577741381,49.39145882004058,3.94029497607695,19.923558492388793,105.93053847695167
2025-10-13 18:00:00,30.00682318538905,54.060909130772814,1.0397776274584363,84.25688425355212,2.430363981982646
2025-10-13 19:00:00,30.592496872855158,49.38457347891002,9.56928453407184,89.88623022706211,0.0
2025-10-13 20:00:00,25.096560875392353,57.01710106955248,1.5528977324779814,56.36827905268187,0.0
2025-10-13 21:00:00,18.83803138752967,66.07067673127605,2.822509528615777,8.6598733731568,0.0
2025-10-13 22:00:00,20.6945982734091,71.27731545904658,7.507668322334896,23.156512851429444,0.0
2025-10-13 23:00:00,14.436371125019644,76.95904655067115,4.557894386623708,76.03907375367264,0.0
2025-10-14 00:00:00,17.639214081312797,74.58724176092645,12.774716101116038,26.363556608175276,0.0
2025-10-14 01:00:00,16.611565064013348,80.59305948340538,6.036318799841335,50.929681087329335,0.0
2025-10-14 02:00:00,18.054890432729426,75.05133398761876,11.777700287409296,92.64695858814757,0.0
2025-10-14 03:00:00,15.997590808759073,86.37945391825694,6.681066695684972,67.58395756987274,0.0
2025-10-14 04:00:00,16.38847480554164,85.18355664697296,9.22547168058223,32.26664743333235,0.0
2025-10-14 05:00:00,17.098602494539502,78.72165046847967,11.807120611921004,13.443039962470015,0.0
2025-10-14 06:00:00,20.620535711295222,81.19527828497648,3.5269175183935846,64.69751980048063,3.646263930773955
2025-10-14 07:00:00,23.591322680834335,66.49105320559791,1.6713347118587034,76.25035091228189,45.90154567519749
2025-10-14 08:00:00,25.904812951884598,51.86623766016963,1.60093295328307,81.13197978699318,96.80824044597323
2025-10-14 09:00:00,26.39638913249984,59.544774961883206,11.617392873990742,33.737929195253045,255.41607593646688
2025-10-14 10:00:00,28.746970347777935,54.55257786939931,6.344545931251318,95.13904309059825,100.56834596551462
2025-10-14 11:00:00,33.69559927076052,51.91427736200541,6.480597331188685,96.82920991356006,100.88064714308027
2025-10-14 12:00:00,30.54965002568633,36.86465686059547,6.817293960560042,66.35633170527963,233.03092450792593
2025-10-14 13:00:00,36.63465356988264,48.66811136946223,9.486425439742309,60.13043640657385,228.75619349096536
2025-10-14 14:00:00,33.884922374946775,38.00313903688208,3.4091018144559504,10.223740366394152,378.84919295385373
2025-10-14 15:00:00,36.701693739139856,43.090488087175316,9.72076878509933,54.43873893429808,183.99396940228496
2025-10-14 16:00:00,33.78403705764538,39.49379362315104,0.6550162585714986,62.661236260800656,116.10944340053206
2025-10-14 17:00:00,34.55422970315314,52.15051661138253,8.027463606262014,35.8258044303569,92.44697882382076
2025-10-14 18:00:00,27.753295031689504,46.69253302532904,6.81897888109338,97.72072407811599,3.04942897543905
2025-10-14 19:00:00,28.015176190413193,57.601034187744155,10.245391806543854,96.77861126432859,0.0
2025-10-14 20:00:00,26.873550601215392,55.70264188077518,9.065238808890248,39.82220304755902,0.0
2025-10-14 21:00:00,20.508315436049465,61.76967318260357,8.94306943525182,48.7662797873052,0.0
2025-10-14 22:00:00,21.93331917440648,66.99363160570893,3.0461408872012647,17.742056909137393,0.0
2025-10-14 23:00:00,19.37546475319725,78.24357071388413,4.246485005496536,42.203232619515596,0.0
2025-10-15 00:00:00,11.973336197664493,79.09894612832296,6.385569246971791,6.439007269694674,0.0
2025-10-15 01:00:00,15.070248957681908,85.10659294640307,8.964978591748375,80.3013337838049,0.0
2025-10-15 02:00:00,15.624482970788813,79.47373700760564,11.318278299449613,98.70420878706425,0.0
2025-10-15 03:00:00,19.356336209552857,77.33506917212094,9.688588463308875,47.255299394473425,0.0
2025-10-15 04:00:00,16.439469197554505,75.03576196458677,5.849702171417867,96.00788153803414,0.0
2025-10-15 05:00:00,19.111390992130744,82.71839695313396,4.991513280491228,95.68577923895585,0.0
2025-10-15 06:00:00,16.40317835103296,58.88303684977136,7.437514027226938,58.58645067244061,2.642096540365007
2025-10-15 07:00:00,23.598710005492023,65.99341252032269,2.5495572296475184,36.81653111344397,88.6565217949984
2025-10-15 08:00:00,24.51605700013043,54.522374821237555,12.876184437375139,1.366466926019605,249.8299668474289
2025-10-15 09:00:00,26.140851931636515,50.76960913767746,10.23757020724693,80.76770356426198,123.07234887136619
2025-10-15 10:00:00,31.121630752365164,51.09663015595272,13.994456578294155,64.27668260304472,207.5997393790368
2025-10-15 11:00:00,31.658517541266285,44.67397856160702,7.910612421617328,75.46147501114159,183.42170096967837
2025-10-15 12:00:00,33.95963549973636,50.10433461832423,10.814128708698712,31.850677208108614,360.46656997167224
2025-10-15 13:00:00,33.2620476186683,50.180454050403426,4.106452369441174,78.65840906996984,166.27093024776912
2025-10-15 14:00:00,35.07814657032387,44.38379035497843,0.45396232288936855,13.282133551822717,371.33381205391936
2025-10-15 15:00:00,36.10612387661896,46.56975478592567,10.728032193938223,14.554534229430304,300.3360857524761
2025-10-15 16:00:00,31.259174307321448,40.7444694639278,3.4294429966848607,8.26785207856745,231.37461266171508
2025-10-15 17:00:00,29.676523432646402,42.94500312177182,0.46105040340536696,14.027509026210094,120.00467193970145
2025-10-15 18:00:00,26.1047405276386,43.17332069631217,7.472364752347344,57.683628610751505,4.219881603150245
2025-10-15 19:00:00,29.082540334737473,51.99350479326729,2.0329745570667175,78.78758188237313,0.0
2025-10-15 20:00:00,26.716074858886984,70.6544838822819,11.63852732915308,20.719053829219124,0.0
2025-10-15 21:00:00,23.088157554139286,60.63511646709288,12.06826289630725,77.93086710332449,0.0
2025-10-15 22:00:00,20.59391941163968,67.92638579637348,11.920290957647854,78.32346606033161,0.0
2025-10-15 23:00:00,21.048361294860527,70.56818418699932,2.0378884887486026,40.584205854389936,0.0
2025-10-16 00:00:00,15.50254206061636,72.8387980988846,1.142438866792113,97.64923747728353,0.0
2025-10-16 01:00:00,17.53867733316266,86.88707578119704,0.991647274697976,71.21523874685182,0.0
2025-10-16 02:00:00,16.24794421815902,85.00876998053958,5.882404740730941,17.511754108392974,0.0
2025-10-16 03:00:00,16.86827048948815,80.99252027184505,9.632064378565392,3.465930483673285,0.0
2025-10-16 04:00:00,15.25698070337731,70.13503041513073,7.703242642439082,18.605175219738545,0.0
2025-10-16 05:00:00,17.095545262061297,71.08937138873699,3.561174482515565,89.46922470769726,0.0
2025-10-16 06:00:00,16.574409411077742,70.32058054147497,11.17689863410364,88.37394241990961,0.0
2025-10-16 07:00:00,23.963271653948585,68.15551565424764,2.6828980413017685,64.09440085551233,60.50765855609211
2025-10-16 08:00:00,23.232032321365583,61.78292739174528,8.809346573379203,93.45339828735837,71.52121074692309
2025-10-16 09:00:00,25.2889511206748,55.33847508011573,4.181228952373762,5.581193179079347,332.2626961517859
2025-10-16 10:00:00,26.52022437444034,51.51563157821387,0.23199421132653553,6.6243754422563805,408.090045158224
2025-10-16 11:00:00,31.139558436807555,34.98635934527473,1.3306529727990695,93.29959780793628,127.89906774532191
2025-10-16 12:00:00,30.192066117638944,37.69158509218468,7.072071067594797,76.25888111577743,185.46034701841978
2025-10-16 13:00:00,35.01595919456065,33.05645320142013,8.371439617951568,48.05659995253318,279.6944057219314
2025-10-16 14:00:00,34.23096650842022,44.8721563917834,2.7814128771166557,39.82505102307482,283.2284649376854
2025-10-16 15:00:00,34.35078944370539,47.18460802010774,3.1285028552033154,67.18246236634305,153.582356867631
2025-10-16 16:00:00,33.14939469173543,45.79717304443647,2.2019457432630576,48.45379843267793,156.2718605250606
2025-10-16 17:00:00,28.209972479100646,47.91747749472209,11.46852575322957,8.80671525958313,124.055416406368
2025-10-16 18:00:00,30.41591818961699,52.741803766986784,14.309560025495905,17.698215361710446,0.15800194083128047
2025-10-16 19:00:00,27.232953474577783,49.37498804909662,9.74011533654514,51.033329588311396,0.0
2025-10-16 20:00:00,26.366292473388913,58.66180845620557,9.86992532044573,23.490251032885723,0.0
2025-10-16 21:00:00,19.730110524000427,54.80100369470096,13.569943072046401,12.477518222783546,0.0
2025-10-16 22:00:00,17.794615145965565,77.7563504203719,2.2081388775391186,65.93488259038324,0.0
2025-10-16 23:00:00,20.858894795011334,79.47210149717077,14.934267075239331,93.57923608871408,0.0
2025-10-17 00:00:00,18.23431949908729,87.10818546485909,7.161426669483761,43.88594657606498,0.0
2025-10-17 01:00:00,15.350748404138718,87.85041915427715,2.3706544611584706,99.56291474972679,0.0
2025-10-17 02:00:00,14.804784562608978,69.68511417705176,9.986410486323516,81.47434670205999,0.0
2025-10-17 03:00:00,13.523191513677007,72.94474169048107,12.696752085391207,62.25562503753732,0.0
2025-10-17 04:00:00,15.976044948863498,79.56177529654202,0.745035883239083,51.46800352836933,0.0
2025-10-17 05:00:00,14.54043274663729,65.89469445650663,3.93245043680482,1.3375556634990127,0.0
2025-10-17 06:00:00,19.516727851395455,57.51443705423447,6.783020412934317,32.339250344904805,0.0
2025-10-17 07:00:00,22.89015427878964,61.54791936895056,8.314012876532699,73.96594422964714,51.26087233610901
2025-10-17 08:00:00,23.23434115562807,56.39341004134101,13.434978184012346,77.74228916139671,109.8952501979592
2025-10-17 09:00:00,28.482372843726676,49.07284430091055,6.520995902234576,47.727022478716144,219.9690727807743
2025-10-17 10:00:00,31.021220273651213,48.8539771780998,9.252992228978732,23.125087348086836,346.5275815239171
2025-10-17 11:00:00,31.18946406078894,56.55261778634998,9.64775650699557,78.11658887434555,179.96706777389684
2025-10-17 12:00:00,34.65732068474738,41.705946944546284,10.086756957274856,83.19708590517368,163.00353956233505
2025-10-17 13:00:00,36.64036210110372,49.14191349984409,2.7115854566505204,45.540398843273124,287.358187070139
2025-10-17 14:00:00,36.47559277884582,43.04597069462739,12.409712603716581,84.98494006249496,129.54750297697763
2025-10-17 15:00:00,33.463363877024044,39.64446436203079,8.836735096427594,64.47197570221435,171.8061799738602
2025-10-17 16:00:00,31.533422495680853,35.43955388087016,5.652603201177747,0.005262149779650116,251.31739725459764
2025-10-17 17:00:00,31.232116058116063,47.49635223448945,4.8679838738131975,64.00065042521817,62.63792594018983
2025-10-17 18:00:00,27.958142285550306,53.17811991823713,4.299373251513407,6.535936940854192,0.0
2025-10-17 19:00:00,31.007640725216124,56.09785224535161,9.056435083424569,9.713364902391874,0.0
2025-10-17 20:00:00,25.751697881465336,63.06325654707664,14.726485222242982,18.01003386212654,0.0
2025-10-17 21:00:00,20.923604152856033,56.286766874124545,14.93056639841779,70.98656993917244,0.0
2025-10-17 22:00:00,18.98600815099125,70.07416376845887,0.9192752439842999,83.37261680850452,0.0
2025-10-17 23:00:00,19.192396312598962,74.57447391601882,11.96489465696906,13.204392728825498,0.0
2025-10-18 00:00:00,16.317518911278714,81.19627808309382,8.192562823198624,85.75560118890292,0.0
2025-10-18 01:00:00,13.877393370679142,77.62900108603503,8.95053349834698,2.6065941080809285,0.0
2025-10-18 02:00:00,16.54311076475746,81.99049734543378,6.929661775119242,52.12845194363089,0.0
2025-10-18 03:00:00,14.21237484079859,77.40190198202944,6.423926364783834,99.82234630642911,0.0
2025-10-18 04:00:00,19.225919436107116,77.59065524520287,2.1345498781249814,70.58686695080499,0.0
2025-10-18 05:00:00,20.799199079092602,78.91625762577844,5.846589052000954,73.17866392789401,0.0
2025-10-18 06:00:00,17.791867301464425,73.20764206294015,13.337023115235764,85.38560988496039,7.618067409116712
2025-10-18 07:00:00,22.7084829354481,60.34551330589845,7.209149957481241,41.70920992692891,93.91771057948063
2025-10-18 08:00:00,26.64360394407795,60.048296918408454,4.641163712205835,80.90717626135519,97.73203873800219
2025-10-18 09:00:00,27.108024731264198,53.392184651253594,11.202526589715765,57.43318553456802,186.11875034177095
2025-10-18 10:00:00,30.08131242336552,48.33464254098852,1.503594476714536,58.08445079204603,226.43419267961568
2025-10-18 11:00:00,34.688030749753665,46.64160725413065,6.423278697606486,11.886166386429887,423.8397091752138
2025-10-18 12:00:00,34.38002521410374,35.40450619848288,13.937954816198609,1.785686951448462,469.0653857301897
2025-10-18 13:00:00,31.846414043603332,43.10715280362386,3.6003476434048016,1.1697645372784948,464.21978685878804
2025-10-18 14:00:00,36.11172030453737,46.109657031541644,0.19499704423130537,26.353593622296366,326.64069260585734
2025-10-18 15:00:00,36.830163727413,46.98282747665245,12.55276687028235,67.217583222305,163.7986459159632
2025-10-18 16:00:00,29.46690704436489,45.06586250425609,0.37124527260683216,52.57861443789125,139.83000374558526
2025-10-18 17:00:00,32.303759420801285,40.95108718452178,13.336036637236491,32.60913369065087,93.90155351595129
2025-10-18 18:00:00,31.17001171890749,53.33437888368649,12.171108040515445,96.75395925168527,3.715465373626076
2025-10-18 19:00:00,26.119241566842714,61.13905227147455,4.188242977817024,39.189112949175474,0.0
2025-10-18 20:00:00,25.880182263534177,61.2180267763496,11.424675198993537,98.34580580620809,0.0
2025-10-18 21:00:00,19.809709381949627,62.60953106766793,9.39889201538516,75.40797198793877,0.0
2025-10-18 22:00:00,21.886100229301785,77.76225521886873,7.759886666978037,92.834763132826,0.0
2025-10-18 23:00:00,19.381069668258355,67.7866483799644,11.10147059141471,11.332430324295695,0.0
2025-10-19 00:00:00,14.498486138945292,75.99822293233245,10.724637418237181,87.65660282812675,0.0
2025-10-19 01:00:00,17.152435502528917,76.19331903368668,1.12619538297478,88.8507456247977,0.0
2025-10-19 02:00:00,14.849549215638417,84.51612471444795,6.413119002308239,8.69907171986849,0.0
2025-10-19 03:00:00,19.28329722160561,75.14561144790574,8.291028741718721,28.953453029802702,0.0
2025-10-19 04:00:00,12.216997891379897,80.87870674159653,9.987715153007588,42.95051189951688,0.0
2025-10-19 05:00:00,17.209122451799516,69.95158142458222,3.995836795778529,1.080475705508166,0.0
2025-10-19 06:00:00,21.669549790721316,73.78087284735844,10.359827039560894,7.260857441125768,3.261075170413142
2025-10-19 07:00:00,23.97233461331556,65.97153944338514,2.785449571300122,79.4329712105843,47.72130650835006
2025-10-19 08:00:00,21.47877229615328,61.17250843604593,14.178263261676173,92.13108270413642,65.50842973460574
2025-10-19 09:00:00,27.763621394613647,50.68814843629809,14.894486413129322,51.308420767917696,202.10954707247348
2025-10-19 10:00:00,29.108349851159833,50.82039549429375,2.9018518123211208,60.74106793064357,217.33570278194702
2025-10-19 11:00:00,31.152635633553604,50.46845274894528,12.020130764044072,71.22251139164007,197.12322791534154
2025-10-19 12:00:00,32.83112338237707,50.88959712763198,5.79597170006825,32.316280629221794,351.66222894306065
2025-10-19 13:00:00,37.55854264807302,31.45223306307158,4.825003661212142,91.54044547964106,125.91148205223452
2025-10-19 14:00:00,34.75836605320468,31.227951158154426,7.4816846637486325,64.21871703981772,208.00968297025642
2025-10-19 15:00:00,31.367252970251005,37.96968405139935,5.3193568617012765,26.358207057762883,259.1505158562456
2025-10-19 16:00:00,33.874541322429224,52.47342027467519,8.83949803004182,64.77601689420412,117.84804419143411
2025-10-19 17:00:00,34.332794596741095,47.93587165037427,1.7413788674448383,62.44349601934006,62.72417924806478
2025-10-19 18:00:00,29.981617051629296,56.75782926710398,6.266735996639292,15.373272596575216,0.0
2025-10-19 19:00:00,26.121462014134394,54.27858643224771,3.0736325083079556,84.33119500407365,0.0
2025-10-19 20:00:00,24.539767637107243,58.40885655511899,6.235789009943875,71.16884238156948,0.0
2025-10-19 21:00:00,21.214073379666967,66.75480806660464,5.139939859612623,10.439040128122235,0.0
2025-10-19 22:00:00,18.324655515716202,66.24973040218198,2.6832476106406573,12.26052612713966,0.0
2025-10-19 23:00:00,19.01149731379192,75.8571798342943,13.382098338760295,44.58778599176109,0.0
2025-10-20 00:00:00,14.282909171878664,84.07303216746419,10.141026499249403,91.46684356760566,0.0
2025-10-20 01:00:00,12.293803393850787,75.10090899383496,8.01275864532516,52.93038164014588,0.0
2025-10-20 02:00:00,13.485873858736928,78.58654881928486,7.928875631022378,62.325824983649404,0.0
2025-10-20 03:00:00,12.353229390118788,74.5567878072182,3.0265651817393957,2.7350552405399964,0.0
2025-10-20 04:00:00,12.153473338406098,81.85879237871863,7.901746916845101,96.88531453564518,0.0
2025-10-20 05:00:00,14.19477050951916,83.09943356113462,11.981708817738394,51.43243910879548,0.0
2025-10-20 06:00:00,20.907655081317007,66.50535141418383,5.458717347575972,27.635045785553647,9.328892374088063
2025-10-20 07:00:00,28.482561123951733,68.19833254061004,9.905023574422808,4.00957712637836,121.95043912786745
2025-10-20 08:00:00,25.345368379640185,61.205541859408214,14.484843164306502,78.71245283236942,92.8730681405499
2025-10-20 09:00:00,30.42794835647544,48.17059515333217,3.4571858171389764,95.72596073579722,84.16304965844532
2025-10-20 10:00:00,31.137541012002707,49.483128591226404,9.699572523430007,2.067011116962436,406.4871283109399
2025-10-20 11:00:00,31.15584513436045,40.943879323794384,3.6545273747635783,61.207026782801634,232.61890117806627
2025-10-20 12:00:00,35.59897630732713,46.643241521681524,9.459839364343166,74.7885276965365,196.54023149498022
2025-10-20 13:00:00,36.63267245779868,43.26528197710999,5.3109567020056065,63.979219661940775,223.03156375431448
2025-10-20 14:00:00,38.225249985212194,43.38101334370913,12.86561604213616,45.556097986036114,255.04396600356355
2025-10-20 15:00:00,34.76430154956873,42.55960321302149,2.182307376383827,46.49844973612011,221.72941113924722
2025-10-20 16:00:00,32.17078256763391,48.556811476361446,10.275171921637765,65.08507211328467,117.98305309262697
2025-10-20 17:00:00,32.02776202120846,41.573087415114536,8.947613028986728,35.50467316403794,88.31101417419862
2025-10-20 18:00:00,28.62454739106093,51.484072197559684,4.755787380061815,78.82086070257182,1.3960615249237955
2025-10-20 19:00:00,29.158374372486325,57.457485160409206,13.483246573715816,19.32319648212326,0.0
2025-10-20 20:00:00,23.981586788584654,65.90131920590677,7.404209600036839,78.95003883209235,0.0
2025-10-20 21:00:00,24.810323742085046,67.48082847333932,0.650469156289436,0.21007496998427522,0.0
2025-10-20 22:00:00,22.30070018824927,62.82791713829621,12.949792360477046,76.31309521366113,0.0
2025-10-20 23:00:00,21.2259981032963,79.3322995477197,13.91217605490418,19.577899113734397,0.0
2025-10-21 00:00:00,18.490739551490286,79.20958159381789,0.6663674144974929,65.55431547552321,0.0
2025-10-21 01:00:00,15.148286031346496,77.91236612396254,3.5936274785193327,9.211732463218192,0.0
2025-10-21 02:00:00,19.646748978021954,76.59540872159089,3.0133823718767596,78.36357740151203,0.0
2025-10-21 03:00:00,15.336250967920739,70.07054833066911,14.59154886650182,84.0710293400109,0.0
2025-10-21 04:00:00,15.018906829683871,74.90888334242216,12.001858059251125,11.916475000718263,0.0
2025-10-21 05:00:00,16.232408952219274,73.63095362923428,3.961518638434294,58.06121232913224,0.0
2025-10-21 06:00:00,19.954764790483036,69.3058567341932,12.070496399100804,21.205420612619218,0.0
2025-10-21 07:00:00,22.433798974966844,65.35049622402886,14.579839882773614,13.020213817533822,116.08945916513801
2025-10-21 08:00:00,24.478495392256,61.75512565642226,13.129232997367126,78.96087760420932,84.40285356866849
2025-10-21 09:00:00,24.069101341004053,57.80099018231044,5.967009963805413,91.72570717659733,95.44781425257132
2025-10-21 10:00:00,33.159647078456025,45.28356146282639,13.00767080780959,45.49860089885408,261.77575051377573
2025-10-21 11:00:00,31.54910151108028,40.72549235895042,4.232938675973735,69.09861719992895,207.52238584466053
2025-10-21 12:00:00,33.69951293642524,42.01874282993163,5.296354610835024,80.07975292624646,171.67870202225603
2025-10-21 13:00:00,34.4117959540156,43.55644353559156,1.766504545572805,35.62917439978036,332.67190108206313
2025-10-21 14:00:00,37.102166229759284,39.85509156552715,11.930657342233387,39.70947724897654,286.9835611685914
2025-10-21 15:00:00,36.12554598562631,40.86445911253275,13.575551542339522,78.88333758554393,131.05927199799962
2025-10-21 16:00:00,32.78843829973056,46.592590470151684,8.617480456559793,54.87132465777355,130.73025634419858
2025-10-21 17:00:00,32.095919433573584,51.2348689800359,11.280102656376966,34.98463209071063,89.0722054333821
2025-10-21 18:00:00,30.626857435856515,41.46448235734911,2.0452593476913656,18.79265379478542,0.0
2025-10-21 19:00:00,29.586665414666342,52.953818439165055,3.5513420136580147,41.9340782408834,0.0
2025-10-21 20:00:00,27.588010259235,53.24948717198439,0.04939125764626129,73.85275710188125,0.0
2025-10-21 21:00:00,22.255361168321073,54.815993203348526,7.042537555600154,56.21779458538511,0.0
2025-10-21 22:00:00,18.232741593787917,67.22922624637762,11.979159079300674,15.052570705654045,0.0
2025-10-21 23:00:00,15.817411653445522,74.60350779930312,13.111548057023766,44.03947829070012,0.0
2025-10-22 00:00:00,14.030677603166932,81.96136895921943,1.1086584664025612,49.86204224550019,0.0
2025-10-22 01:00:00,14.180541396501079,83.1990227501951,14.603900620013802,10.54099532213515,0.0
2025-10-22 02:00:00,12.838228250578258,79.00286125044154,10.77336309909059,66.31138567476042,0.0
2025-10-22 03:00:00,11.813660018728248,73.07721289181818,3.4698018541682654,37.567020901531755,0.0
2025-10-22 04:00:00,16.17226759786249,69.8444603828201,7.739796002072798,44.945996058627024,0.0
2025-10-22 05:00:00,17.098667823423504,77.13059588421267,6.418008638601104,92.28523991203875,0.0
2025-10-22 06:00:00,20.599956050171816,59.9116272224505,4.8875330670322334,23.81904323324503,0.0
2025-10-22 07:00:00,24.299304605930576,69.3795934019844,1.4711458345245376,68.44141924543439,59.43355818514081
2025-10-22 08:00:00,22.309769614375085,56.493728457101824,13.356770526142935,67.78366432404916,115.32910563879959
2025-10-22 09:00:00,25.994752890924772,50.48509655109773,14.947985323169494,57.17533479008817,194.25364228914574
2025-10-22 10:00:00,34.7946878297561,60.162258860796726,8.571162441707552,59.68081485865115,217.87105406260864
2025-10-22 11:00:00,31.61497368545572,40.03259066439109,4.329737515548588,3.3405974496162116,446.6778586033269
2025-10-22 12:00:00,33.399724881677216,45.37227485841677,4.841274457490419,4.814316224836023,458.774107006344
2025-10-22 13:00:00,38.314084791438745,43.31671865141678,10.78870763986684,74.04274194836407,183.32783998667284
2025-10-22 14:00:00,34.8720504325525,30.96539098159967,6.778347712191036,94.2677251244891,103.89181300495022
2025-10-22 15:00:00,34.71802012749393,42.5534376766275,14.828107214008977,37.113673180279015,244.22532151493655
2025-10-22 16:00:00,35.275106951807956,42.66946715885892,2.2525733768894494,5.278668352230276,230.00656414470498
2025-10-22 17:00:00,37.406697215004115,41.22461883780293,10.09906587382856,87.37492797794816,30.422593615675936
2025-10-22 18:00:00,27.21371788467801,47.26222300148194,10.261013210892084,44.25006589502585,13.086025027581362
2025-10-22 19:00:00,28.551439707469022,58.46882448325425,12.89449957548026,30.303896887946948,0.0
2025-10-22 20:00:00,25.135584060020694,57.25306858939346,14.403536392438198,89.06526661281144,0.0
2025-10-22 21:00:00,25.814960594585564,59.910183307624,2.059666311429378,0.5873965554007543,0.0
2025-10-22 22:00:00,22.878726733363145,74.72380438238109,5.506099964049698,24.289335314203242,0.0
2025-10-22 23:00:00,13.742664562665517,78.30958348525809,7.67359216537785,31.259681970346332,0.0
2025-10-23 00:00:00,16.116795274141378,81.1286306738892,6.415301840439731,54.74522655146472,0.0
2025-10-23 01:00:00,14.133330844430935,71.36463128158634,14.822164728623184,85.92221559471028,0.0
2025-10-23 02:00:00,12.229739357499955,88.86606486115333,4.784288859500342,88.30336106746128,0.0
2025-10-23 03:00:00,10.191311279335014,74.81556647840095,1.939271840474142,50.81942888955313,0.0
2025-10-23 04:00:00,14.56903856800717,89.9586479980862,3.073365842863996,80.14054848966029,0.0
2025-10-23 05:00:00,16.607729656948116,73.45721381723502,9.00923720994559,65.87868800695638,0.0
2025-10-23 06:00:00,21.358386077996578,72.3788793134631,13.24191298946635,76.89683596436453,2.8695358508222455
2025-10-23 07:00:00,22.59598872379544,69.9748087705034,7.429491141226311,82.5495562733029,46.19461563606382
2025-10-23 08:00:00,26.917756908031006,57.75904897283499,14.795551026367914,52.521709028028596,148.29766695922817
2025-10-23 09:00:00,25.18497683748421,61.26877214900828,5.156972917270651,91.9359875129763,86.7930705059551
2025-10-23 10:00:00,28.588887524459317,49.48855667427053,3.9879015330925744,66.51076583287987,205.66809890448238
2025-10-23 11:00:00,32.056229885962274,40.52331055413917,8.836217108523735,45.196106113783195,292.72191770085806
2025-10-23 12:00:00,34.07926704072096,41.83497615591856,12.798905420384889,77.90660418559668,182.8149954344738
2025-10-23 13:00:00,32.642409404943486,38.391308166541435,10.040776827655407,92.66535989575935,122.28187220903312
2025-10-23 14:00:00,33.928106484637965,30.90632786754034,4.376630063159712,28.922472926125387,322.9080689009303
2025-10-23 15:00:00,36.97883477890764,36.48126504889372,6.037848076957585,21.868413861240455,272.9910554109108
2025-10-23 16:00:00,35.38849942072734,36.59621730260761,10.645321531178126,29.747453307540194,191.2495816968079
2025-10-23 17:00:00,36.2702733797349,47.87095983196898,6.784088917571899,65.67034879780668,53.60814612354898
2025-10-23 18:00:00,30.117378898066406,60.29261204904698,7.624639304257062,94.74374320603792,0.0
2025-10-23 19:00:00,25.664451164534285,61.33530070273303,6.311380576871039,5.217534559392945,0.0
2025-10-23 20:00:00,24.882310704840183,59.395763370983744,4.824844695315749,54.27909455193022,0.0
2025-10-23 21:00:00,23.647004560415763,66.81220375038805,6.572524914297857,23.10595939826634,0.0
2025-10-23 22:00:00,21.309997301783863,65.4550994422817,0.4275461947501863,92.13968058768786,0.0
2025-10-23 23:00:00,16.71618608158328,77.89598315804196,3.8339772473886273,50.44399348467953,0.0
2025-10-24 00:00:00,18.26572098748061,75.33018938828711,8.014945959590584,72.289416452071,0.0
2025-10-24 01:00:00,15.66520358833709,77.44036699506032,4.389730705959748,23.3206571008433,0.0
2025-10-24 02:00:00,11.281392548229931,72.56627652572554,14.271403050271273,99.91328355569934,0.0
2025-10-24 03:00:00,11.441291680185085,76.84986893357505,8.208143935525756,28.558550449654796,0.0
2025-10-24 04:00:00,15.311212768116192,69.34990935581177,5.957742114506818,10.360259959110751,0.0
2025-10-24 05:00:00,17.982962011319973,69.76422725266913,11.671033595279651,64.04660076114558,0.0
2025-10-24 06:00:00,22.210066165379796,66.85602878834148,2.5287828270965704,53.248377138804535,0.27106565554563933
2025-10-24 07:00:00,22.491563276012798,71.79519933297082,13.911468023274285,76.61285599141216,46.93660153206667
2025-10-24 08:00:00,24.205583940713332,67.24260865416835,2.8674271384782295,83.1201092784341,81.5117422406143
2025-10-24 09:00:00,27.30304469585589,51.990379586929194,9.877666033852629,13.964077147143561,306.83568788343996
2025-10-24 10:00:00,31.833365619211,50.160177444767335,4.962737702643357,9.330587500555797,383.3563621734765
2025-10-24 11:00:00,29.83096268634602,50.694666506383115,6.104255441501526,30.884386612057057,355.87011047560094
2025-10-24 12:00:00,39.535914462954956,45.427418772160024,9.334826011156949,30.05676463455319,357.69706811274415
2025-10-24 13:00:00,35.34063471821355,35.24765308585119,12.093844258410362,99.92709104185808,91.00171458783066
2025-10-24 14:00:00,36.779597048467416,38.759856839673446,6.8967715242767245,35.030808478262486,290.0321391856249
2025-10-24 15:00:00,34.00342577144894,40.64437301412966,2.693136268906302,30.515976068604356,262.22365264608834
2025-10-24 16:00:00,30.588294448328384,38.51983058236694,14.551627802317618,4.8643250319090665,237.75763184862663
2025-10-24 17:00:00,33.24808636700834,44.495741776348595,10.353367615355548,6.50302358170255,110.59985774401378
2025-10-24 18:00:00,28.57762054495425,53.92136090797502,3.2613811877394854,43.63785977085786,3.0737885317428937
2025-10-24 19:00:00,26.2087684139287,53.5252214258196,11.761229457037471,97.56324169331694,0.0
2025-10-24 20:00:00,22.831838210392814,64.35840247337391,0.3675307402896666,24.08045621288063,0.0
2025-10-24 21:00:00,20.361961184539382,68.30704202966399,0.580611802406249,57.68031914989993,0.0
2025-10-24 22:00:00,19.97326230948348,67.03553773730445,9.433914437818324,12.748095233938528,0.0
2025-10-24 23:00:00,16.746608476131552,69.84120940485398,0.758679290567244,2.9332292314605324,0.0
2025-10-25 00:00:00,16.353289433522757,77.20333904964247,1.0286526814615855,85.1002772721026,0.0
2025-10-25 01:00:00,13.613945431842124,87.0143558368141,9.85861284673686,50.39962382348557,0.0
2025-10-25 02:00:00,10.488830482704877,73.50090844700206,0.14352877595921631,5.417715791959077,0.0
2025-10-25 03:00:00,14.151709140496878,82.15915850708605,1.0392673766598763,84.9135141242243,0.0
2025-10-25 04:00:00,14.24444251165925,84.25861660522261,5.357639829450799,19.949107600750416,0.0
2025-10-25 05:00:00,14.550335811945384,71.07899812830723,10.587655584291607,53.58265034859332,0.0
2025-10-25 06:00:00,23.11275829392337,66.47344818741016,8.9341470290851,55.72710895998364,1.8596851623893238
2025-10-25 07:00:00,22.725203132337054,62.9829280854313,12.996600784970537,11.76123408192591,115.87855890091329
2025-10-25 08:00:00,26.441653981617232,51.58743670323494,7.418770840487229,42.03896976921473,162.78179272900698
2025-10-25 09:00:00,26.806860481998598,55.88579524244601,6.834304185767758,21.22547238103928,285.6944670553263
2025-10-25 10:00:00,25.743640969553994,50.95942484122395,1.450081129343082,33.24869301161269,321.73786270044627
2025-10-25 11:00:00,31.540257057533662,47.02234978966286,0.2341797671775514,5.211205000201824,454.40450169686665
2025-10-25 12:00:00,31.854187097814073,46.498305319652154,9.916143978769895,27.66643361765192,379.8454485597295
2025-10-25 13:00:00,33.34927620748538,45.78801572681325,13.533796976437705,35.89224053390322,331.2011791392555
2025-10-25 14:00:00,33.68088389607615,40.083702057502116,14.96266974649444,91.52586044986121,106.97390573084219
2025-10-25 15:00:00,32.60889554107107,34.08853637647438,14.694155550689405,9.713948630253299,319.7187326163487
2025-10-25 16:00:00,30.669093246313682,41.232509543847634,1.0523740894342637,30.133883617432723,191.139531278542
2025-10-25 17:00:00,33.976826234668,36.49591207405929,12.952175644461821,85.42209767435708,41.06914328012527
2025-10-25 18:00:00,25.342675301784965,40.982406135375626,12.803658681450916,8.436319349298472,0.0
2025-10-25 19:00:00,27.144362215411974,40.82905557867327,11.90717832136582,48.212265855487146,0.0
2025-10-25 20:00:00,27.011058642414216,55.717153350291014,14.558928660123808,52.147240751004354,0.0
2025-10-25 21:00:00,23.962147134419077,64.13415438202716,13.389587083356256,30.948944363731655,0.0
2025-10-25 22:00:00,24.18700389883201,71.78106503106747,7.69823526076829,30.912135693398348,0.0
2025-10-25 23:00:00,18.549530994734162,68.75828847555475,11.371387333611017,63.916705583384136,0.0
2025-10-26 00:00:00,13.851849448766181,69.60602658513787,9.618466097868351,36.97150158997871,0.0
2025-10-26 01:00:00,17.429617865148003,86.82168107106058,1.8295910657536463,22.614883347700964,0.0
2025-10-26 02:00:00,13.854411373782684,79.60062736640425,5.886805070235538,85.34496488868159,0.0
2025-10-26 03:00:00,13.197952745138831,73.35462156522186,10.639672824677815,64.90175598026924,0.0
2025-10-26 04:00:00,23.93000241097193,71.99688234482083,14.067359927586228,7.36768607053172,0.0
2025-10-26 05:00:00,17.83215788865525,76.92380448373747,2.163536566368971,90.91811527471233,0.0
2025-10-26 06:00:00,20.87698176757414,70.54020806434127,11.065851502615667,34.901264097391675,0.0
2025-10-26 07:00:00,22.603078309386678,82.23329455226585,11.602486752496205,76.46831042401739,43.18226429069048
2025-10-26 08:00:00,24.891013061080848,63.88806362486477,14.005472016416217,97.53538829642461,46.30805639521611
2025-10-26 09:00:00,27.131310825754724,50.14373231804972,1.3652694683553823,38.73743329134912,249.44543363380987
2025-10-26 10:00:00,29.837770441020464,50.69096027928264,7.85897085179444,38.15304787545601,282.2068502002158
2025-10-26 11:00:00,34.54660693158476,40.78583114703029,2.830027194731751,58.34116332067539,253.6056907293584
2025-10-26 12:00:00,31.72996574619097,42.149709168317166,11.63608498722317,76.72138516064338,182.6286747721298
2025-10-26 13:00:00,34.782095557679334,33.21842819294984,3.432917828902837,25.468315349063175,364.67554324160443
2025-10-26 14:00:00,36.55249721892493,37.75712384842,4.78876401122995,55.85000577074371,220.90034417071138
2025-10-26 15:00:00,33.50976673260162,35.513176217372376,14.368648751875144,35.68995975368166,235.69354775879376
2025-10-26 16:00:00,31.17243541244015,46.146888693701854,3.930051448097316,2.5414297213630865,241.6513249921212
2025-10-26 17:00:00,33.15564122856069,48.27262129010961,7.856808906283578,4.7036239622017195,111.64889617664176
2025-10-26 18:00:00,30.215285638190462,46.2542047938951,12.037773399046884,71.30316096756198,1.6641112541528842
2025-10-26 19:00:00,31.511832805822664,51.33354238480965,13.314688674978765,90.0929562615672,0.0
2025-10-26 20:00:00,24.15484085101428,56.58369723884067,14.40191664558642,0.7524555371615338,0.0
2025-10-26 21:00:00,23.832749750065904,68.67918792778343,5.893768192642523,35.46376044581435,0.0
2025-10-26 22:00:00,19.46196887002399,76.38623162094237,0.3663859155711757,10.496157968405239,0.0
2025-10-26 23:00:00,20.18350664876757,69.09246759635785,6.23359273921397,36.957425967286504,0.0
2025-10-27 00:00:00,13.970698289105714,82.72221780491856,9.72585812869998,14.786351738605486,0.0
2025-10-27 01:00:00,13.088130117022711,92.87639316654518,9.384347403091564,24.186229118143498,0.0
2025-10-27 02:00:00,16.074273746630062,74.5706555012818,9.958543236866051,0.2425993998924736,0.0
2025-10-27 03:00:00,16.62507769583276,89.21266921053673,9.882186580144419,18.3545667001318,0.0
2025-10-27 04:00:00,15.737497181550708,72.39339445334862,9.96656972478174,34.34798933797257,0.0
2025-10-27 05:00:00,18.514071184271373,68.67259657036657,11.084824207964493,3.8367676749128554,0.0
2025-10-27 06:00:00,20.361566647259565,78.51243557405283,12.714852901325505,64.97472407716019,7.9915024036530635
2025-10-27 07:00:00,24.319836173389128,70.20194511209631,7.895271488383977,41.78707580656356,88.54330276517953
2025-10-27 08:00:00,24.753615818923947,52.37910311646607,7.755214060253001,13.779286188448015,220.95711113243954
2025-10-27 09:00:00,25.607599171203738,57.05352515246382,1.8087081969550782,26.24093095379957,286.53662940825933
2025-10-27 10:00:00,28.509543447730255,46.08275713573115,5.031111506208121,25.48784068271467,330.37231118736963
2025-10-27 11:00:00,33.83524033987997,47.79204615042771,5.159854227412199,89.53307196105303,137.75485430843204
2025-10-27 12:00:00,33.19393938174886,41.28786729055859,14.876696382888413,3.3488277074989137,464.3022217229777
2025-10-27 13:00:00,33.850090007496675,37.8132470432449,4.077227013161485,8.288996974152795,433.28070696060786
2025-10-27 14:00:00,35.68745414925004,43.9932515768634,3.774819509972783,19.646791939483798,346.3109508791359
2025-10-27 15:00:00,33.28742847629689,35.824215393739635,3.391781208769828,9.112556927100822,317.1100310430777
2025-10-27 16:00:00,35.293099785231085,50.37443985375352,9.62882799877815,16.740285869150064,211.76614310209243
2025-10-27 17:00:00,30.329808236441142,40.131820649225084,8.053235027632383,69.99950121302129,53.57383445520908
2025-10-27 18:00:00,27.99889063499363,37.883735545086125,12.832004658061226,97.79157061761894,1.9222900758066392
2025-10-27 19:00:00,29.68241117286764,58.32261723422939,1.4968493723853222,0.40280328261479426,0.0
2025-10-27 20:00:00,28.290924014989354,49.07539599161301,5.542585377457131,6.2036915928295855,0.0
2025-10-27 21:00:00,24.61170119072227,61.26454995993572,9.716329109904766,53.075231699271406,0.0
2025-10-27 22:00:00,20.80677245409332,68.20051496020403,7.27809386074438,24.028010848867755,0.0
2025-10-27 23:00:00,20.234464739933028,76.45638021173019,1.0206367663794624,79.95139952653315,0.0
2025-10-28 00:00:00,17.604557411788008,79.24125880541752,9.713099448822417,50.097230080755416,0.0
2025-10-28 01:00:00,16.36205594476455,77.21391584102994,11.761790620072222,92.9000262625266,0.0
2025-10-28 02:00:00,16.15539191512127,72.66826044737829,1.6259717992224227,67.12275611666783,0.0
2025-10-28 03:00:00,15.640076205228077,84.8647114174774,13.648742707249355,73.67581341663455,0.0
2025-10-28 04:00:00,17.516041902208883,76.56505397476217,0.9826645268929679,71.043176559898,0.0
2025-10-28 05:00:00,16.943746535833743,73.80694962382738,12.768601386552952,14.715808900988513,0.0
2025-10-28 06:00:00,20.170537074458075,63.4101594430676,5.059651303926848,63.572524687373644,9.215477176679954
2025-10-28 07:00:00,22.38723827503112,57.800124434300685,10.433836447950227,46.96961872954207,81.82106816844873
2025-10-28 08:00:00,23.100147864534485,64.24931446075219,4.969825077570666,7.221315881360657,234.5879925625012
2025-10-28 09:00:00,26.2795621500584,52.77094408245814,9.381309456612897,19.1642151020055,296.83880957792894
2025-10-28 10:00:00,29.403255502504688,49.34290111245572,4.959253856327579,36.12586909637652,296.62409294272936
2025-10-28 11:00:00,32.12468369206608,45.219274162811786,4.318182380522748,99.16060102210272,89.14986785236508
2025-10-28 12:00:00,36.968638298972735,44.88220134743635,4.416679726854357,56.97481102263547,262.92316393531235
2025-10-28 13:00:00,33.057660589947936,42.579414882100195,8.448258118137414,94.32662236542863,122.66374182345368
2025-10-28 14:00:00,35.14530923330311,33.85079656151936,13.757292428913374,10.967599959821417,380.1225892208714
2025-10-28 15:00:00,39.11191382946634,41.62010533815112,13.051258369556864,80.26968351912926,119.14779742623438
2025-10-28 16:00:00,35.430367158605634,46.578380564302385,6.343172637186361,4.357891858535778,238.29962766068834
2025-10-28 17:00:00,32.780718838301866,41.721743164825824,0.12009654313013873,32.63219539565699,89.69093673883822
2025-10-28 18:00:00,32.90652110881624,39.889822968817064,14.27526773455239,44.78988290170152,0.0
2025-10-28 19:00:00,28.60473577550899,58.35423473795728,10.740891850662349,33.56690340089327,0.0
2025-10-28 20:00:00,25.981603478332133,61.36407635790122,13.10309890501685,55.22510722780986,0.0
2025-10-28 21:00:00,22.202908664445594,67.54538106819741,4.845529434874301,22.093162188025094,0.0
2025-10-28 22:00:00,17.537434407596383,68.4184873187023,3.6829652469709497,36.80787191801753,0.0
2025-10-28 23:00:00,20.343929616243976,78.99182483345572,7.31908938432734,27.482115424082554,0.0
2025-10-29 00:00:00,16.81562536172912,74.94968150970811,3.7886538324290124,15.470803736678318,0.0
2025-10-29 01:00:00,12.674161505926154,79.78458149382928,11.273314236335851,14.506346604815235,0.0
2025-10-29 02:00:00,12.963013590277113,77.22021974344283,3.713278628583746,0.406300085704947,0.0
2025-10-29 03:00:00,15.293651414316644,81.11008556390621,11.053096343786347,75.92599835785695,0.0
2025-10-29 04:00:00,16.00225732323292,86.13585467739392,9.05020848805616,91.82608017498443,0.0
2025-10-29 05:00:00,19.515014436036868,76.07422800937105,13.489460109864984,78.23165808404296,0.0
2025-10-29 06:00:00,20.651174398792666,59.75548423598899,10.300787447786018,89.66663657167551,2.0388761690966386
2025-10-29 07:00:00,24.201299890999614,63.46186425011313,4.090544154800469,83.9487150957582,39.938241554508686
2025-10-29 08:00:00,24.979972624006493,59.563775544232755,12.509292963754618,20.568674241249752,207.81174139173092
2025-10-29 09:00:00,31.763817246068847,51.66569643984727,2.934367805071008,65.09432717342814,160.39860925559287
2025-10-29 10:00:00,27.90168557320459,58.71597819087644,8.874298130494564,83.96351115175513,141.6229923870899
2025-10-29 11:00:00,33.03513128349781,47.90328819804701,10.051935278850198,36.01064178817893,333.0903906596179
2025-10-29 12:00:00,36.314083849683634,38.254611442466185,13.490653279494682,4.886261728385676,454.7297594985491
2025-10-29 13:00:00,36.75808012431199,51.88481428784602,11.00866142961522,35.51861651660712,333.895475644377
2025-10-29 14:00:00,31.188235748093383,38.6938728696716,7.032286228273879,8.726426903637707,397.6895750279892
2025-10-29 15:00:00,33.33632256766485,48.1859127101612,3.0078610324285933,56.55681473887591,181.1426217546597
2025-10-29 16:00:00,36.69114945509442,44.26362116701428,13.864431525755345,56.902160901287814,134.77098678791177
2025-10-29 17:00:00,29.54584283377089,43.72183050578626,9.682981618103996,33.18680396098651,94.68169954983618
2025-10-29 18:00:00,28.225519394982815,51.33762091929571,11.09191240179455,76.20631760385012,5.9453068061078005
2025-10-29 19:00:00,28.6966401804917,51.585515892855014,10.135358708454053,25.6089862100645,0.0
2025-10-29 20:00:00,24.738906081564906,63.11708452804991,13.676764510854703,80.90053847983143,0.0
2025-10-29 21:00:00,21.373250969048804,58.96946143638968,8.751799400437026,66.46090992324044,0.0
2025-10-29 22:00:00,21.716130095248378,66.0455401525393,14.265320171638239,31.671264323066417,0.0
2025-10-29 23:00:00,19.076411036002465,64.80010824127308,13.767328946258528,68.4913589788824,0.0
2025-10-30 00:00:00,17.18823024126832,89.46016800210852,3.2920835389102066,30.38115417724653,0.0
2025-10-30 01:00:00,13.673079167450664,84.73176965312304,12.132918534776007,74.31183816467735,0.0
2025-10-30 02:00:00,11.094234338081648,69.67590373137674,7.930707104260638,4.602816621049966,0.0
2025-10-30 03:00:00,19.960962916952347,79.36937525415345,5.819375365329939,60.18205541042817,0.0
2025-10-30 04:00:00,19.7405094384854,69.55173625421648,14.440079465706152,96.77142550670587,0.0
2025-10-30 05:00:00,15.517130549854144,82.67844924102101,3.504531466916914,90.08221999840605,0.0
2025-10-30 06:00:00,18.689579077549357,65.90835364071384,0.544296937581748,65.59842403616777,0.0
2025-10-30 07:00:00,22.90906488917848,57.44446383304802,11.602210505168385,81.76994227133245,42.987286130612006
2025-10-30 08:00:00,24.977443125813405,60.09777986065036,3.610421516264861,52.22535124500776,147.0108217570631
2025-10-30 09:00:00,28.83563690839446,60.998092597806526,8.352927140962025,99.68705036063372,67.37516770937614
2025-10-30 10:00:00,27.11086812472384,49.092244303548895,6.942182476470049,41.507625490369925,287.3135961331483
2025-10-30 11:00:00,36.43234842294976,54.48333853916776,12.937977833137722,34.76248896698013,337.2239341447254
2025-10-30 12:00:00,36.79160068813061,47.709000168836,14.621814049949567,70.39353357382923,203.98434067546725
2025-10-30 13:00:00,32.32462848102687,51.15354285465999,2.550512151884148,32.241355797805184,339.4412495693283
2025-10-30 14:00:00,31.606899616155452,42.132401966180986,10.595635051304606,37.15643435796466,299.4441362702954
2025-10-30 15:00:00,29.4530422811077,41.74832917681499,11.647075964889748,37.895782824738724,247.18553878288134
2025-10-30 16:00:00,33.12462155259156,43.0517186659976,7.890193011483964,66.27386453177745,113.28227075442805
2025-10-30 17:00:00,33.03761757191113,46.91712540982015,6.553216527517407,74.36433545271875,49.11225040503245
2025-10-30 18:00:00,29.473104854313384,49.180189107520825,8.1485382587716,94.11410741342944,5.923265538725793
2025-10-30 19:00:00,27.83895933796321,58.53269483972631,5.6242885586740154,71.30358111200648,0.0
2025-10-30 20:00:00,23.391253928423414,61.49697300208801,10.176335182603529,46.06089514308446,0.0
2025-10-30 21:00:00,24.496587062120927,67.02487027201869,12.450532766685425,75.25558960041676,0.0
2025-10-30 22:00:00,21.471925225352642,70.47098327906701,11.586629157883838,68.87793464268822,0.0
2025-10-30 23:00:00,21.14242332199681,79.39037439825685,9.081697973048117,32.211232556650394,0.0
2025-10-31 00:00:00,19.433029439048163,73.6740610180577,0.23614369614943176,73.21238509120516,0.0
2025-10-31 01:00:00,18.74418293965347,77.61061612836323,4.144207815245146,5.712671791854085,0.0
2025-10-31 02:00:00,18.575491060815324,77.09870399740537,7.022828007932624,94.87819169761067,0.0
2025-10-31 03:00:00,10.75869535107186,75.31102561485378,3.6109398620534843,73.23791282631468,0.0
2025-10-31 04:00:00,16.59183665604579,79.76782204570392,4.310517522626899,47.57434599291972,0.0
2025-10-31 05:00:00,15.705109957404503,66.83417939139537,4.937099744455025,81.00857835404156,0.0
2025-10-31 06:00:00,18.745825700156775,72.72658260486797,14.349766679376877,8.563003848401152,0.0
2025-10-31 07:00:00,24.538351080980732,63.29921338289508,6.321188166983379,57.85387027912482,71.10837967577841
2025-10-31 08:00:00,27.09104413486457,63.42521650294032,9.017494212057347,14.278325933585002,215.22754554754843
2025-10-31 09:00:00,29.041385700117985,54.9767853066933,6.6308853411374145,83.38889335694539,112.02505235238515
2025-10-31 10:00:00,32.635253264749494,58.00277283064928,10.739988419268522,69.65951932233459,184.834562951051
2025-10-31 11:00:00,29.317114481337434,57.26658655955906,11.928586274114943,84.02750088780945,161.14971930403104
2025-10-31 12:00:00,32.47466016735126,41.588515423958526,1.5249993670167576,11.320057596395339,445.9555589819219
2025-10-31 13:00:00,36.034293711272255,33.69111944464827,12.060229831078322,11.40562501285497,427.53295380038355
2025-10-31 14:00:00,38.67210036403937,46.94093719521673,0.6154800132682076,15.80380999059422,353.2980175005924
2025-10-31 15:00:00,31.195048989300297,34.64200452246235,11.928441510585763,41.08665544836082,232.58295422494544
2025-10-31 16:00:00,33.226424006562155,40.395013951824396,1.2175964117180733,46.77298651674748,141.17569843265522
2025-10-31 17:00:00,31.252878644852856,41.27933917321556,6.908447693659471,67.74306331466771,55.29995775751193
2025-10-31 18:00:00,29.839714733972855,49.67252607610663,5.653149346077054,71.9157408084202,5.024656898867348
2025-10-31 19:00:00,23.777204714556163,51.58972055873051,3.3075706078842066,91.58020938767628,0.0
2025-10-31 20:00:00,28.372456146112462,63.16318300283927,13.264195207403642,56.14864254602404,0.0
2025-10-31 21:00:00,22.978793973337563,74.16968699128131,11.450948224184817,76.83149529039194,0.0
2025-10-31 22:00:00,26.271061373233927,70.42896227034578,12.657321848087197,15.93352465461766,0.0
2025-10-31 23:00:00,16.73311835249754,76.75818141291042,5.452431503562169,52.70199891000554,0.0
2025-11-01 00:00:00,15.27067081554326,79.36124771192169,11.775149223493045,53.246189550801844,0.0
2025-11-01 01:00:00,13.982575655103231,78.01272077796055,6.547039343374925,49.42175406285261,0.0
2025-11-01 02:00:00,12.668289292648755,83.11392393836216,10.438482305603872,53.21343967928562,0.0
2025-11-01 03:00:00,13.102087454237877,82.12022798554068,12.427486639049436,96.28723136152992,0.0
2025-11-01 04:00:00,16.00954431634961,70.9932117292519,10.653563650134599,94.99487684469139,0.0
2025-11-01 05:00:00,15.605885524838623,72.8469678430489,2.2417649967721953,74.83451645057106,0.0
2025-11-01 06:00:00,21.425762941767868,61.881476648089,6.802567364019631,30.90598985485643,2.6825243964154826
2025-11-01 07:00:00,22.42956272022888,67.02796940058397,10.39443188831039,75.66581783799074,53.75583736040141
2025-11-01 08:00:00,23.901911396778114,57.882685750412165,13.073203316023996,67.4426856330987,107.4238777497053
2025-11-01 09:00:00,30.37783406180325,50.20877998606209,14.670104199571185,60.78821118804105,171.89648930764102
2025-11-01 10:00:00,26.95113050544723,48.1934722079664,11.442491966259634,28.962390265967464,334.03513903452034
2025-11-01 11:00:00,30.92199287567108,36.25327027503217,2.814697023606506,95.86860114289718,103.5942141009171
2025-11-01 12:00:00,35.018394882522585,43.184747251972915,2.1451803982150013,15.506006342753487,426.41014484380526
2025-11-01 13:00:00,33.98063899898646,48.66772663430037,13.90343706322694,26.63542676128795,358.6427850859754
2025-11-01 14:00:00,38.66807335246737,41.191915614189234,11.449586493629951,45.68055717399835,264.759667930778
2025-11-01 15:00:00,32.775046782598956,44.489810225073796,11.56414105352305,8.020464205383727,330.841430386847
2025-11-01 16:00:00,35.49942463809315,43.15949927499237,3.908793629247331,0.5041040519818019,245.96172276984046
2025-11-01 17:00:00,32.70298967611314,37.16842024192653,4.2007185090836945,80.21944659981125,42.04466479100581
2025-11-01 18:00:00,31.123824928272754,51.010867944386064,9.307311747789578,96.03588794183104,4.582069732068638
2025-11-01 19:00:00,28.571931057792565,60.580077740372516,10.733555638974297,35.33871673703939,0.0
2025-11-01 20:00:00,23.047339281346044,52.27834629770914,1.849387962637532,79.96061650773586,0.0
2025-11-01 21:00:00,23.130113811370528,63.171504838017356,5.259428754842975,3.325598839441868,0.0
2025-11-01 22:00:00,19.33738015306413,75.33797736260631,3.914957453482699,10.361398809085609,0.0
2025-11-01 23:00:00,15.13975371122658,72.66252464521688,4.974798257603102,3.7355290889261705,0.0
2025-11-02 00:00:00,16.425183708274712,84.90394042221766,14.805294329163491,74.30651103644855,0.0
2025-11-02 01:00:00,14.94838137356514,79.56679735582047,10.306577548539614,59.82988958412536,0.0
2025-11-02 02:00:00,14.688759795078756,73.7370389145207,4.5636354134182175,19.15482277761188,0.0
2025-11-02 03:00:00,16.00434179234291,76.80571987041371,4.179292431117119,20.843158316915165,0.0
2025-11-02 04:00:00,17.679164372441807,78.62663789217098,14.541564519318007,79.02795591896992,0.0
2025-11-02 05:00:00,16.331358929869776,81.29771727461886,12.103204994739306,66.57532402262673,0.0
2025-11-02 06:00:00,19.94152906861921,66.19424391879846,2.3890116214537196,65.23013978600555,9.599663864982904
2025-11-02 07:00:00,19.81026545914921,71.60640957336047,2.834107868977618,80.56409500343099,49.26593694173356
2025-11-02 08:00:00,20.415102464808857,66.8463068868001,10.350222471724576,49.37989439306428,152.78952509894452
2025-11-02 09:00:00,26.182169605061762,57.47054054581976,2.7532186435544217,18.0567872610489,297.4207099525617
2025-11-02 10:00:00,29.797447572190737,41.65966184433503,10.476394496385584,23.367112776005794,344.77277909115577
2025-11-02 11:00:00,29.76934487389722,38.77200282611679,10.020618816524447,30.557706804604244,356.23231731060457
2025-11-02 12:00:00,32.377593370104336,40.70049961073918,3.28518410299303,21.96984001717801,404.06202017608996
2025-11-02 13:00:00,31.878785336841336,37.408856048677826,10.443967506511138,45.53166999605863,298.85425871007067
2025-11-02 14:00:00,34.95233784922787,43.01205750948257,13.899391355009051,79.87041816640244,154.9070659880747
2025-11-02 15:00:00,35.33266294163793,35.07937120881319,9.008754334236148,32.54450531678136,250.84814030036307
2025-11-02 16:00:00,38.26286312162285,29.348063590297343,2.310950740295643,85.82887821578346,71.39589072843692
2025-11-02 17:00:00,30.01139946765016,41.39530269135251,3.7702313474024645,83.8064695249718,38.50911689706299
2025-11-02 18:00:00,31.477035175523596,48.717765898668695,11.996292500855573,81.34033223020609,0.0
2025-11-02 19:00:00,26.67741940943215,55.04887440638199,0.5820905933712156,56.602929610107196,0.0
2025-11-02 20:00:00,26.600573412629135,54.954357713828394,6.453484865727167,20.213674454876585,0.0
2025-11-02 21:00:00,21.124216004999358,62.82068562965694,4.593632504714879,38.34882259862589,0.0
2025-11-02 22:00:00,14.74776556920985,60.523074469229826,14.606908733274105,34.604090785004594,0.0
2025-11-02 23:00:00,21.925518690305832,77.41920626791908,14.911115541805056,75.98623709915108,0.0
2025-11-03 00:00:00,17.107069081753867,73.83965046570148,6.25718993212906,9.650769778208945,0.0
2025-11-03 01:00:00,13.977089222495687,80.79409293794274,7.337278555273451,11.476254915792905,0.0
2025-11-03 02:00:00,12.504886844772066,77.14835299549156,4.619328189042893,7.29286620328351,0.0
2025-11-03 03:00:00,12.308475941547007,79.99745147017079,8.655161199733204,36.25137579460663,0.0
2025-11-03 04:00:00,14.471041024366123,67.34614138142494,2.2998599418199595,64.32905552738397,0.0
2025-11-03 05:00:00,14.97397883958985,72.23301261492679,0.48761544243061283,0.515070829941533,0.0
2025-11-03 06:00:00,18.485876500610104,69.39513453525392,5.086912362161829,40.71310153853226,0.0
2025-11-03 07:00:00,19.144101950000678,64.1687594279785,11.915303417116455,39.51452441957636,89.8340829777515
2025-11-03 08:00:00,27.03746218984769,60.661921045778136,12.968913998209455,43.308582905664764,161.07517807544903
2025-11-03 09:00:00,27.538444849218877,60.726418069100774,8.963273218730661,36.88451548013264,242.24283288353604
2025-11-03 10:00:00,27.429122886436257,51.89893800543764,13.151834563828261,69.03077493845522,189.0938266097136
2025-11-03 11:00:00,32.40641673114875,35.96687156414965,7.793635159551123,40.45613341756772,310.9561716122761
2025-11-03 12:00:00,31.004076694429994,44.990132349354205,2.3076780836462216,38.463110944500755,336.27434506372845
2025-11-03 13:00:00,35.73153233426969,30.48663995294403,14.039595133456269,16.690023590481985,399.4347324948844
2025-11-03 14:00:00,38.390656679955725,38.0289514133317,11.73091330217199,18.9096340968972,344.97484415506887
2025-11-03 15:00:00,35.12125358421317,29.770230902081217,8.069380409383855,71.08575764743404,147.01313442469822
2025-11-03 16:00:00,33.41669557142599,44.85692838713783,14.87034769576626,63.81506484310475,120.80871624834228
2025-11-03 17:00:00,30.08538828676233,42.76984328054121,10.651510602069001,39.43950119686076,84.74971470069579
2025-11-03 18:00:00,26.925728862529528,46.87036567184377,9.3346427485431,80.29235377164457,5.250371117957227
2025-11-03 19:00:00,28.843152714341734,61.9307586060129,14.277855637066532,90.03695634672764,0.0
2025-11-03 20:00:00,24.3630897394777,53.78398276903522,3.1982195474052935,96.5558195341351,0.0
2025-11-03 21:00:00,24.235596256965355,71.2243299485253,12.376628262808065,2.2840490882245823,0.0
2025-11-03 22:00:00,22.036267969469293,60.83917310898865,11.899417123700683,51.07389268443411,0.0
2025-11-03 23:00:00,17.94766280675837,74.43381413936429,9.289566681090529,32.29664120736931,0.0
2025-11-04 00:00:00,17.86082204495005,74.9435463315773,6.959420591465482,1.8746412365066356,0.0
2025-11-04 01:00:00,14.050023226323194,65.84929378335269,6.472834943907669,94.27144106135381,0.0
2025-11-04 02:00:00,14.609812136541,79.90420999491486,1.7356038750214413,23.613674815977948,0.0
2025-11-04 03:00:00,14.684856301838387,78.36025286990608,13.928370410687203,29.4866237577874,0.0
2025-11-04 04:00:00,14.756509637036139,74.48949974835978,1.4822916777655086,56.238880311212405,0.0
2025-11-04 05:00:00,17.239167724840158,75.79422435436604,1.3332943208926173,39.250090291427874,0.0
2025-11-04 06:00:00,19.91237667128897,73.79798163232792,3.524752579468342,78.97638117266544,4.098127143249799
2025-11-04 07:00:00,20.895111086198693,69.42906388231197,7.7688348643782,65.63108219934617,71.24072667230442
2025-11-04 08:00:00,29.258865818267715,56.064859930441436,5.705576110222724,97.5387702401129,56.11609561495242
2025-11-04 09:00:00,26.309079332277417,54.1692736802105,10.046459983693586,9.469373699011374,322.0514217356552
2025-11-04 10:00:00,30.77521187773819,58.38138626797827,8.24467731911781,7.524448783311555,396.3787196867152
2025-11-04 11:00:00,31.983878305885536,43.59678293399797,9.381733058069418,10.506605542543667,421.66890913478164
2025-11-04 12:00:00,31.357412047498716,36.37020914860719,9.208816328425499,43.16138004900576,319.9657853975736
2025-11-04 13:00:00,33.77796176129357,46.13180372069328,7.875576958167747,63.40234879791363,230.1414094848887
2025-11-04 14:00:00,37.877412843942714,35.37933568859412,9.715412467426923,45.28221013238104,263.7037107483885
2025-11-04 15:00:00,36.29965991707533,38.75943380043563,0.9762113258050276,37.77082651351377,234.96942535717068
2025-11-04 16:00:00,31.83820013899775,41.963860589388766,2.41309654006642,0.4915600820443955,246.72815399144136
2025-11-04 17:00:00,36.068455227617385,47.408462918388075,11.061365521627256,43.565101778872354,87.98677006425596
2025-11-04 18:00:00,30.753304442162968,51.68481433913611,1.7200426297447864,88.30850544074626,8.619309995474492
2025-11-04 19:00:00,24.805673736330316,47.965667042566565,14.336308855955208,94.75279320988783,0.0
2025-11-04 20:00:00,24.685487344536465,66.54637179757505,3.9082869494905697,37.03303352137238,0.0
2025-11-04 21:00:00,21.3759496499874,65.57061128401114,8.092070348412587,16.62129073000823,0.0
2025-11-04 22:00:00,17.914042958335248,73.25670712701631,2.893871065413855,98.33478031410823,0.0
2025-11-04 23:00:00,16.825239451877113,76.61265757346517,3.253909161412063,97.86568411115398,0.0
2025-11-05 00:00:00,17.71276373958217,84.22429042071258,2.7822528149182704,92.73656762632709,0.0
2025-11-05 01:00:00,15.175443917879802,75.31613206299744,8.056155709375746,34.49091266845669,0.0
2025-11-05 02:00:00,16.720172718581004,74.77700415264133,4.001548475350606,81.71645467982167,0.0
2025-11-05 03:00:00,13.83932321723372,77.9402812043584,12.503102026668747,93.88402044936817,0.0
2025-11-05 04:00:00,14.603449314109943,88.37808876330158,11.122618242440316,51.562116582239845,0.0
2025-11-05 05:00:00,19.004211965306393,81.29313026461375,11.293773543619873,88.71978803390769,0.0
2025-11-05 06:00:00,18.207758533422624,73.8707037761624,3.3290938379971506,72.69316719279766,0.0
2025-11-05 07:00:00,20.380707177468455,60.747232330021426,12.671895116641336,12.165574058531393,110.8065782994649
2025-11-05 08:00:00,26.46109369212983,54.24352761534465,4.294804034952192,21.642832495008037,209.00329474171727
2025-11-05 09:00:00,31.126066574781433,55.77738268862705,14.746774432657226,74.62852212007539,139.67430949854455
2025-11-05 10:00:00,29.70189816445792,51.473868368923235,14.926838236362162,13.679290039567526,370.80535745332946
2025-11-05 11:00:00,33.251066299799874,38.861599684185,13.007652346550662,40.30845203948059,308.51704840287044
2025-11-05 12:00:00,34.4145723453716,42.74458963117346,14.920585253017249,54.88412715205057,274.1145455379628
2025-11-05 13:00:00,32.68107129748145,35.7042945974138,8.952273691660075,24.36513103040927,380.229764353232
2025-11-05 14:00:00,33.98537122427104,43.3927661973018,8.658162038141722,80.25460159509936,150.9684170876709
2025-11-05 15:00:00,33.87583957921855,36.45802301756932,6.4169451734706495,80.93820043531849,123.85076229061328
2025-11-05 16:00:00,34.25181836282228,43.89107398742157,0.588913078914311,97.6967065501414,49.35163185995291
2025-11-05 17:00:00,28.32904601093142,46.674979310875656,3.012040037260377,75.00044595257208,50.996711940881205
2025-11-05 18:00:00,33.26304259608307,51.083446785004945,13.90398886718296,86.75969351810086,1.144305016619241
2025-11-05 19:00:00,25.411682843914843,52.98635807935275,6.355296358466175,70.00370810370515,0.0
2025-11-05 20:00:00,23.311197932847517,64.78922630760039,10.489288410147562,58.20009330714736,0.0
2025-11-05 21:00:00,22.750897798024674,53.652679407675436,13.209097444566225,17.047135971370274,0.0
2025-11-05 22:00:00,20.433175092044543,64.14117412002933,8.888858206710232,13.648499872242148,0.0
2025-11-05 23:00:00,22.256036227942836,65.20287763191595,6.604346688828472,64.37805004980835,0.0
2025-11-06 00:00:00,20.637075164609982,71.2471942497791,14.476742344320291,81.29319697288507,0.0
2025-11-06 01:00:00,12.40476920349917,88.42805626059086,7.67730395958343,51.0531129866726,0.0
2025-11-06 02:00:00,16.991441016712226,80.28625271672016,0.5390290424560673,71.30588854552596,0.0
2025-11-06 03:00:00,13.28558731578929,80.74539516100603,1.0153290384560731,33.35482033035893,0.0
2025-11-06 04:00:00,15.877732951705292,82.7896241951979,12.037109587655499,28.384061300283946,0.0
2025-11-06 05:00:00,19.723635011777027,74.34479491283439,0.20698604351351735,75.86501720696579,0.0
2025-11-06 06:00:00,19.054255110158966,75.01115860845758,7.443537189913435,82.9027041645628,0.6309677342153696
2025-11-06 07:00:00,20.555199350807722,69.67723833039146,13.537810792779663,14.29993311899418,115.11713297936194
2025-11-06 08:00:00,21.00248131291926,49.4146907748176,0.48765575731220756,50.05515038321161,146.71835659298503
2025-11-06 09:00:00,27.058403217015794,53.40705145558307,7.770260688193629,78.3379687747641,131.31384369985034
2025-11-06 10:00:00,28.080771661445116,50.48737878103227,8.665066638958308,96.87787929907402,88.12944346568356
2025-11-06 11:00:00,33.4878756149201,44.161583179134354,1.5729088816562746,39.67132630346663,318.76677320723354
2025-11-06 12:00:00,32.0396337767668,43.18530596177058,10.90534928357552,3.9572624762430175,476.07363386950595
2025-11-06 13:00:00,35.0516503549067,45.72589033771897,10.610347813504182,70.30079100602636,206.13999907031547
2025-11-06 14:00:00,37.13369092902967,39.54432927056262,13.641284872057236,35.04709852521638,285.7319651344927
2025-11-06 15:00:00,32.83122591145082,49.27996028022015,11.477027468067247,61.85603176817176,170.02780318431675
2025-11-06 16:00:00,34.705759181096404,37.397139180078824,0.6837195041468686,63.03552288218507,117.11751868173026
2025-11-06 17:00:00,33.952944118534106,49.56342370342363,12.168187671213847,74.64845313899049,52.56863401843017
2025-11-06 18:00:00,31.37382589173996,49.81953698324438,14.58741565881081,59.86211258782676,0.28581883724571655
2025-11-06 19:00:00,30.092536730773368,54.614368773436,12.115195020401368,0.4347200208448254,0.0
2025-11-06 20:00:00,25.266110350725153,61.474488610186604,2.197964116957274,53.14958705647508,0.0
2025-11-06 21:00:00,23.94789529014315,59.809562174923656,14.921041509855392,42.6392797079396,0.0
2025-11-06 22:00:00,19.908420645177344,72.92208507610835,3.47849057169121,22.244404079170632,0.0
2025-11-06 23:00:00,19.24324382596751,72.02324217501261,1.9142213175932428,98.96565477864847,0.0
2025-11-07 00:00:00,15.550448482623143,74.74996946252847,10.096119342934983,64.65864511457023,0.0
2025-11-07 01:00:00,16.8129732199594,77.81612816207831,0.9456823250047264,46.106082748268705,0.0
2025-11-07 02:00:00,12.477371859906551,76.22066614813714,8.191949661125573,58.079458583547705,0.0
2025-11-07 03:00:00,17.196851234922644,86.24056239915251,7.149413753740977,68.72746779594053,0.0
2025-11-07 04:00:00,15.076789732810413,68.31206564804984,11.460182494967013,20.16171660764421,0.0
2025-11-07 05:00:00,13.988916569148948,68.37747700857662,0.21951883340426193,8.09722431172677,0.0
2025-11-07 06:00:00,17.32840215827747,67.28993381176481,12.194395297612363,56.482416701308644,0.0
2025-11-07 07:00:00,25.27916895433487,76.41407640233072,0.6816608137709562,50.66336974448713,78.7539392529514
2025-11-07 08:00:00,26.710927397692917,70.19270053002961,13.474841640707458,83.43482152792232,87.87625365381815
2025-11-07 09:00:00,24.97911072905689,49.74801772030304,9.21100025860951,21.739032992914385,296.2126915737411
2025-11-07 10:00:00,30.92657405262485,53.807598643131435,4.169128738232996,93.7274236034581,102.419345413878
2025-11-07 11:00:00,29.52401132860269,43.08612636849079,1.6727012702996142,22.872340019641392,379.32506804389647
2025-11-07 12:00:00,33.349924931179864,47.876785836846295,12.48795014527175,12.224379031576227,437.93352227046165
2025-11-07 13:00:00,34.87467065902408,45.6451831047987,6.291372595545302,9.586104208263835,431.080988939649
2025-11-07 14:00:00,32.98590894903114,38.9624226867212,6.608697371188418,39.07813165232572,291.6450440188877
2025-11-07 15:00:00,33.40317031628708,44.13059079945394,6.038899997197655,60.02463177526359,174.39058543120274
2025-11-07 16:00:00,34.208738351699985,45.8043263921421,3.895742039760721,52.87825503708331,126.44721083136906
2025-11-07 17:00:00,29.88293974450132,48.81826087563968,13.680574042047835,66.76477726695342,60.08634447794571
2025-11-07 18:00:00,32.91862755823776,51.92910781998266,0.5506428497208532,78.40922954505403,1.8045053141644316
2025-11-07 19:00:00,26.414602633211956,61.995629468477915,9.810522129431337,82.86323626458373,0.0
2025-11-07 20:00:00,25.805889588849038,51.509693949580225,12.854141914897964,73.08783350266847,0.0
2025-11-07 21:00:00,23.380022461160095,63.886858484563824,9.578449922672398,13.810982391713756,0.0
2025-11-07 22:00:00,20.759629621678137,70.8584161932155,6.510595350420879,22.095476200078824,0.0
2025-11-07 23:00:00,18.925026380384878,80.25424936537215,13.174709505247064,92.45836299753822,0.0
2025-11-08 00:00:00,16.277479243066832,83.1393046309845,8.067576284285865,50.53409228203499,0.0
2025-11-08 01:00:00,15.826094153851592,69.65937822681849,6.078938650501316,84.06619604702153,0.0
2025-11-08 02:00:00,15.647597378399936,77.96898160418142,1.4352447444400895,8.463349047504309,0.0
2025-11-08 03:00:00,13.27508445298508,71.09199152596405,1.8829683313853467,51.29312001012054,0.0
2025-11-08 04:00:00,18.923180033956385,81.22959211340657,3.989109880558712,96.72381959900855,0.0
2025-11-08 05:00:00,19.78985284410503,73.63284661067227,4.937965299185451,0.16258917951607055,0.0
2025-11-08 06:00:00,21.67998197655202,72.87659421191796,10.938081614683938,93.54294171302249,0.0
2025-11-08 07:00:00,22.16175674509173,67.98172511183651,8.323226908880905,61.04497687376664,76.18527419770095
2025-11-08 08:00:00,25.146437949048675,50.88565042255239,12.24795140712011,32.08876671272256,189.03172037663845
2025-11-08 09:00:00,25.061888656605973,49.4979924478278,12.643651087107411,81.80390099208394,128.21186600725792
2025-11-08 10:00:00,27.478192272786323,59.03451307953858,8.93668614257447,66.95253018986557,201.6205547744399
2025-11-08 11:00:00,28.023184653857037,44.360309719020606,7.189335574974306,54.23638992302994,265.96883708496387
2025-11-08 12:00:00,34.34215868273891,37.59932646000994,8.54803154423356,5.966995958477717,457.3883445631977
2025-11-08 13:00:00,30.947972984643435,30.90098509989653,5.880996979650567,66.52609243843055,222.7179323984577
2025-11-08 14:00:00,35.23691083554237,39.58589326261748,6.761829589219237,94.89854518212373,97.79510077542751
2025-11-08 15:00:00,38.2398036517033,38.181030910254755,5.685088245751652,26.72978961177368,263.62222183002314
2025-11-08 16:00:00,31.458498908735326,45.28556195263599,6.598326851350703,65.39058243231153,115.26046275707172
2025-11-08 17:00:00,33.88472438378986,47.732474671150435,14.52884788808421,78.10046279376903,49.18974931229841
2025-11-08 18:00:00,33.585080452485755,53.94952926363609,5.961744135209312,91.49829286482405,0.4451945899296685
2025-11-08 19:00:00,28.902474953803587,39.64245897366537,9.450626401681173,86.83790262532919,0.0
2025-11-08 20:00:00,25.643535836997565,65.36102179254782,3.9057486027912356,25.010736706153146,0.0
2025-11-08 21:00:00,24.147757706949477,64.73925261056999,4.573629261237903,18.502837953095643,0.0
2025-11-08 22:00:00,19.171494391980385,79.08918395016771,0.27726906402238183,26.480152283554183,0.0
2025-11-08 23:00:00,15.984321212872027,73.74711387573089,2.645909200340041,52.32502968461097,0.0
2025-11-09 00:00:00,12.228277877262066,78.22346580974886,2.8957144909996058,51.871975119578565,0.0
2025-11-09 01:00:00,17.81377190251751,71.38504108089617,9.380936356921849,29.602127870951477,0.0
2025-11-09 02:00:00,14.099506225752263,81.01735609612575,9.340799094228723,73.65034253316932,0.0
2025-11-09 03:00:00,12.353803644261685,81.04318035992144,12.77874444036445,71.52285182325522,0.0
2025-11-09 04:00:00,11.89034819626913,77.59303555969642,9.699112247769959,6.52821678420924,0.0
2025-11-09 05:00:00,19.80131920103394,73.62836054530327,3.1779395559513417,55.90985676138669,0.0
2025-11-09 06:00:00,17.316004551780026,67.96879243996501,4.146971843743646,15.66530496377232,0.0
2025-11-09 07:00:00,21.149064395919,67.52401347817137,10.678134862026182,92.85191362459793,30.859385429093788
2025-11-09 08:00:00,21.326973281349726,58.309890734159694,6.094350039527534,44.93055306218759,158.5424444537767
2025-11-09 09:00:00,28.97445711916968,55.61410113138262,13.161897560865425,9.600445916907896,327.2698710607713
2025-11-09 10:00:00,31.898671673376857,48.20930211827052,7.601121018119913,52.709120868435065,240.93506774410758
2025-11-09 11:00:00,33.28693819691446,46.8015524145556,10.862919926896147,87.10124914347945,145.56736037206818
2025-11-09 12:00:00,34.948178203657804,40.502286923153186,8.872225543919745,75.75172438799372,195.01412781944416
2025-11-09 13:00:00,35.730947759413276,48.95031078467258,2.0246973082357083,46.16277748896086,286.0594071910257
2025-11-09 14:00:00,29.22188401266486,50.11572825958084,0.9389913863693561,86.42354356071668,128.85798856126243
2025-11-09 15:00:00,33.874971583602736,38.82532765753387,14.866764648988108,23.27909111621036,283.2622552945686
2025-11-09 16:00:00,35.240175251328864,33.177409442881896,9.824019444489828,76.74667103032871,90.18269201431987
2025-11-09 17:00:00,33.77165339549907,40.69337091157359,12.01257248560471,17.060903241723622,106.62841960417059
2025-11-09 18:00:00,30.12139501848106,44.34627113392263,3.7872140217980315,81.3555991944286,0.0
2025-11-09 19:00:00,31.265437161201103,59.76782142604279,3.1914898632657813,40.694154716596955,0.0
2025-11-09 20:00:00,26.63682380033893,53.25809754938354,1.2307386338821458,2.014595255183549,0.0
2025-11-09 21:00:00,24.027347145961286,61.44723805118208,12.4655511166016,29.38673013936516,0.0
2025-11-09 22:00:00,17.377263610761215,74.75494395484274,0.1260411090368191,84.04327514318145,0.0
2025-11-09 23:00:00,18.893023115753238,81.6770711770536,10.91680581577905,48.611954726470394,0.0
2025-11-10 00:00:00,17.917622964631665,80.6072366502298,13.671286269583783,78.79354113820469,0.0
2025-11-10 01:00:00,17.17660703435583,77.7336492063602,5.990259124572257,65.31783241786798,0.0
2025-11-10 02:00:00,10.736937341449195,80.89493383648744,6.664986038037907,81.25444554471132,0.0
2025-11-10 03:00:00,14.374937391237907,80.82218170610534,5.86354700774156,80.94468639612194,0.0
2025-11-10 04:00:00,16.42143121663331,84.26443393885584,7.124160360112583,59.05558053843434,0.0
2025-11-10 05:00:00,17.42959969021058,72.0776156867609,1.7470747981209944,1.1933882508765925,0.0
2025-11-10 06:00:00,21.639468680765145,63.612499431612314,9.401919379323296,73.42353197837191,0.0
2025-11-10 07:00:00,22.395561891467175,65.43312328532215,0.17595265718235276,8.904041345326142,118.50898528219419
2025-11-10 08:00:00,22.773847228642417,57.795989589139175,12.049831031017785,21.926203927062183,205.5745515799365
2025-11-10 09:00:00,25.416917568650884,56.44589135445379,6.058887414454123,22.146479865911683,283.8820434016692
2025-11-10 10:00:00,31.340181567792772,53.285590654202366,12.1146710817913,77.2590686235492,151.87430159541836
2025-11-10 11:00:00,29.212222213625942,36.437557151269885,11.650100677908373,93.88864646368803,120.30472399004722
2025-11-10 12:00:00,37.81958530048834,36.47827845266522,6.486894250158123,90.51952074139768,127.2415944846356
2025-11-10 13:00:00,37.82545988283198,41.46594328821425,7.904655187040367,34.88690868728356,320.2267639904913
2025-11-10 14:00:00,34.93053475530336,38.54369831990256,1.1966356954954334,12.658214586445792,371.70872537649217
2025-11-10 15:00:00,34.93488356495761,38.06281097360929,6.974163826474198,4.858634427425301,319.1737078171534
2025-11-10 16:00:00,31.68119735691213,45.42711552703651,1.9809697024912432,91.18048997680381,66.81224073637127
2025-11-10 17:00:00,33.27473203181707,60.055053778128965,11.123762956808866,93.99647356170138,28.56567209257468
2025-11-10 18:00:00,29.460876720826228,46.480196802241764,13.104888819589517,9.365293715166633,0.5913593618135613
2025-11-10 19:00:00,22.507854690011786,66.55144366530669,8.887437040582789,5.9991826392780006,0.0
2025-11-10 20:00:00,22.207786874173983,53.69613999537302,9.283480438902949,68.15810829203109,0.0
2025-11-10 21:00:00,22.029873623855327,54.73132218790431,7.176762989192041,22.137258715751717,0.0
2025-11-10 22:00:00,17.83137571148068,67.33606751380725,0.24856359818872298,19.372643005038846,0.0
2025-11-10 23:00:00,22.099745471739364,68.61635074168711,2.0344654072747432,70.08428323670198,0.0
2025-11-11 00:00:00,19.21462196701209,83.85499424234708,2.942575671002741,46.11991578180016,0.0
2025-11-11 01:00:00,16.422357840131315,85.00165209872601,7.0163366681872965,30.20936109204041,0.0
2025-11-11 02:00:00,16.672640463794405,82.63383342803468,1.1650945002980468,37.35135261837392,0.0
2025-11-11 03:00:00,12.465422978539113,83.68247362798425,11.366403085796883,73.9748091737423,0.0
2025-11-11 04:00:00,13.544633498165078,70.78528250115012,3.787854346130908,75.2894127371092,0.0
2025-11-11 05:00:00,18.538413097683716,74.06845252819231,7.719552488949426,86.31997413065714,0.0
2025-11-11 06:00:00,20.6708282649232,73.124987709709,2.6315855627226954,19.217154813897665,0.16343312957318024
2025-11-11 07:00:00,20.174552469821013,69.52178014723661,11.791786107077899,47.62377898784869,90.76731654471892
2025-11-11 08:00:00,24.743137696914307,55.42981170497378,0.8311910320961935,63.41811828635608,116.98570513404653
2025-11-11 09:00:00,26.915834219534013,54.10465073463619,8.545873364442482,23.503384931016758,294.5350450045806
2025-11-11 10:00:00,30.52426561411366,43.93873346665755,6.593866771462308,80.97130001750205,143.1033578667074
2025-11-11 11:00:00,32.908099708487846,40.81824167975304,5.143237682053998,43.73653345112029,301.53794798175784
2025-11-11 12:00:00,32.713777516462805,42.570474211986884,3.532962406265485,78.65074189418428,188.6195676001046
2025-11-11 13:00:00,35.47038564921481,33.084691938683136,12.371159373932047,12.926385048142574,421.2923063948426
2025-11-11 14:00:00,29.4089472200187,36.2311102870133,2.6845524154618916,95.8012309798329,96.28284721312879
2025-11-11 15:00:00,34.44520039122891,48.7723378255256,7.516908638052992,69.16070945366667,150.16240899156662
2025-11-11 16:00:00,35.71576766380392,50.735073959205906,11.664623267098342,93.03166211126747,60.15674899374419
2025-11-11 17:00:00,32.82501556171528,42.95656391313173,5.730752358799905,97.25877625144135,21.601852759710564
2025-11-11 18:00:00,30.074356074253924,54.70499233717418,0.8269326532402999,33.265404399428476,0.0
2025-11-11 19:00:00,30.950702892359317,49.49973981620403,0.3918848067043529,43.19143064248047,0.0
2025-11-11 20:00:00,28.119977285952686,61.59953080984968,10.110837420809661,70.9038760496218,0.0
2025-11-11 21:00:00,23.657607589445014,63.08650517707549,1.1254714002246065,19.427988751330894,0.0
2025-11-11 22:00:00,17.49318377078943,72.0177697998649,8.584018462655916,15.82194089712261,0.0
2025-11-11 23:00:00,18.929870516560626,73.95835085741363,3.304109012727086,82.94416606916087,0.0
2025-11-12 00:00:00,16.810734692422532,78.77264398147112,2.332452666171826,56.673258672501845,0.0
2025-11-12 01:00:00,18.89226792323479,77.03897404949691,8.080053639121747,74.48754453699028,0.0
2025-11-12 02:00:00,15.379800338864227,82.23149963169394,3.513748074446268,39.63528362630807,0.0
2025-11-12 03:00:00,14.003601691250573,80.3365534538521,12.462963894481382,8.065233583455145,0.0
2025-11-12 04:00:00,14.506148744650009,71.33484237831193,4.573154054989887,8.273614733022416,0.0
2025-11-12 05:00:00,20.004070369454343,84.14307724469752,3.9607896871723334,98.85144343709148,0.0
2025-11-12 06:00:00,19.62339576160561,73.69238642137614,9.120276507372717,1.7573084118418403,0.0
2025-11-12 07:00:00,19.701497256759204,64.66084813041182,6.0753145670423345,36.683138751403675,95.23424002679224
2025-11-12 08:00:00,25.857817341678533,69.40648566706956,1.04896602635348,34.359871004060594,185.08868345089024
2025-11-12 09:00:00,27.321292707714854,51.211904902004065,2.9116125409787283,13.06947027545855,307.74090685448306
2025-11-12 10:00:00,29.29914041195961,44.50162168012451,2.70335359627784,47.46009872347203,269.373645263423
2025-11-12 11:00:00,30.04004256251463,45.64479447457474,14.414809493464729,68.94884195392153,213.49470331722205
2025-11-12 12:00:00,32.14965034172538,45.18809359580986,14.01384506013036,82.0353479235343,166.202274642266
2025-11-12 13:00:00,34.59986741562039,43.80691062619927,14.502905797759327,67.37135897056461,213.1588554991946
2025-11-12 14:00:00,36.06785858557722,35.78971168734541,4.171830843326235,55.104851469705295,237.84452333173013
2025-11-12 15:00:00,37.522144995056046,40.01217778556312,7.9668910421213095,91.21001806200226,91.59052577129583
2025-11-12 16:00:00,33.2889126463558,50.56758138712752,0.32421798750744746,31.76041721442481,175.41384378534073
2025-11-12 17:00:00,31.614808982739046,42.86091309285877,8.465413623381517,85.77701374705198,38.1569165841423
2025-11-12 18:00:00,27.891160439959222,47.480660603468955,0.19836276378354056,71.74824052206448,0.5145608135461974
2025-11-12 19:00:00,28.233067533218723,50.97933167429938,12.945477310596463,0.18331982984826078,0.0
2025-11-12 20:00:00,25.311037543136724,53.254519435554904,10.182731306801879,87.85426818028235,0.0
2025-11-12 21:00:00,21.00306044879109,61.036242129793145,8.494417481438598,52.42624720097303,0.0
2025-11-12 22:00:00,19.939749743196593,62.48237097745881,14.68424679986289,5.016588579989445,0.0
2025-11-12 23:00:00,19.8550123130276,69.6286069759659,12.773254957809456,24.035679597956072,0.0
2025-11-13 00:00:00,16.12457118907047,76.09294682370502,10.288809019353101,38.247245791064344,0.0
2025-11-13 01:00:00,12.95035723349433,74.77390465097625,6.467360477488127,46.50686993116504,0.0
2025-11-13 02:00:00,13.075242994222805,87.57557803290176,13.53253844375205,12.006536033248405,0.0
2025-11-13 03:00:00,19.09584611901148,78.29910693026348,5.5704271534824095,82.6303763532589,0.0
2025-11-13 04:00:00,15.265529775990895,69.46131413984095,1.1479809097804101,60.82405400000863,0.0
2025-11-13 05:00:00,20.952311596958985,64.59999224738088,5.551537160148779,64.396646709491,0.0
2025-11-13 06:00:00,16.821312969426796,68.39066424515477,7.098786596710583,36.078766599444776,5.1691800312244
2025-11-13 07:00:00,22.564706940854148,67.48235624837038,8.839968539419054,2.8334942299215626,127.44218548034326
2025-11-13 08:00:00,26.606489944196827,56.31262888418001,12.26410461069333,94.27519760096338,60.338265695719805
2025-11-13 09:00:00,26.774651501977345,51.51979552399531,12.874456025368394,63.79634945447681,169.45063107432887
2025-11-13 10:00:00,31.56867188141065,61.012616985709144,8.541244166084416,42.767473015183,275.0909371720085
2025-11-13 11:00:00,34.662979583287985,44.51609896119211,13.083492808625724,31.094474018942474,340.0265185926561
2025-11-13 12:00:00,34.882569701433845,37.88884936821003,11.985119563851205,30.668937673894447,361.09131232959857
2025-11-13 13:00:00,34.29776673587991,42.38352337302964,6.07944790532067,73.03288830055519,196.60114540862565
2025-11-13 14:00:00,36.47947624488731,42.54109890600849,2.953770279214279,40.971337589276445,267.79280153688023
2025-11-13 15:00:00,34.12331788545896,35.00654191340569,8.059893754947126,42.816392205063714,224.9741813508007
2025-11-13 16:00:00,33.91893317032291,41.944051066670056,6.293568627173159,81.96712460142027,80.94006095384682
2025-11-13 17:00:00,31.52334582118956,53.61852312327132,10.810853272680427,25.45500714825494,104.2969011677367
2025-11-13 18:00:00,32.226303702338306,48.652093049721884,10.69820972273327,14.319139148548443,0.0
2025-11-13 19:00:00,24.39813983934878,47.36550443988441,14.015964366713652,50.923459180474694,0.0
2025-11-13 20:00:00,25.78724782014225,67.22698306949106,14.819461765656845,80.12155083389332,0.0
2025-11-13 21:00:00,22.69914652090482,69.10089121568453,4.409002876543372,12.543435124749037,0.0
2025-11-13 22:00:00,22.373957202779867,78.72131992450255,13.311646277212521,35.03365352517871,0.0
2025-11-13 23:00:00,16.496541473264042,73.01231999280196,7.432760043331049,83.96175713392087,0.0
2025-11-14 00:00:00,18.613447383357553,80.07436733652632,13.936029085788913,37.36370565915523,0.0
2025-11-14 01:00:00,16.490204432411883,85.7935437721889,9.13360836066046,25.783845092656378,0.0
2025-11-14 02:00:00,16.91112088022045,79.02891807408598,5.641873072699851,34.7298897796406,0.0
2025-11-14 03:00:00,15.353836154441952,76.9854810154049,8.445484653397664,31.580677839790315,0.0
2025-11-14 04:00:00,16.936764741303914,85.83946918736963,7.62087451716607,90.5116060820198,0.0
2025-11-14 05:00:00,16.750029135473014,69.40233453047753,3.598202702618477,37.21120280486514,0.0
2025-11-14 06:00:00,21.855056647631034,59.80840916432591,4.780941864535357,92.62919627536009,0.0
2025-11-14 07:00:00,24.71626156485134,77.28503262062293,7.845786970695285,60.48740747465027,62.6582210527975
2025-11-14 08:00:00,22.83717545309569,62.344152687324,1.5313659951013636,99.57634562856143,53.338278687806735
2025-11-14 09:00:00,26.17040977025404,45.54200210161089,6.92528316621376,88.20517733185942,112.29349862589471
2025-11-14 10:00:00,30.67630320281583,48.32109144454487,8.630748378862645,41.334050856782476,276.16175128084575
2025-11-14 11:00:00,30.22046178545909,40.057805735828964,4.09090416834575,67.50244051987154,219.29263726391935
2025-11-14 12:00:00,35.404471492212984,47.26094960730063,2.212238813469156,95.94906297813385,108.11531308093836
2025-11-14 13:00:00,35.99324191986221,41.774748289998925,8.423905057138784,69.64099925389628,206.3456300416285
2025-11-14 14:00:00,35.066720612046886,27.53441112571742,0.09793442001259034,55.097999901370166,233.4777695744366
2025-11-14 15:00:00,30.90571569428668,53.757633473124066,8.150421416808202,81.64752419319643,118.68379066494076
2025-11-14 16:00:00,34.59407175511077,45.54619184832841,2.462796373321891,21.772762064463457,204.2528755356335
2025-11-14 17:00:00,33.273058486957275,42.42508646052003,3.9371003801652042,80.97975194200092,40.29383928222633
2025-11-14 18:00:00,29.507149324498794,40.66210271715639,2.2712203199013277,26.15932140021595,6.681437598303736
2025-11-14 19:00:00,27.08662823932387,64.39125220878431,0.00948400350453904,14.091886145577238,0.0
2025-11-14 20:00:00,26.72489615661649,64.9109199169507,9.688250180938113,52.52845489677224,0.0
2025-11-14 21:00:00,18.246340805408302,62.22387683334666,9.653518591572627,88.44052858432502,0.0
2025-11-14 22:00:00,22.965502096239202,83.8654583465435,0.3212353788887945,77.64203489857034,0.0
2025-11-14 23:00:00,22.808046593695675,78.05878735012882,4.856420723988075,65.80960648675767,0.0
2025-11-15 00:00:00,16.29112358265968,71.8835110091926,10.631748722519985,83.70668281039447,0.0
2025-11-15 01:00:00,13.649728882929942,75.71501764221699,7.218361122150036,29.924277041122473,0.0
2025-11-15 02:00:00,16.56938845455415,76.01835615937635,5.859551995133011,8.959363958436084,0.0
2025-11-15 03:00:00,14.004273246856538,80.70544479587281,8.888779804046322,79.15876481942323,0.0
2025-11-15 04:00:00,13.505337856533885,71.44288661910363,10.549346333729792,47.15388977939264,0.0
2025-11-15 05:00:00,18.13745872746067,64.51992720216774,9.484482403914479,49.54461494411974,0.0
2025-11-15 06:00:00,18.391358441475546,67.0033588322022,9.593097280082887,43.83964489888071,2.885829844365269
2025-11-15 07:00:00,21.052039108274187,65.41627081068685,0.12413949902696286,65.08062447367675,58.60344474138337
2025-11-15 08:00:00,24.84158063759096,56.470232963010254,3.445051442324284,77.34615717995828,100.02301798310009
2025-11-15 09:00:00,27.392592685455668,59.863477080634866,9.609843947912472,48.992716184638816,211.71761955120996
2025-11-15 10:00:00,31.029773694398987,54.50467475341657,5.322164841865788,62.846270379201165,215.53406457784047
2025-11-15 11:00:00,30.033156459982123,43.29134079305021,12.275944703170971,25.403950326573465,372.1011063754677
2025-11-15 12:00:00,33.24828099358291,42.809992568712445,12.233518887402838,38.7307664714978,331.77808709589266
2025-11-15 13:00:00,34.1020899900936,46.97373234147097,4.493577924435904,20.35571876858404,391.02218296489343
2025-11-15 14:00:00,33.61204501318312,40.19639088415324,4.339706615959488,85.64467190835198,133.38219314934688
2025-11-15 15:00:00,33.17973837812465,40.8583117745975,3.1528994983391523,39.42032721858325,236.13357474151556
2025-11-15 16:00:00,34.070001693039586,39.76368318364556,11.346999996538324,97.02488298937953,44.65082004546407
2025-11-15 17:00:00,32.22704437077624,41.1658518166087,2.527957042962013,47.772551691024404,85.97214711521542
2025-11-15 18:00:00,28.634325249304162,53.16714146111746,7.253246629022835,30.31257350689761,4.094937935747355
2025-11-15 19:00:00,27.597256779269323,61.63424597427605,9.346547930701039,35.29738630101556,0.0
2025-11-15 20:00:00,26.99807975955069,66.76292426082357,8.603472750261524,25.323647322218214,0.0
2025-11-15 21:00:00,23.883525079941904,65.45714678234901,9.77192192746982,59.06723159115694,0.0
2025-11-15 22:00:00,18.318773352542223,68.58442215430178,7.441622203334778,92.93561694222245,0.0
2025-11-15 23:00:00,17.56222759602892,74.60950249856023,14.327813546658563,24.44962243633234,0.0
2025-11-16 00:00:00,18.769995381010233,71.23250806332467,14.12261995352317,23.46068151397873,0.0
2025-11-16 01:00:00,13.429424036455256,82.45519619566934,11.531822537818387,94.24366011333632,0.0
2025-11-16 02:00:00,17.813684095780616,84.73555763216179,8.003517024378633,60.871571584200524,0.0
2025-11-16 03:00:00,14.363967695764497,81.43540745821271,8.867087509797905,53.19489253597859,0.0
2025-11-16 04:00:00,16.80215200465277,73.1306032837339,1.7509234927438433,64.80366857676036,0.0
2025-11-16 05:00:00,18.059507092349484,75.44109416618308,12.81733994508643,79.40397628132479,0.0
2025-11-16 06:00:00,19.46972973488893,68.2095173506868,5.507347215550947,23.61300916605321,0.0
2025-11-16 07:00:00,23.91630307678205,58.98605453080263,10.51726495629868,30.652726795340733,97.14581369777828
2025-11-16 08:00:00,24.571539370755843,55.65448690767685,2.8589929314514633,12.61217736554351,229.88050230887663
2025-11-16 09:00:00,28.094427976697094,56.74603584091156,5.713653808239432,98.94190170644931,71.58224058125484
2025-11-16 10:00:00,31.774931075769775,56.037852457555104,7.3727231437352785,94.86500004478933,99.2410236096855
2025-11-16 11:00:00,32.6557562287365,44.73370959406632,3.777097809287038,90.66452921666503,132.1591111636846
2025-11-16 12:00:00,37.655445626047914,39.97584051609512,11.601726108921111,49.21706922064368,283.5038028720986
2025-11-16 13:00:00,34.470699717116176,43.90228263890725,4.286707061016951,63.124697642432295,245.31968777341237
2025-11-16 14:00:00,35.68392895566772,41.19198244051907,3.3243945066137788,67.12122703531853,195.05437992535101
2025-11-16 15:00:00,36.35006669987987,36.674426000461,3.677439130725527,64.9837842151837,156.43367090190026
2025-11-16 16:00:00,32.29976729507815,43.86902517409256,4.159627351665763,17.788151167584545,200.9789220128088
2025-11-16 17:00:00,31.387484803657884,42.62882481749947,13.034423074526709,42.993213776598594,75.35906067882837
2025-11-16 18:00:00,30.532220081655172,56.345570801903804,12.096526719795872,77.1992387714119,2.182817298635557
2025-11-16 19:00:00,27.56987055590624,48.51448026440314,4.099427529981557,64.620243798499,0.0
2025-11-16 20:00:00,26.461069413902983,60.00739150665007,6.111736451892636,53.589205999345424,0.0
2025-11-16 21:00:00,22.472637049377894,64.01529898816426,0.5048701566342401,97.72876479240257,0.0
2025-11-16 22:00:00,19.254796391444838,67.00971973742078,14.376711868125934,37.80423294979466,0.0
2025-11-16 23:00:00,16.400619088330913,74.59231660566952,1.2982497401274984,33.219077337824956,0.0
2025-11-17 00:00:00,17.34241277927889,78.93772566968717,2.964810656154529,68.06817321760515,0.0
2025-11-17 01:00:00,16.28191221083942,75.0839871790247,1.510085277224507,88.81704063483889,0.0
2025-11-17 02:00:00,13.377883550822895,77.27554903631476,8.346872244301949,66.91986773471467,0.0
2025-11-17 03:00:00,18.632720549476055,77.51555966322297,6.292910966745765,8.128862936766001,0.0
2025-11-17 04:00:00,16.100336685446976,72.64999845411717,9.904399106276296,30.17174443603411,0.0
2025-11-17 05:00:00,16.52465412077814,69.22176659481495,5.210128014594026,28.437798506815206,0.0
2025-11-17 06:00:00,21.085512449378083,70.178439934481,9.655300924723957,76.34989815639463,5.285895912290486
2025-11-17 07:00:00,20.55892747687461,64.31658804815973,6.430098595058993,36.62998045871115,80.26853642497721
2025-11-17 08:00:00,24.17802560475643,59.66042610211645,13.434166113345723,54.56127178131081,148.7629786520781
2025-11-17 09:00:00,26.760297666677783,63.81647629700559,12.642969351536529,44.98924409216135,223.49414967104167
2025-11-17 10:00:00,31.28142358685704,45.49930134711098,2.7761013849915144,44.291262383939575,270.20710116849295
2025-11-17 11:00:00,31.107184194751984,40.2938905164322,5.006459841349886,98.78848574025955,103.18528954366269
2025-11-17 12:00:00,32.0769189150976,44.71016431314847,8.222779150199676,48.18588285123667,289.38015356099885
2025-11-17 13:00:00,34.18787815533816,35.00111412764162,0.04976433867530494,87.3237426252677,143.8234918537554
2025-11-17 14:00:00,32.65442031495173,49.25462938950861,4.461931550708947,91.04059657614508,118.54077439192535
2025-11-17 15:00:00,31.25796662919783,47.96832299161881,0.22963708900427815,8.728567985705682,318.3812391539003
2025-11-17 16:00:00,35.11494965889426,41.444249039609055,7.7325382836039065,1.9082389788008247,237.94601815095183
2025-11-17 17:00:00,32.3847541678403,40.747359476995996,9.654161085055843,64.18948971571054,62.50223872128448
2025-11-17 18:00:00,29.08031355027861,49.31581402334632,11.062509083887033,72.07186856936961,0.0
2025-11-17 19:00:00,23.99105729938823,53.73993845208316,14.302610518623228,31.76349751674914,0.0
2025-11-17 20:00:00,21.992148904853074,60.33569521364074,7.562279130886253,13.880668918041561,0.0
2025-11-17 21:00:00,23.46852598785804,64.46494905217102,1.4656445361406878,22.095805558453275,0.0
2025-11-17 22:00:00,19.710475834996085,77.29631491319576,0.9623111597609463,13.098454141332327,0.0
2025-11-17 23:00:00,17.384746858422027,67.34102104195358,8.928528963667338,39.58379346467824,0.0
2025-11-18 00:00:00,14.677549686239567,67.96177712196136,3.578558584004878,1.556498551247265,0.0
2025-11-18 01:00:00,16.530830412692477,79.70499544317748,14.129607391663148,74.79503204061781,0.0
2025-11-18 02:00:00,15.83640353696624,73.39454638270196,4.323843780611441,37.604417608640716,0.0
2025-11-18 03:00:00,17.063346344891006,75.2169886950215,6.502173642117603,27.645901523321157,0.0
2025-11-18 04:00:00,16.392510258207867,74.29913369883236,13.852881427266066,12.576361193264152,0.0
2025-11-18 05:00:00,16.795630177687215,77.77631940703449,3.409811792142214,54.14518188791232,0.0
2025-11-18 06:00:00,18.318459370653606,70.48213160763265,1.8180063385569007,15.981414015027307,0.0
2025-11-18 07:00:00,23.789999086359213,65.56553623880852,0.5881947439933966,6.601210428149229,117.04282660909672
2025-11-18 08:00:00,25.43245522545197,59.134662540406694,4.390445779165263,27.538311136073123,198.22634670700063
2025-11-18 09:00:00,23.980532099398943,53.191678229935874,9.687830433105724,87.37558687648253,108.42751594404672
2025-11-18 10:00:00,27.013764446880728,48.19093454692751,3.0892617436697893,19.683061511636335,365.82778461581876
2025-11-18 11:00:00,30.758122264177995,42.19946713119029,6.967820009038357,59.61071592357769,244.6345700940137
2025-11-18 12:00:00,33.00113698709349,35.1914600748515,8.755765732742562,27.058445127675135,374.39032139759416
2025-11-18 13:00:00,36.144217644992985,46.44996267477261,2.138217998420355,4.172499727318202,454.83518082350406
2025-11-18 14:00:00,35.5496435589509,48.82699282816239,0.4092887394354894,90.30154614006418,110.88088030456068
2025-11-18 15:00:00,39.03425872710478,36.910418267254265,0.03569569977269482,40.97029690736108,232.5630023945855
2025-11-18 16:00:00,33.44283996847916,44.40087148336041,1.194808951207467,17.23146088867167,202.173408084612
2025-11-18 17:00:00,30.76247979717582,40.38984967951335,6.944449942193936,7.302418887353756,115.8197665767638
2025-11-18 18:00:00,30.54623620659371,40.9789370988368,13.205747342547062,97.68853919020749,0.0
2025-11-18 19:00:00,29.44141902936453,57.64485652588848,4.390489157913619,91.5772689440979,0.0
2025-11-18 20:00:00,24.853412971958928,59.85962012296866,4.020803196294408,77.46985982987913,0.0
2025-11-18 21:00:00,21.583402157526113,60.701719382009706,3.769421480518295,57.745911027032335,0.0
2025-11-18 22:00:00,22.074555724430606,71.80781795278389,9.739206794094699,28.296970609190474,0.0
2025-11-18 23:00:00,18.54282145237717,68.6355580761469,9.89374042075125,24.039045704252626,0.0
2025-11-19 00:00:00,16.35469538954629,74.48365513702079,12.569708440961408,17.200326616837323,0.0
2025-11-19 01:00:00,12.267706487311044,75.91398606523148,7.2754462530924116,20.214009489297535,0.0
2025-11-19 02:00:00,17.971845707849994,73.64743727293116,5.5710255264758395,41.39654309300577,0.0
2025-11-19 03:00:00,16.80943904074552,76.09601809487559,0.7574290606927797,77.33049669400509,0.0
2025-11-19 04:00:00,15.246652715714594,66.83549466583806,8.373479474771392,92.65378821707392,0.0
2025-11-19 05:00:00,13.704462497278556,75.65593929597028,14.929420252646139,98.9537853704435,0.0
2025-11-19 06:00:00,18.9199041735026,71.49602982772612,12.649096875888874,78.43120440310727,0.0
2025-11-19 07:00:00,20.810613029374853,64.32824974113807,1.7379091787195322,7.39504556392877,120.82362972484906
2025-11-19 08:00:00,26.151573891813307,52.66737802596825,2.686428758730174,90.88905957876983,72.96569646682181
2025-11-19 09:00:00,28.811483295995743,55.42530925294276,7.825170335217803,18.86494698082346,299.12006567547286
2025-11-19 10:00:00,30.41869042361189,50.03307300214041,8.336047440405126,5.689642338586265,405.8658797836533
2025-11-19 11:00:00,30.249996345785284,41.495153628898954,3.6294103121840275,8.398882880287994,441.6263281224145
2025-11-19 12:00:00,37.12753103059264,42.48112371224854,10.76460625728654,86.11470171887467,147.0687410613016
2025-11-19 13:00:00,38.29391851408657,50.14279364281816,13.767235349883363,0.8890770949660842,451.01744989064343
2025-11-19 14:00:00,37.02084184559191,34.941329870560665,11.449551420995924,59.71188888100689,213.15824606174365
2025-11-19 15:00:00,34.55392519203954,38.770278944725256,12.653013523996274,36.808206984863,237.1120057008748
2025-11-19 16:00:00,30.18910557646407,44.34622995887571,6.485589775448527,35.03526987681954,173.54169751576967
2025-11-19 17:00:00,31.448368153479233,48.437717153608624,3.1281778446733317,88.61261296525599,39.21153267855258
2025-11-19 18:00:00,29.382386319804144,61.23355171361258,8.792197355463877,28.71872977575346,0.0
2025-11-19 19:00:00,26.476201345780204,53.958637588941,1.3755389345731872,91.15635642155198,0.0
2025-11-19 20:00:00,25.980979118510906,64.14067733836428,13.301278452191806,52.605576567667455,0.0
2025-11-19 21:00:00,19.950450707468374,67.95725749987112,6.486272981899926,63.79458790445921,0.0
2025-11-19 22:00:00,18.425855108782947,68.24891585369278,2.1964750360824947,27.880771619134947,0.0
2025-11-19 23:00:00,16.67228225105604,71.63850110644371,5.04208297245195,36.8865183776662,0.0
2025-11-20 00:00:00,19.567432786194434,62.27774763038926,6.765394498592601,18.18203922138064,0.0
2025-11-20 01:00:00,16.386818443506918,79.97465985261725,4.48846719624657,22.888579943352262,0.0
2025-11-20 02:00:00,14.790570494887167,73.33814687096549,1.42639089227663,60.39459981779305,0.0
2025-11-20 03:00:00,19.019501482127524,86.48141885962742,0.8484736975121987,78.70060374169331,0.0
2025-11-20 04:00:00,17.25157100847776,73.15670144389354,11.81725912632714,31.79522842628515,0.0
2025-11-20 05:00:00,16.123355704292294,71.91793215287169,14.789218879185297,66.1251747448777,0.0
2025-11-20 06:00:00,19.698479582053903,66.70160707478512,11.894073632444528,38.137281965076006,0.0
2025-11-20 07:00:00,20.75131364326096,64.96690595028117,13.496812588664275,32.61194284686424,94.58297461426375
2025-11-20 08:00:00,24.62710770331997,58.23570915591916,0.9098362346380351,42.55491733235228,165.95082350585508
2025-11-20 09:00:00,28.762381131004574,45.70927975832831,2.167358170042916,19.997785734368357,280.7839733408056
2025-11-20 10:00:00,30.897074430634657,50.634947169786294,8.248576803423028,62.399597802611005,208.88724760091884
2025-11-20 11:00:00,30.921766731397792,55.3914744435897,8.376646547844851,79.36647017196091,171.74774121822264
2025-11-20 12:00:00,31.719017402855425,36.38418179069449,6.305932721532036,59.89556548542215,251.17406757701323
2025-11-20 13:00:00,31.564267245944926,44.93795037455097,7.289428816979694,5.773315542939706,456.53258061981154
2025-11-20 14:00:00,34.92774658622757,42.22967104272653,3.255178713694921,60.161537917355254,213.392995272542
2025-11-20 15:00:00,36.23537618920701,41.26034267764154,8.532766224084478,98.34215512438163,80.34190787896887
2025-11-20 16:00:00,35.945910236647705,40.045548194558,3.4312621068161366,31.80903409332789,179.44067652399025
2025-11-20 17:00:00,33.69661489016583,32.03563121240007,5.383933442575878,73.3153011720054,51.310010622134946
2025-11-20 18:00:00,29.059260395773723,51.83437603838448,6.931890328775454,14.117812470240887,3.03481782758723
2025-11-20 19:00:00,28.430873914576157,55.47183297095997,4.982108484204644,95.30938953092661,0.0
2025-11-20 20:00:00,22.020980829086238,60.12603958828683,14.653476196011082,96.04367043122338,0.0
2025-11-20 21:00:00,22.647244438416042,55.1618779372121,8.708871973923129,82.15663424365682,0.0
2025-11-20 22:00:00,20.680355996049144,64.56086123250853,2.0909427333928647,38.84693031985792,0.0
2025-11-20 23:00:00,17.94119318649541,77.0704617752405,0.848258280355278,6.514752904700005,0.0
2025-11-21 00:00:00,18.552433781565,69.82373933313501,6.930654107009403,12.99362481935894,0.0
2025-11-21 01:00:00,17.42921067472826,79.32807808154475,4.077244854019071,50.26194524800096,0.0
2025-11-21 02:00:00,14.98145518565226,80.143991804044,2.041220899020026,73.63453129049424,0.0
2025-11-21 03:00:00,14.895306826116823,83.46891745128343,12.77992180251613,83.48609123726754,0.0
2025-11-21 04:00:00,18.236969719481937,78.59362242113647,3.3571152883509225,46.432363033592495,0.0
2025-11-21 05:00:00,18.818276348162655,72.04242411911144,13.016013596967008,2.981078563392958,0.0
2025-11-21 06:00:00,18.784253788225307,68.98285600074374,6.148489744193152,91.0127634016636,1.6499000688011236
2025-11-21 07:00:00,21.235821698902058,68.30805062704171,8.452676291356548,49.66513240121648,81.0978818893463
2025-11-21 08:00:00,27.701444274246985,59.29606576164194,1.1696201450105597,73.56119565514608,103.59249086090296
2025-11-21 09:00:00,31.474965163902787,54.14067302533197,10.26843190893151,62.50125835355885,167.40343186104397
2025-11-21 10:00:00,32.20521459692575,55.37312148626533,2.560489385384528,59.53421797315877,219.7006041522644
2025-11-21 11:00:00,31.908299226469808,48.248995153803875,5.933947434699635,79.63928294549174,168.42965003658762
2025-11-21 12:00:00,32.067604934091996,35.2980437196419,12.254497794017585,61.35943381412895,250.21900227030417
2025-11-21 13:00:00,35.627739241890445,41.67253196437246,7.484514272553517,81.78015317079328,150.93095337281346
2025-11-21 14:00:00,36.09639188535999,39.480263543265394,2.3650427133234606,44.55071366757216,272.62225621704533
2025-11-21 15:00:00,35.18693044508708,39.13904725215429,1.6189661371265962,39.99076219862996,235.24233061260904
2025-11-21 16:00:00,36.29070314190569,42.445297985845826,4.476074665994336,31.07034571841567,175.19193068450383
2025-11-21 17:00:00,29.238029444914588,50.28516724559,9.112217922378429,6.954501700191451,120.13318656316196
2025-11-21 18:00:00,28.66157808304142,49.03406630890238,11.94915993199282,6.691565684120726,0.0
2025-11-21 19:00:00,28.45416779317564,48.13636216707453,5.973746946009446,12.680142095637137,0.0
2025-11-21 20:00:00,24.045355175823296,50.40836461658682,2.7233702593236258,70.45385318855632,0.0
2025-11-21 21:00:00,16.30339434873867,69.20701147436567,0.7937228855746409,80.46597863354546,0.0
2025-11-21 22:00:00,17.653427107631778,72.86112879311497,8.269535461954758,34.74992543375214,0.0
2025-11-21 23:00:00,15.775219688490285,70.83613628334996,1.4338025027162833,57.890696074015125,0.0
2025-11-22 00:00:00,13.83669769436858,74.68588744791052,13.502376596411088,98.94422472689064,0.0
2025-11-22 01:00:00,13.332815696806966,72.32394983048655,0.17872920203498344,72.92887959989477,0.0
2025-11-22 02:00:00,16.285076658562993,75.36193635574566,0.31721632115484233,72.72840330283839,0.0
2025-11-22 03:00:00,16.459754254387924,63.47052533975497,4.83138822519815,62.763513031339,0.0
2025-11-22 04:00:00,13.751597742368077,70.75050278725578,2.74618688757407,56.08217242727866,0.0
2025-11-22 05:00:00,19.15377599412447,71.74477597018999,1.1886350638880043,12.928330496096896,0.0
2025-11-22 06:00:00,21.785609065138708,71.91378816645512,11.512323164058685,89.3729723416919,1.6175705471070965
2025-11-22 07:00:00,21.67242605513671,55.45274149424428,6.933106729376296,37.62940542128522,88.56637698154319
2025-11-22 08:00:00,26.666353141816582,60.53754601034644,13.918624499643107,39.930331596510506,170.26747911816156
2025-11-22 09:00:00,26.5666141556532,70.3839905148723,1.0713576624352905,20.670844556239587,294.21777271974565
2025-11-22 10:00:00,30.126342010338742,48.478433344985646,4.703226105571428,62.750444395520155,212.40269384390214
2025-11-22 11:00:00,33.329771126563145,50.90869217404503,13.670013002173743,99.3414588623553,87.27178637232693
2025-11-22 12:00:00,33.87760591853267,42.26263744154298,0.3927527118451768,42.424684053678,318.0947493128903
2025-11-22 13:00:00,35.64605846380771,36.32157857018623,13.0078400138044,55.53404539469721,259.94597324043536
2025-11-22 14:00:00,34.286797980915225,35.868325877411216,4.248088754883032,94.20046145886627,108.78541208873276
2025-11-22 15:00:00,32.965816370880674,48.06296685545443,14.291575216835058,58.43515998607226,170.18172675247513
2025-11-22 16:00:00,32.6250289773327,51.644566549633,7.7494005177121466,70.53113431689827,106.86205744801737
2025-11-22 17:00:00,36.87217597559613,52.83381094242095,12.021113044611694,49.47917474385966,75.0807914322121
2025-11-22 18:00:00,26.38409753243774,50.8052582536696,10.779879980507895,38.63377674623395,0.0
2025-11-22 19:00:00,29.922611966622227,58.24825434834388,12.292919600646423,6.5287878939106925,0.0
2025-11-22 20:00:00,22.26875739639552,60.57425483829338,13.553663310791462,97.97148871891531,0.0
2025-11-22 21:00:00,20.358978456567304,61.21839668206114,8.982526928341718,1.3968702532032973,0.0
2025-11-22 22:00:00,17.87570220572401,72.7279853492141,14.702942742867416,62.05904093320562,0.0
2025-11-22 23:00:00,20.030906656023692,80.79820204320127,4.677998715681741,68.31242789735727,0.0
2025-11-23 00:00:00,17.693420270835006,80.13758658556624,8.969592958108676,86.93831561036572,0.0
2025-11-23 01:00:00,15.457012021736142,90.81545005453222,6.397883500028933,36.211411662776996,0.0
2025-11-23 02:00:00,16.54573494830551,74.77850648792571,6.412941093634263,85.21504182884608,0.0
2025-11-23 03:00:00,12.023956297835422,70.7740639955923,10.370100263441794,46.21194008554214,0.0
2025-11-23 04:00:00,19.731403627358695,83.36635910675459,6.90549412845784,38.30627644755447,0.0
2025-11-23 05:00:00,18.18861605216063,68.62339863344519,1.8959845443761403,12.822434396586369,0.0
2025-11-23 06:00:00,20.94535840126489,68.32727453388532,3.762535920490744,50.050691002234785,0.0
2025-11-23 07:00:00,22.832797897858086,62.27350934154947,5.067218877326306,22.456736745496343,113.21941629774082
2025-11-23 08:00:00,25.85357114282721,60.913649086045915,7.785127233735293,30.810020521771662,184.43482253771214
2025-11-23 09:00:00,28.21316045009467,56.390489731519494,13.762139326789429,75.02533153070672,142.18263938422837
2025-11-23 10:00:00,30.80355580154686,51.968515333282596,14.159898846355437,58.61668995629882,229.1382739023269
2025-11-23 11:00:00,34.60392619822362,36.71963943222568,12.677105278265904,19.474792004443998,390.20139407397977
2025-11-23 12:00:00,32.32939517650947,31.58993059541241,10.756210782816302,29.51021249689728,363.70470230757485
2025-11-23 13:00:00,33.55172834283117,33.17883074007192,3.117267562469567,25.187157441605812,373.390298578733
2025-11-23 14:00:00,34.64203774737984,31.640801606726775,1.0852325243341228,96.37831905955292,101.45884558112829
2025-11-23 15:00:00,31.295458672702523,45.42227333594424,12.091019117242706,93.18354775742849,88.1048531765332
2025-11-23 16:00:00,33.14483784878554,39.24375619423285,5.18857931711194,14.482650231802996,201.8929275838789
2025-11-23 17:00:00,32.0401218663379,56.360834622405974,10.52009959986497,51.23438589946186,81.03682103528145
2025-11-23 18:00:00,30.797196395503025,54.91816333270943,2.3810130993792105,62.495201379961884,3.1519578931686523
2025-11-23 19:00:00,27.828582611687658,52.44938241208823,14.959559309359333,76.45662858114149,0.0
2025-11-23 20:00:00,24.047776471249424,59.45592040216113,6.265659687094635,7.07840400268921,0.0
2025-11-23 21:00:00,26.29982787735227,54.15077917512456,8.817748358793649,89.26092723108252,0.0
2025-11-23 22:00:00,16.76254403347281,73.14912759946841,12.261578301683349,61.203454470912654,0.0
2025-11-23 23:00:00,17.55651072539041,70.75200111224629,2.371229055754018,90.52098378695048,0.0
2025-11-24 00:00:00,15.942461267738025,86.38146965092051,4.6738892398640015,94.42297551718586,0.0
2025-11-24 01:00:00,16.227175626930524,76.35752322165665,2.7399725883515935,55.77216959041647,0.0
2025-11-24 02:00:00,14.867929348704827,83.45650192070109,13.497802646404818,49.88486794266761,0.0
2025-11-24 03:00:00,15.249031828977945,78.82943610391992,8.27237286107803,25.744926198882144,0.0
2025-11-24 04:00:00,11.720624912949038,72.4967917979344,3.29325545954668,48.26502494093462,0.0
2025-11-24 05:00:00,15.092011708506647,77.2147621439651,3.4094127353214345,39.751747843737405,0.0
2025-11-24 06:00:00,21.206681365601618,69.39784556824986,9.931454101506754,95.77685809934937,0.0
2025-11-24 07:00:00,24.42531443612719,57.62702311546629,11.858011310085082,15.851279087223125,116.822918475407
2025-11-24 08:00:00,25.27563924205048,60.829711303815394,0.979131363782354,38.03072412491814,178.9967737622774
2025-11-24 09:00:00,25.833990313184323,58.373814429799275,14.228398784427085,54.96933333863559,197.98120309390492
2025-11-24 10:00:00,34.740400935353996,48.65118596018027,13.459882568707206,8.25294953670095,388.0017696815089
2025-11-24 11:00:00,32.492137861730875,42.609724070715366,12.726223023806423,72.2428548277356,194.4896745457827
2025-11-24 12:00:00,32.63079804530201,44.54404709944029,3.4583850671198006,88.04823726872831,151.2934746494979
2025-11-24 13:00:00,33.52923397163853,39.00857469935704,1.7611641774067937,99.88027471412948,89.03297741272134
2025-11-24 14:00:00,33.95119930496329,38.98779202178213,12.217026745550747,87.73797973755516,118.2061689607732
2025-11-24 15:00:00,34.315598750513054,38.04172302323121,11.6205311639826,82.68533881274323,116.7580905971612
2025-11-24 16:00:00,38.029218743485394,48.49972072811476,14.822771415447907,77.40589204144054,91.36055811117157
2025-11-24 17:00:00,32.047259268428725,52.7904604586659,8.737899758178882,5.1309550748566135,121.74195121959127
2025-11-24 18:00:00,32.253742765827795,44.08826697414325,6.844278771123694,95.97342615571425,0.0
2025-11-24 19:00:00,28.4038005128003,51.77903985101217,7.359202888809112,47.70100372532753,0.0
2025-11-24 20:00:00,21.341584475153972,59.102776401510674,13.522800042495401,18.693490506272425,0.0
2025-11-24 21:00:00,21.61841134201871,70.08922061524858,13.925532178562102,54.97313635563073,0.0
2025-11-24 22:00:00,18.069168787410966,73.74829426493146,10.422361444215477,96.52226208160344,0.0
2025-11-24 23:00:00,17.149513829640146,78.92469012945818,6.905285110197889,31.550530102613116,0.0
2025-11-25 00:00:00,16.33008142802441,75.06022346244582,4.268148076430497,22.405641141868326,0.0
2025-11-25 01:00:00,17.32263925484759,86.77917524667352,4.650535986816935,63.80790277429027,0.0
2025-11-25 02:00:00,14.051648428645601,85.65293146935872,11.490233950326319,5.448449328552696,0.0
2025-11-25 03:00:00,15.67862444747457,73.9472898263037,14.330793346193982,11.743594105477861,0.0
2025-11-25 04:00:00,17.128659376459066,82.79112269208812,9.124039822896071,10.494863993372972,0.0
2025-11-25 05:00:00,18.580410142015936,73.99412084254735,12.626682684135192,48.35554327230371,0.0
2025-11-25 06:00:00,17.921768615073095,64.45719410135246,10.594611095818012,3.3467296346869624,0.0
2025-11-25 07:00:00,21.730965043256223,58.662972320617286,9.30792035001168,73.01477258050372,60.79445785750855
2025-11-25 08:00:00,21.18613609149194,56.72445255735957,5.700140461251495,50.35387606985243,142.60748962650945
2025-11-25 09:00:00,25.72479698890082,49.24623070970198,13.280277400505003,66.4501648179491,164.8349356970147
2025-11-25 10:00:00,30.07759189789915,55.59998126841967,2.896153784254735,87.75725250640983,124.68642063538584
2025-11-25 11:00:00,32.52441628843177,45.7597145196341,4.427347841304111,28.54106711775849,367.0736369943068
2025-11-25 12:00:00,33.268474540416435,42.6102568387782,1.190214870223133,4.534316398479133,470.2685655404667
2025-11-25 13:00:00,35.39072640428668,41.57567231509814,9.411266303293978,91.24517912519178,123.94011979064567
2025-11-25 14:00:00,34.00936743076527,39.76231372133159,4.646290295999289,49.29958385572484,252.66582776755592
2025-11-25 15:00:00,34.9007563842016,47.92397984947395,12.123447985610708,31.335528686766366,253.32092432793758
2025-11-25 16:00:00,30.857560457856493,34.909475526720215,14.404524858875535,38.346161955509,168.10888656357358
2025-11-25 17:00:00,29.942098813993553,45.59414785947485,7.662196828890886,39.00711555400016,88.40700908551891
2025-11-25 18:00:00,29.810830749707954,50.6451475436626,9.854291755721919,23.487391212724173,9.79465840812843
2025-11-25 19:00:00,29.186299619164597,65.23431231109288,9.460229176099602,28.477904825331677,0.0
2025-11-25 20:00:00,28.528249040841562,58.57963878261429,9.027889589783008,75.71822815772028,0.0
2025-11-25 21:00:00,21.718938641088883,64.19123282107228,1.1753098478776725,52.850419437768714,0.0
2025-11-25 22:00:00,20.241459678578906,79.74219192749747,6.320989942210234,19.49577289807828,0.0
2025-11-25 23:00:00,17.725283452551658,85.07492609144995,3.9337068059386553,70.92756697435998,0.0
2025-11-26 00:00:00,15.844136056329056,71.64229435044936,4.6747926524906145,66.22973646922516,0.0
2025-11-26 01:00:00,13.216833625652407,79.29403181905258,2.2387132747721497,55.10033298433006,0.0
2025-11-26 02:00:00,18.016450962648353,83.46312001398422,7.995082773941141,9.608655772698317,0.0
2025-11-26 03:00:00,13.14720766255538,75.31125103322147,0.5717016023134086,24.11942395437515,0.0
2025-11-26 04:00:00,16.98548295271087,72.3084764796162,6.267085868899151,23.562819261195344,0.0
2025-11-26 05:00:00,16.76570670425298,71.163756877135,13.415514435389722,50.45727615838999,0.0
2025-11-26 06:00:00,19.373927939307737,68.18068908066036,9.982795025086482,47.83437423382112,0.0
2025-11-26 07:00:00,22.457049970409354,66.20858130748427,2.1716333460855406,74.0313595975783,59.36041027111841
2025-11-26 08:00:00,24.08720567264517,57.4631922933072,2.314258207150556,53.6815398221719,147.20959414274174
2025-11-26 09:00:00,25.74375098664641,63.21241801221953,11.234938362031276,55.82893794268827,194.7099596943907
2025-11-26 10:00:00,29.877113202738634,40.324293483749265,5.083484129249699,69.30941524238608,186.1531228527537
2025-11-26 11:00:00,33.42391699561892,45.77489615900651,9.04134750115258,48.343565348228424,281.63315860447847
2025-11-26 12:00:00,30.934842621020305,42.96725438065338,10.81098336953754,27.377517105398532,374.763871577155
2025-11-26 13:00:00,33.45224830439537,35.53429127938965,1.4498905719065318,10.21635630003621,435.5796121936195
2025-11-26 14:00:00,36.541184767843376,33.70416152322302,12.78214915669974,7.411058208682575,377.7738278828125
2025-11-26 15:00:00,36.60169893458325,36.04414139142574,3.932932116144328,33.9127668756065,241.30084802582604
2025-11-26 16:00:00,36.467585504401534,46.284355868413726,10.047017348761223,1.870623249287262,231.37275971764336
2025-11-26 17:00:00,30.16350150843758,52.08133535441457,14.375407666682289,45.476427011172746,86.9412534596222
2025-11-26 18:00:00,28.588131123313246,48.128321920039525,13.647137964821951,63.28532905986203,0.0
2025-11-26 19:00:00,26.86696517924265,52.05539937994045,8.881032358090428,99.09534869535138,0.0
2025-11-26 20:00:00,21.85755680508014,64.69502167583903,5.388660628468448,15.00454169043931,0.0
2025-11-26 21:00:00,17.66185576971756,68.96129915814859,4.004659557300126,14.744129089532109,0.0
2025-11-26 22:00:00,17.770972661742906,71.19339677533817,7.866151908095029,79.69956435351892,0.0
2025-11-26 23:00:00,18.298758760971864,73.83001913204578,3.094231322281427,68.50272823105325,0.0
2025-11-27 00:00:00,16.5986266991216,75.7654846359959,8.820388334003686,44.53372560993175,0.0
2025-11-27 01:00:00,14.711612659113342,78.83593701045405,13.411506275948977,72.98495747549036,0.0
2025-11-27 02:00:00,13.270242825690707,86.05398656071004,0.13291397369423474,2.2483586598059713,0.0
2025-11-27 03:00:00,15.107022123971515,64.77459856550026,2.7965052272016164,76.26652802752191,0.0
2025-11-27 04:00:00,15.18000246232119,81.74796774007801,5.312066469468844,20.515718715957377,0.0
2025-11-27 05:00:00,19.388447505589166,77.25580834926625,12.534577966819413,42.29934227223017,0.0
2025-11-27 06:00:00,18.729790195072407,64.51530720221578,8.159045184301378,44.08800484736793,7.323361219147606
2025-11-27 07:00:00,19.38986055981805,67.99206485642392,7.115049012377297,13.911855691907116,115.9885287480451
2025-11-27 08:00:00,26.56996612323328,51.438238698707664,8.30348921325217,16.874680203029126,210.00363058624907
2025-11-27 09:00:00,31.408484183563253,53.35989273638741,6.378641143371098,23.95033031923376,283.7943015542723
2025-11-27 10:00:00,31.629442387511027,52.08369442054237,14.087485456679712,64.12316038572513,205.22668344660016
2025-11-27 11:00:00,30.635992889137388,40.75208910679511,10.326083168928847,85.29535252193318,151.544996260099
2025-11-27 12:00:00,28.978130858560107,47.874231130288756,5.807097821735176,48.38700667008501,300.345934236307
2025-11-27 13:00:00,32.360041652852686,38.810740923430934,7.481458591216716,6.470007765922114,451.7290764416456
2025-11-27 14:00:00,33.42710075152304,44.58535520973158,9.565977083652697,79.61952779793896,160.45163392830742
2025-11-27 15:00:00,34.75460405969283,43.78541652193577,10.06555054133154,74.23013929169116,133.87480810624808
2025-11-27 16:00:00,31.172523733489008,38.91962187264021,13.071405489127162,6.199436416961102,236.4507445128049
2025-11-27 17:00:00,32.34362189241088,41.747400007278046,11.373033870868591,12.239522620288257,120.1011426827703
2025-11-27 18:00:00,29.767305118913022,52.55151349031386,5.257624176269151,40.039462977330764,3.4778163209371344
2025-11-27 19:00:00,29.790036778331313,55.86997423179308,2.992286377813693,42.29802209153478,0.0
2025-11-27 20:00:00,21.408964011642354,52.421032566285376,11.880434709775855,10.455448556324198,0.0
2025-11-27 21:00:00,17.9847051522253,59.893068090770214,9.387338930512346,59.18292759928331,0.0
2025-11-27 22:00:00,17.947944032134323,70.84240685874312,8.631524224964073,18.005403910175886,0.0
2025-11-27 23:00:00,18.12271733724097,72.19717840402808,11.18444546515291,36.68276582558612,0.0
2025-11-28 00:00:00,19.796275590976375,78.08198977042629,9.857229856544546,8.105361015701163,0.0
2025-11-28 01:00:00,13.487355417308278,78.87986073314528,14.069247764646677,53.17435665498983,0.0
2025-11-28 02:00:00,15.97524622428387,86.41038533184974,13.525991324688563,28.644395438493518,0.0
2025-11-28 03:00:00,13.414525062320262,83.96827424410651,2.254584227602734,47.43796140417302,0.0
2025-11-28 04:00:00,15.187359296995345,70.7117152816495,2.2206529577107776,29.530801772988635,0.0
2025-11-28 05:00:00,17.096696343704078,74.26547683224868,8.916078323408172,89.4393056474203,0.0
2025-11-28 06:00:00,22.414445402206553,72.73065876119432,0.9992067024902973,11.080819921281492,0.5840591143933948
2025-11-28 07:00:00,24.441653079315575,65.08325616862538,9.966371670558463,89.70344303557444,35.591408904912456
2025-11-28 08:00:00,24.42252565187956,62.761511815102025,0.9905220076470606,54.86102213971928,138.70437473299796
2025-11-28 09:00:00,26.42474575749284,55.591019622758665,8.275155888029083,28.6275704308285,265.45569173802295
2025-11-28 10:00:00,28.689513673616222,54.37044157178866,9.046445940063307,18.942153878638656,351.2613250199259
2025-11-28 11:00:00,34.781842563354815,49.16129665240331,9.30913322079556,90.59910904306403,130.07964386291687
2025-11-28 12:00:00,35.907590412418116,39.59172000382216,14.87974136403893,57.24670705127616,254.84222053013377
2025-11-28 13:00:00,35.362482962620376,38.82097755809301,12.638525258652793,59.646867800378345,242.77018663130988
2025-11-28 14:00:00,36.531114631826405,43.00012744596351,3.3061195493906443,18.039149648625042,349.07592811009596
2025-11-28 15:00:00,38.36524519730634,41.00027985239901,4.296074012212112,29.337808452777146,257.4209843564027
2025-11-28 16:00:00,32.73958592884163,40.35473539855007,13.068383871291054,52.06915114580434,141.55293712346025
2025-11-28 17:00:00,34.34948277918795,41.79882755088536,14.451682629697135,31.667878700613727,95.82369886133154
2025-11-28 18:00:00,28.161695317302268,49.29233071271691,10.456516129293187,55.11017839735515,0.0
2025-11-28 19:00:00,29.874573264687466,50.56814407205233,14.530599142382808,51.178890038372295,0.0
2025-11-28 20:00:00,24.125255821236905,43.97038993757245,10.902503065131363,92.49644201807912,0.0
2025-11-28 21:00:00,21.57348340360189,66.70643848562304,5.315418307480898,88.14274384985895,0.0
2025-11-28 22:00:00,21.599397187892762,75.82090041473921,9.708397087054175,66.04230598568172,0.0
2025-11-28 23:00:00,18.710641276437315,74.63313865384482,9.765416086408866,13.982999400947971,0.0
2025-11-29 00:00:00,18.692572680306537,77.53373427436154,8.306967183829592,98.8266706127132,0.0
2025-11-29 01:00:00,17.163317338300594,79.42472309405224,4.117976759599839,64.8480859713826,0.0
2025-11-29 02:00:00,15.999657755264899,87.22686430066958,3.4439552391746675,71.39700639397059,0.0
2025-11-29 03:00:00,16.090660974441068,83.79871399453117,6.866432522845569,42.72631804235937,0.0
2025-11-29 04:00:00,16.13868267391154,79.04583825765793,3.1369872736319215,5.492766590784626,0.0
2025-11-29 05:00:00,19.18556016127828,70.02589582922236,14.175614903061577,55.26239217925863,0.0
2025-11-29 06:00:00,15.866287102443682,68.12759005642452,7.082915434782516,94.33087165412745,1.9101869456542373
2025-11-29 07:00:00,20.57449706656356,67.71111013734328,8.941827460555823,73.60823518411327,50.07255718407289
2025-11-29 08:00:00,27.57841950720944,66.6898519657759,10.887586581841061,13.849937509217458,221.1208789764472
2025-11-29 09:00:00,30.580882700349306,52.24756494556364,8.188047854991837,2.554155138869185,334.5713197977961
2025-11-29 10:00:00,29.52870671779993,53.670584339557784,0.4416463674287585,89.66149860685985,120.83085638282266
2025-11-29 11:00:00,31.783300724094147,51.11373114931118,2.5023953146098843,73.13557199152915,199.71449433902117
2025-11-29 12:00:00,33.61159180256784,49.32834017121919,9.231699674172237,68.92743292249716,221.5198163885733
2025-11-29 13:00:00,36.90059125169431,36.14798469664154,10.445335177090639,29.117422438079966,351.97119280265196
2025-11-29 14:00:00,33.81056306935553,31.93862266265336,10.92770570400432,58.037971800309265,225.76196502684144
2025-11-29 15:00:00,32.47597881234142,38.321039332033955,8.777340076826423,12.214509706253207,308.4281034998337
2025-11-29 16:00:00,35.39233269557586,39.34121197978331,14.322464972662953,37.554453207491676,171.75339273201158
2025-11-29 17:00:00,32.92246816839781,37.52724089413508,9.741768696374626,16.44153785169278,110.83957093599433
2025-11-29 18:00:00,31.39274171419851,51.89576444300088,14.842785209050312,25.651780330805096,3.2500530749325383
2025-11-29 19:00:00,29.35852442198771,44.31797740218877,8.244165487438433,90.12049147368779,0.0
2025-11-29 20:00:00,24.564227532542983,59.07671826411058,5.522814449208973,33.38705578715015,0.0
2025-11-29 21:00:00,24.366992854857926,58.48851246595635,2.0641600237197193,87.33184570887667,0.0
2025-11-29 22:00:00,18.188001453130163,69.02712236849099,8.77046734642995,51.155733556842705,0.0
2025-11-29 23:00:00,17.210383108248642,73.40176433872578,13.653417355498368,44.59912352620338,0.0
2025-11-30 00:00:00,20.350244663708967,82.01390190828178,13.42065068256062,90.04567944955768,0.0
2025-11-30 01:00:00,13.239635678418027,73.6381133521441,1.9999029452723232,23.141490812682708,0.0
2025-11-30 02:00:00,16.739316348346634,79.36002097210476,8.329469805119668,27.66798481054674,0.0
2025-11-30 03:00:00,15.545479146132685,82.30671207598851,11.315634392899664,35.58954715143331,0.0
2025-11-30 04:00:00,16.629780533393212,86.64397499954251,5.305326858724648,82.42700863099613,0.0
2025-11-30 05:00:00,17.911619804106362,76.58181338208317,6.402683862179809,33.16211294563447,0.0
2025-11-30 06:00:00,20.846157450721865,68.63886543181611,1.2395368463468104,53.368183816099254,8.611949584678673
2025-11-30 07:00:00,23.541469014603074,65.38133502101549,11.06960732399509,75.93594990502753,53.179374265915186
2025-11-30 08:00:00,23.111562215305153,53.360480837142795,1.7174708069970424,70.24082834454963,113.91796820819559
2025-11-30 09:00:00,27.871419156993323,51.03362163566575,5.507601642882013,91.23397481900044,98.0598070864189
2025-11-30 10:00:00,31.447039118454285,47.19220371636574,12.420202811842216,96.06105475260499,92.41278278432013
2025-11-30 11:00:00,30.354212951604616,53.36067763946832,12.72617073518481,43.55857854557542,304.73436675964047
2025-11-30 12:00:00,33.823675865596684,39.48083819357484,7.624130916801717,97.12472842415013,115.79806841380801
2025-11-30 13:00:00,32.396253625783274,40.62879720132526,12.224529067563477,8.372919142537016,441.81484035243415
2025-11-30 14:00:00,40.352643921281796,37.412487317278284,6.939460181932707,7.813738220175526,391.259645783814
2025-11-30 15:00:00,34.80909857131456,41.62126012311652,11.900529951587272,24.85910593283931,260.9858608058346
2025-11-30 16:00:00,31.05791163368861,39.821070197004616,4.712915980254401,6.681969561482937,238.9453095145008
2025-11-30 17:00:00,30.127354068068875,48.41339276191034,12.2223218751097,10.989512595182305,110.41115590088681
2025-11-30 18:00:00,32.569216165744486,43.953715064882275,3.0074923393674817,69.48734589963021,0.0
2025-11-30 19:00:00,26.04247673400152,50.770213221794194,5.638013246029589,49.246985663168665,0.0
2025-11-30 20:00:00,23.169005771046283,52.83479466200611,14.637462918063823,50.13231948835416,0.0
2025-11-30 21:00:00,19.5389987224446,66.79201539645452,8.996873102911199,45.119576964274735,0.0
2025-11-30 22:00:00,20.498235528461738,68.41502326995595,14.274219659416177,74.01922377481385,0.0
2025-11-30 23:00:00,17.910826683235495,66.91082843412265,6.736083712846882,57.908536445621785,0.0
2025-12-01 00:00:00,18.64295442586052,79.42778576588852,11.174831301936582,29.953723620357387,0.0
2025-12-01 01:00:00,15.226897560697182,84.31408693072754,0.016487733670719207,18.009534302988463,0.0
2025-12-01 02:00:00,17.712145670702032,87.45025600613539,6.292918244767526,33.77820878701695,0.0
2025-12-01 03:00:00,15.730865147985739,79.28461961929526,8.354798931691436,79.29730641976558,0.0
2025-12-01 04:00:00,15.048145301028189,75.81914599441409,12.826000571577056,21.886262398040657,0.0
2025-12-01 05:00:00,15.913484946207111,80.84121205842074,14.99243998463991,96.42645267174638,0.0
2025-12-01 06:00:00,19.203570902811517,65.31641950886493,2.5878926312119925,50.904188194839776,0.9712844062019201
2025-12-01 07:00:00,29.059378299475597,58.81347543539935,14.623646454840102,81.79030312445299,46.340087802797264
2025-12-01 08:00:00,22.79572747960942,66.56006141899682,8.934460012454506,3.908480293791239,235.1142223956143
2025-12-01 09:00:00,32.286391215736735,54.173273370023,1.203129325992454,32.51089878455205,257.2571564551733
2025-12-01 10:00:00,29.433557107412813,57.58131250946375,8.862313388971721,86.20800917058867,135.64589024407866
2025-12-01 11:00:00,31.215538646051417,47.831405119717836,11.937449855835206,23.552785432807156,376.9143828830107
2025-12-01 12:00:00,34.99420556454878,33.3791000903793,2.4720170661690655,76.98517861087475,175.3502753995943
2025-12-01 13:00:00,35.413740384166495,36.69117840347615,2.4897708870169835,10.888843756566867,425.02687276249316
2025-12-01 14:00:00,34.51610026964393,39.66266736149203,8.324729258432985,81.1863160154779,141.62348114878841
2025-12-01 15:00:00,33.43662992567794,46.75508111070325,7.423159888022152,26.70450937640185,269.07330217025884
2025-12-01 16:00:00,36.58257432905425,48.55229964823242,4.986672663287754,98.5981452036859,55.036264908035974
2025-12-01 17:00:00,30.69425229632011,53.92489161301951,1.4494306790885574,70.2339202184442,54.464192453227376
2025-12-01 18:00:00,29.49167089858396,52.27956616226528,0.6222959567852671,97.64521213667909,0.0
2025-12-01 19:00:00,27.859537256901557,51.30682883338218,10.681908068263471,86.18583812156965,0.0
2025-12-01 20:00:00,24.584194946522086,54.36489494027405,14.2360790026271,20.401523356541983,0.0
2025-12-01 21:00:00,22.96910052798082,65.65733803328881,1.4832991584774535,29.352051046998774,0.0
2025-12-01 22:00:00,18.270022991153287,72.73637056361721,9.420057890647021,48.68238249591501,0.0
2025-12-01 23:00:00,16.381234619362758,73.14193049814267,0.5908611802247182,19.012339856968353,0.0
2025-12-02 00:00:00,19.36514583776287,74.42075625289856,4.256986666149664,87.2201116746141,0.0
2025-12-02 01:00:00,14.540524634481379,87.19237443479446,4.6685345182332805,97.07106639811698,0.0
2025-12-02 02:00:00,15.181590161168812,81.23347147073416,4.190879477677048,35.99684533587555,0.0
2025-12-02 03:00:00,12.657186307316742,77.56884841993465,0.6709463158645274,82.09861036246569,0.0
2025-12-02 04:00:00,13.01616873678506,76.54795453701145,9.94660286084855,54.980688028437676,0.0
2025-12-02 05:00:00,18.018098094732785,76.8835567794246,11.267518702014318,48.90688203302586,0.0
2025-12-02 06:00:00,23.57996892562845,73.44433000027375,6.67633186718781,0.7901650875267174,0.0
2025-12-02 07:00:00,24.10924533775197,63.06001128524777,6.083798998824637,28.28708535723298,101.79981373894248
2025-12-02 08:00:00,26.540347669279512,59.418282596951016,1.833116592479812,70.58590631962912,107.82082955728498
2025-12-02 09:00:00,29.366780179402387,60.12876263888219,0.22373868836343125,11.929705630410648,323.03964244948844
2025-12-02 10:00:00,28.61308666937471,54.13522650028545,4.481251456609687,4.973763212127902,407.32558100391805
2025-12-02 11:00:00,29.69547592867437,48.544323803623506,6.520800683644698,96.08682434998556,109.71866485355854
2025-12-02 12:00:00,33.849653735670074,42.526180924413026,9.760761818840823,72.80409752314567,203.45787250582558
2025-12-02 13:00:00,34.93927858572907,39.18949522619864,10.756554420908438,67.06428847016335,217.5793340390529
2025-12-02 14:00:00,31.556131357681735,34.67504812688731,14.971058517507462,4.824132132831704,405.1495239376241
2025-12-02 15:00:00,33.542853520293825,42.598123534222935,7.429280105736026,41.3865094256326,243.69648468476987
2025-12-02 16:00:00,36.039160048950066,44.730655060923986,12.05764785063207,72.94432743363237,99.64890828493913
2025-12-02 17:00:00,32.46584607383316,39.55407483010773,13.39828095535802,86.37344495193604,37.00643856899572
2025-12-02 18:00:00,25.941199237676905,48.59102226356309,9.031315032248706,67.66156536887846,0.0
2025-12-02 19:00:00,27.11619021126889,54.91382099623981,4.182300657434823,74.5430798022501,0.0
2025-12-02 20:00:00,24.995422291426365,63.16139251236046,1.4660159527464138,43.58278025792147,0.0
2025-12-02 21:00:00,23.71312205411208,61.89941736830866,14.066421977409066,49.67374469990037,0.0
2025-12-02 22:00:00,21.922839953894826,71.78340762555496,5.50855547038086,33.94115108074565,0.0
2025-12-02 23:00:00,20.957588322616555,71.90950469406033,6.636740049537781,36.9921383686335,0.0
2025-12-03 00:00:00,17.423762717553682,69.97149020664565,0.4520949878106273,81.64077628550595,0.0
2025-12-03 01:00:00,15.994473554028852,79.02791479780575,10.09128744294368,2.8293129881449497,0.0
2025-12-03 02:00:00,17.851828273868527,81.81563206804694,0.3488878721552957,89.56351019360032,0.0
2025-12-03 03:00:00,16.496557676430328,78.60411630940757,7.672589930082127,24.981775750430877,0.0
2025-12-03 04:00:00,14.862340029965647,79.87530893679525,14.060100089153547,72.06324479306423,0.0
2025-12-03 05:00:00,18.525346662763134,72.12163359536414,12.812740449251642,86.3759026924976,0.0
2025-12-03 06:00:00,20.555507090395032,71.70336166002902,14.499054743952525,20.214531381729028,6.33991056344298
2025-12-03 07:00:00,21.79823734130415,71.2509740703243,4.53244506205118,43.79329119467641,85.73643476109659
2025-12-03 08:00:00,25.830734529356814,60.664373760244075,8.007554426182981,11.008960721465822,227.98565094795646
2025-12-03 09:00:00,28.62629367995903,46.47553148821374,0.2525158967105784,98.17431948971688,76.26270657971344
2025-12-03 10:00:00,31.759348252252,48.27510183456578,11.435791978641818,49.00254800839934,249.03104770733856
2025-12-03 11:00:00,32.75105156359246,48.83734222840517,9.512805034371576,26.39414431160514,376.9033786722668
2025-12-03 12:00:00,33.0894469223578,43.92597922046869,7.328911026291878,4.703039357279559,468.71674409928977
2025-12-03 13:00:00,33.37152846840955,27.823914286806463,14.757609064169152,75.48087166868136,188.0270724044599
2025-12-03 14:00:00,37.73304765588988,37.98821316601037,3.804069540470138,74.02113461549108,174.490868595376
2025-12-03 15:00:00,34.06940356671831,43.1040410562315,7.677707326618329,22.612999215167097,278.49829532858297
2025-12-03 16:00:00,35.23751519274249,41.2974837522404,9.088979384206208,74.02606642136892,100.68678550055162
2025-12-03 17:00:00,29.55313523657139,45.4537444597158,14.039172263071979,9.022489556186585,113.43742936849203
2025-12-03 18:00:00,28.92622968954544,52.614133130120614,2.656684197728787,3.1724763900662367,1.3080890844631312
2025-12-03 19:00:00,27.91241157161146,64.00239618309257,3.2277728797044736,71.35055918685647,0.0
2025-12-03 20:00:00,30.188023026797133,67.51807045849081,9.32949969597343,39.976130963014924,0.0
2025-12-03 21:00:00,21.76452660541415,65.36049367636645,13.543932874056257,68.17834092917647,0.0
2025-12-03 22:00:00,18.398938345144565,72.84111988108066,6.904574738222688,99.61414670552567,0.0
2025-12-03 23:00:00,18.069723634521864,79.49634208103565,2.682851021373041,17.51885234221584,0.0
2025-12-04 00:00:00,17.45944084236003,78.14998015762025,6.645115429127404,41.691267590142644,0.0
2025-12-04 01:00:00,15.57084186462189,87.884669349736,10.695568424459799,16.757826185157665,0.0
2025-12-04 02:00:00,16.779236397419723,76.64181451217598,7.51678344570751,7.923906906757383,0.0
2025-12-04 03:00:00,12.70957942903404,74.48043728801335,10.686224016937462,60.36046323578586,0.0
2025-12-04 04:00:00,18.644094581975217,82.81858593576902,13.950558626066876,42.74824787379495,0.0
2025-12-04 05:00:00,19.917813313828198,67.8240510632396,11.802953466024828,84.00153842359124,0.0
2025-12-04 06:00:00,20.725093888817522,75.48875740747197,12.43019412423403,47.19356179037397,0.0
2025-12-04 07:00:00,21.550376957782035,61.04839524851868,1.0349770027927607,73.32784987838478,50.17868747717777
2025-12-04 08:00:00,21.026128460673263,63.74790869573417,6.765136924553183,48.415894287292325,154.04041696203663
2025-12-04 09:00:00,27.02514819005507,59.073589474383496,12.633657309432968,79.04857663824376,137.81862465192282
2025-12-04 10:00:00,31.75076577844886,45.640372963321695,7.38065259647386,38.14757039266596,292.9831504249903
2025-12-04 11:00:00,27.89341638435537,40.78377576290109,4.451907567864649,97.04875426450363,112.71924606147243
2025-12-04 12:00:00,34.0094622248444,48.62260977760385,6.485566274865879,59.41086012892601,251.19570205122488
2025-12-04 13:00:00,33.75580796643521,50.67597662453058,12.586089005315035,68.2197302767751,208.34602645138418
2025-12-04 14:00:00,33.85368436356324,44.427092944006326,11.586972593451346,95.91452718063096,96.91092915343305
2025-12-04 15:00:00,33.13249600432793,41.1289192961433,7.063647626472523,17.399868120995933,291.79958494513266
2025-12-04 16:00:00,34.73883944951611,41.05453123878864,4.523072620157038,43.718914446345266,161.67039594190965
2025-12-04 17:00:00,29.79421057315716,40.304090512042634,9.953279589592402,84.81925443125928,49.99973814751018
2025-12-04 18:00:00,29.80189379724996,52.67730755437198,6.104118690617323,59.88725786509098,0.0
2025-12-04 19:00:00,27.82905708209569,52.14575893312363,14.064951570174667,39.22856342269373,0.0
2025-12-04 20:00:00,25.080856559132467,51.06908950584703,14.145517557158621,40.556283781732795,0.0
2025-12-04 21:00:00,25.90160741195376,76.11085593867551,0.4806845094174683,10.625652488106951,0.0
2025-12-04 22:00:00,19.995598383419086,79.21983279896844,10.917551513340781,75.94863109447533,0.0
2025-12-04 23:00:00,15.322456771836297,86.59326784623846,9.247490460377255,60.96540314022025,0.0
2025-12-05 00:00:00,17.150275647409536,77.41312076051427,1.4702759065730548,97.06405101630294,0.0
2025-12-05 01:00:00,18.91838177820238,77.78485986725863,1.917462240193149,39.246235196199095,0.0
2025-12-05 02:00:00,14.342952619277487,77.5929345055527,6.512785288237554,57.384303786711364,0.0
2025-12-05 03:00:00,12.64467327253932,81.1390888702169,2.67178748359259,86.75763987412601,0.0
2025-12-05 04:00:00,16.49221850627089,84.00240939945301,2.5061277695865347,34.27488656700061,0.0
2025-12-05 05:00:00,16.543388337781717,71.73634703774044,4.256100686217675,56.30303176272582,0.0
2025-12-05 06:00:00,17.43572360939783,72.68465713778077,6.833769938499315,43.54872494659543,4.342931824126274
2025-12-05 07:00:00,21.245188542544554,67.5245573115089,1.9389508212272637,34.84478956731576,98.661855288288
2025-12-05 08:00:00,25.657951920366276,66.4907413608619,2.645029045949592,0.60776656523851,245.15684619840852
2025-12-05 09:00:00,25.694684582747705,57.12953307301857,12.1085484844958,49.93661812329252,208.5768546342107
2025-12-05 10:00:00,31.355706067884764,53.73361232055124,10.049723265032682,23.59396476874781,340.0145868780329
2025-12-05 11:00:00,28.945231906985065,46.34963667465928,9.025570070558347,43.71310202419403,303.52790705260634
2025-12-05 12:00:00,32.38485772248435,41.968948695052,5.004585069002031,27.057198613050424,379.12883235210523
2025-12-05 13:00:00,37.316079364032234,42.43976698739932,12.925387578687884,10.543595696764552,417.7546285298921
2025-12-05 14:00:00,34.999664423618924,39.12876063786841,8.209479799140729,86.34690325856458,134.01320058670694
2025-12-05 15:00:00,38.42823999475938,45.2679708823254,0.38033120516826113,29.037521408541377,252.88120967160683
2025-12-05 16:00:00,34.83219699589922,44.452046404952895,3.6560593337473724,97.66413351074738,59.30217327428939
2025-12-05 17:00:00,30.51497385606667,51.522160203286184,0.9843394776079645,6.939994362369639,118.0613748317858
2025-12-05 18:00:00,27.940370967955463,52.495411822171924,11.660856392866787,10.105941792436713,0.0
2025-12-05 19:00:00,25.916680288654813,48.38781448517862,13.963306134823116,94.06809198568845,0.0
2025-12-05 20:00:00,21.154577097890886,64.84292394148912,2.57566029688896,5.2278440040550045,0.0
2025-12-05 21:00:00,20.519425061695046,73.80650685971787,6.0658122246118875,79.67985572794528,0.0
2025-12-05 22:00:00,19.83475712079037,71.23284679296006,2.1712562112883393,16.015065488959344,0.0
2025-12-05 23:00:00,20.29450708697384,77.51336107106503,5.009865250134039,20.932336779915495,0.0
2025-12-06 00:00:00,11.915249252919452,85.7267185745296,5.598171066500861,0.5071407168706021,0.0
2025-12-06 01:00:00,18.219721748336244,87.47786162349539,1.1377412034534484,83.42853707501557,0.0
2025-12-06 02:00:00,13.19363051795434,80.15362468503648,10.432783691164,86.13978081683457,0.0
2025-12-06 03:00:00,14.252758108447727,87.70544851857265,2.4327336934044914,3.400882853649234,0.0
2025-12-06 04:00:00,18.54654898850544,72.41044630502668,7.733992131923656,44.64147584162031,0.0
2025-12-06 05:00:00,17.15155130217185,77.09129319973862,2.584769892938605,72.41554544447891,0.0
2025-12-06 06:00:00,17.44985796102798,72.49123267322629,8.861501180020213,65.52114165469723,4.588214755908794
2025-12-06 07:00:00,22.357275521847203,70.97617046371982,5.728635534328036,30.626820431079583,94.026519773604
2025-12-06 08:00:00,24.613394244668147,55.22232231585945,0.8835317497196926,1.9617051411746522,241.48442664811972
2025-12-06 09:00:00,24.213005037536856,57.08761433533722,14.980388838885506,82.17328628158711,118.97931516470233
2025-12-06 10:00:00,25.64855943181808,40.587140239299664,3.2602347426753155,2.8582415780701753,418.097383627244
2025-12-06 11:00:00,31.011725591531047,46.22161273654774,8.000444335082497,5.14597898841237,456.9232221390132
2025-12-06 12:00:00,35.96785578217651,39.383858091433744,3.6366599966938526,49.24705541276442,290.8634649249936
2025-12-06 13:00:00,34.83231736353568,43.93783484239977,5.721576256715512,8.034958912887369,448.7886050844309
2025-12-06 14:00:00,31.86233458730703,42.88543759110072,5.304995107424451,72.07271751291646,177.64588886640158
2025-12-06 15:00:00,36.25743794613484,33.72780275848655,0.8558360718145996,52.19155463886539,197.70605487735486
2025-12-06 16:00:00,34.33682993958885,51.60192997117242,10.58793615730248,27.254022868325844,192.37144279993757
2025-12-06 17:00:00,32.03329108345485,45.55135298902313,1.1939139047227427,0.3305507787523587,126.81957826474894
2025-12-06 18:00:00,30.324231701160844,47.99374373575497,5.717498099015035,50.56858006911975,0.0
2025-12-06 19:00:00,29.29595179904215,43.834171723967934,5.108384331667979,76.1975405525038,0.0
2025-12-06 20:00:00,24.154502676552195,65.432459013737,10.870561088562894,43.78126963365116,0.0
2025-12-06 21:00:00,21.97058238803837,64.38349354259806,11.879141291968807,73.39914291210059,0.0
2025-12-06 22:00:00,20.300695842411542,73.38774763249889,13.492521796005022,83.29609579386631,0.0
2025-12-06 23:00:00,17.403613188288645,71.23660576528853,12.430321212655604,23.246718893522257,0.0
2025-12-07 00:00:00,14.24467532081067,82.68691223724359,3.7392498192528607,60.86099811164472,0.0
2025-12-07 01:00:00,15.7103596990665,87.80714222778887,14.292963694689282,28.837935471288134,0.0
2025-12-07 02:00:00,17.395874331209484,82.87989954126957,1.6417838904239013,92.07370715170129,0.0
2025-12-07 03:00:00,16.970098420954628,76.0209819158668,8.54914930101347,8.763379148108442,0.0
2025-12-07 04:00:00,14.293779323785513,82.71327097329846,13.703960707300437,26.728771333342706,0.0
2025-12-07 05:00:00,19.07100574682675,74.83144966832029,0.4231472190758584,69.26597878764855,0.0
2025-12-07 06:00:00,17.017552485047116,68.69826167699685,0.07174405131296413,37.19221316483977,0.0
2025-12-07 07:00:00,21.83590990128614,65.8153797832626,0.6231156166278462,94.55149240145946,44.28784359526347
2025-12-07 08:00:00,24.583781095723978,58.1053878279468,9.586827881207176,19.120400253912205,213.82039720381164
2025-12-07 09:00:00,28.16300584226424,52.49401801937565,12.434626431632797,55.709032496821685,203.04782519929728
2025-12-07 10:00:00,27.830179154741238,55.762541285974336,6.160694309982407,84.13587819681322,138.82676846283758
2025-12-07 11:00:00,32.77081265373774,49.1476928980289,11.822610497144572,8.090605977124465,436.501785873036
2025-12-07 12:00:00,31.360914421559297,46.86880043485129,0.8597437747900027,87.38226621516748,140.88647740897633
2025-12-07 13:00:00,35.073306663901,47.72068070241194,7.91262403923978,34.57830417313902,332.2886769904149
2025-12-07 14:00:00,34.89141187147526,39.288618104637884,4.156561380050757,82.35905464615757,142.8398515659751
2025-12-07 15:00:00,33.80409752576914,37.82100443240354,14.76287086870999,99.37657606209326,69.09088258141131
2025-12-07 16:00:00,32.59698958618046,45.79860151646728,1.4567947382760849,51.136897031577725,141.5444809816866
2025-12-07 17:00:00,34.13305511189061,41.88113636036027,2.8931032072963236,24.537053596672777,100.13954514313247
2025-12-07 18:00:00,31.441372166646268,54.00647810170174,12.726725398102579,52.62411233587238,0.0
2025-12-07 19:00:00,28.037320038350636,49.89488253890448,13.99177334752464,91.80351966567726,0.0
2025-12-07 20:00:00,25.253946570089116,61.8461671426094,3.5194298348787374,80.88557225863097,0.0
2025-12-07 21:00:00,19.501811189605952,66.81061922736183,12.987807135186003,85.58359226225998,0.0
2025-12-07 22:00:00,20.581205559461054,79.15029680043426,8.93533014694623,56.55376440332754,0.0
2025-12-07 23:00:00,17.490824476748607,68.70685600113296,3.423809430577725,24.594908564315954,0.0
2025-12-08 00:00:00,13.742599068326545,70.84332961804539,5.24001346499839,47.324099667350254,0.0
2025-12-08 01:00:00,16.226156013061807,83.819985481642,0.36209328231778193,90.57848446868545,0.0
2025-12-08 02:00:00,14.685925916413424,85.91262189649045,7.170400936862061,85.00715264803198,0.0
2025-12-08 03:00:00,14.302865746253365,71.04855647683091,12.193885963043448,41.87608925496416,0.0
2025-12-08 04:00:00,15.898451281193555,77.27399201997964,13.901132322888959,1.8634890306903018,0.0
2025-12-08 05:00:00,18.724010462583465,72.49460320981584,10.906376517993316,92.27852345893194,0.0
2025-12-08 06:00:00,21.962071422016056,74.63481020430292,7.074877156205915,2.8041854161838797,2.6706140086566337
2025-12-08 07:00:00,20.287865722060026,65.11252022548607,2.815007601549788,77.68349437855821,34.10677736716196
2025-12-08 08:00:00,25.58786676648925,57.781709927335385,11.402515806229204,19.653486783515117,209.04343630327543
2025-12-08 09:00:00,26.983997339150644,45.269274903994116,13.978496107430118,32.30909965863741,258.412344014647
2025-12-08 10:00:00,30.760020916974902,55.92564338609077,4.280649170224984,27.141509965139054,335.7139167578771
2025-12-08 11:00:00,31.56944165116307,32.222892065449884,2.539458192772395,71.84706504351635,196.97787518353573
2025-12-08 12:00:00,34.71230741743765,49.819047522991944,4.372718780135857,45.15027833840991,312.5150814289748
2025-12-08 13:00:00,32.78023346371913,37.164747003572685,8.059772271311243,56.19546456206962,255.67532646059894
2025-12-08 14:00:00,35.71193160437116,41.406489105212586,11.938107115134454,37.185011383622694,289.3333190543898
2025-12-08 15:00:00,32.85035345457599,41.56068127149951,5.426179313826469,89.63959632927096,91.08282701850904
2025-12-08 16:00:00,34.26006708185542,38.603512210482826,11.405832579093367,34.84319570775634,169.54369261605262
2025-12-08 17:00:00,33.00523053905421,45.74616049518925,1.563060091221185,44.30258733649477,78.49425234242406
2025-12-08 18:00:00,31.770788061210663,53.67401364718835,7.130786189686808,83.38504841505853,1.9167362360649294
2025-12-08 19:00:00,28.193612655942697,52.00832979371291,9.077073938329413,65.24404139701716,0.0
2025-12-08 20:00:00,24.228501703126817,52.0930695924214,4.436622613324705,29.441778102172687,0.0
2025-12-08 21:00:00,20.803444746158803,57.527775848161326,5.201252908984025,61.95440170344323,0.0
2025-12-08 22:00:00,19.651189910157452,67.9862821873083,5.918229920973726,82.60798320286928,0.0
2025-12-08 23:00:00,17.36351804187562,74.2514849001241,2.0307820463761175,4.6331060991104405,0.0
2025-12-09 00:00:00,13.270307960433128,84.0156795707813,13.002109732926957,97.79546194234292,0.0
2025-12-09 01:00:00,13.965890571159777,77.99852629952976,6.896902037171464,90.736732732606,0.0
2025-12-09 02:00:00,13.732078047850202,73.28789898182002,4.104838598616168,43.56770132436758,0.0
2025-12-09 03:00:00,15.145274949434938,86.73209895624207,4.807629907882823,12.18838196234101,0.0
2025-12-09 04:00:00,19.439315778020088,78.06885975783332,4.5897829953093705,18.4680951296991,0.0
2025-12-09 05:00:00,18.21582053754904,74.47039921258829,9.20879004160258,69.38801825656448,0.0
2025-12-09 06:00:00,19.46401969479239,69.820317483316,9.37419899106153,92.43234078591951,5.498416732242186
2025-12-09 07:00:00,21.15051283752336,70.21704195824239,0.08031949871487754,85.64445632425014,41.55192623828772
2025-12-09 08:00:00,27.576422039340695,58.19564154248481,0.3335780264238686,18.780680409610508,205.71059558807815
2025-12-09 09:00:00,27.129413035122738,55.784651946299974,8.68855050606141,67.71268559570898,155.32964953582479
2025-12-09 10:00:00,27.897121404238323,45.94103343609414,2.3669115014055615,10.198797680549653,395.77694551210897
2025-12-09 11:00:00,34.44477490850317,36.480753321682016,10.664260830701995,27.11286309761659,366.4995750873078
2025-12-09 12:00:00,33.4353550295602,49.52868350342058,14.900664239908226,88.41488182739155,140.42383327487636
2025-12-09 13:00:00,33.77372651464385,39.70649611162957,7.124323381180808,46.16244925916801,293.436013650376
2025-12-09 14:00:00,34.46382099783713,39.66879363711407,7.202148040420159,68.43165489237529,175.99691091832912
2025-12-09 15:00:00,38.62154272597696,44.811441025085685,10.243317110985542,18.60102247975415,285.14906970361636
2025-12-09 16:00:00,31.70490361475991,45.16644218488645,9.110179130951149,59.71014535572604,132.5733641551827
2025-12-09 17:00:00,29.114197126224937,43.068520700829296,5.2097783761071,69.66443635464688,62.96921691259903
2025-12-09 18:00:00,29.184031149136437,53.70980678468297,14.689951318455153,42.67249095958391,5.688785062770887
2025-12-09 19:00:00,30.741452569450825,61.74072685896145,13.065909755626725,81.97684422605542,0.0
2025-12-09 20:00:00,26.532954172651543,54.04059818181287,1.9273241975139537,8.714126501520802,0.0
2025-12-09 21:00:00,21.80127359034348,62.97717121196628,3.3967992679108114,25.685928204199293,0.0
2025-12-09 22:00:00,21.140628377425077,73.08940369645083,6.467304785593136,59.025780791846685,0.0
2025-12-09 23:00:00,18.669670244082567,74.66595990096678,1.8511350142658833,18.705623531248406,0.0
2025-12-10 00:00:00,14.74750919299214,84.70874012062953,7.360312367192321,46.253406755795865,0.0
2025-12-10 01:00:00,15.563681804507276,80.83874687101275,10.771563240645872,88.98167732071649,0.0
2025-12-10 02:00:00,13.696370606389195,75.83178394474041,8.25370999315108,96.67472798098115,0.0
2025-12-10 03:00:00,15.064499233074255,72.81260321284951,5.162503958267607,28.98819446535914,0.0
2025-12-10 04:00:00,13.9219535594026,75.00614835715658,4.589873504228485,67.54688769523486,0.0
2025-12-10 05:00:00,22.37858252617717,78.25101939913078,1.4830196353701046,77.04906886481727,0.0
2025-12-10 06:00:00,22.824853289815913,76.93979338640466,9.019000321546113,10.8349926895843,0.0
2025-12-10 07:00:00,22.716936184698397,60.644471090415195,14.88715970630623,15.94554501186124,113.88378920449234
2025-12-10 08:00:00,26.272916470038464,70.75872803153018,13.383783284164977,38.64979855743016,173.88052020983483
2025-12-10 09:00:00,26.49576723916321,55.05463449901499,2.1606407515942534,87.37261354166355,111.74218705493784
2025-12-10 10:00:00,28.43217794839269,55.474569543794495,13.39356268665351,94.93238606265953,102.62451645703396
2025-12-10 11:00:00,33.62276726351788,44.14585818283254,2.7350052022502522,17.330158049541854,406.0213242006006
2025-12-10 12:00:00,30.15535959675511,40.058242691562846,5.143649478363041,99.80758421889911,101.80152915185597
2025-12-10 13:00:00,35.610940437703256,46.187068474086495,14.228654655131951,98.25142414527505,103.00706861589397
2025-12-10 14:00:00,36.44944128859828,41.86616431175888,1.093695538522255,25.185493431455185,330.20232806672004
2025-12-10 15:00:00,33.612780251306404,33.24029933217564,13.619834469775169,50.687783537903044,201.32226415687967
2025-12-10 16:00:00,34.76930776371656,41.27187632995119,9.6495907063623,23.60205287041556,191.61499751795262
2025-12-10 17:00:00,32.38141174176027,47.55431754282481,10.506501499211021,82.4539079866828,42.194604906495854
2025-12-10 18:00:00,28.20175680201464,47.11513317353789,7.387221155671614,54.30875112896133,0.0
2025-12-10 19:00:00,26.092728542793584,52.522888633378464,7.521398180945694,59.48159063801878,0.0
2025-12-10 20:00:00,22.383822511039728,65.24582114229152,14.85370514387909,52.41121928011341,0.0
2025-12-10 21:00:00,24.43729113137546,72.55358353936673,13.958498383472886,56.898541469435784,0.0
2025-12-10 22:00:00,23.27812590046711,79.11324040141601,0.37517998378231665,6.053753332890777,0.0
2025-12-10 23:00:00,20.050487754737855,76.06180780280656,14.021225726274915,92.82381790451495,0.0
2025-12-11 00:00:00,15.791699420481491,83.02942534717602,0.6326491686707408,98.85023719070315,0.0
2025-12-11 01:00:00,15.144827399523871,84.79618786801653,4.585999073380224,76.53730986897394,0.0
2025-12-11 02:00:00,17.480664457737035,81.79070593501156,12.685332165934842,40.021245726857,0.0
2025-12-11 03:00:00,19.243418486703476,86.15177051071186,0.45460988075201214,36.2283234374495,0.0
2025-12-11 04:00:00,15.959466036411742,81.07791575697088,10.773589224814417,30.725498281039453,0.0
2025-12-11 05:00:00,17.120817551967086,68.8492094841475,10.332132793651281,45.78172769196591,0.0
2025-12-11 06:00:00,20.61438907474074,69.78427533660351,5.64023258899982,21.19177483197405,0.0
2025-12-11 07:00:00,25.154716629526213,66.20847799586784,10.563870402850586,3.9672740199221623,123.16042612684481
2025-12-11 08:00:00,23.60698301287777,64.5609735658056,11.96139167661673,85.83862239581052,74.61454935164443
2025-12-11 09:00:00,27.527558461194115,52.6634615570975,0.36062938919692533,19.197109100379905,297.4428797767675
2025-12-11 10:00:00,30.221359753800286,54.49420179883052,8.81170227901455,28.255608743703508,326.8522591720857
2025-12-11 11:00:00,34.8807399319582,46.792886103940184,8.415697629389483,85.68145339951919,147.6307600670514
2025-12-11 12:00:00,30.93270241746142,33.80338932388231,12.62556922591671,55.99315560962701,267.00089315150854
2025-12-11 13:00:00,33.73663790110744,44.09851511461511,0.16935847875392762,70.06505036534321,201.28882136908936
2025-12-11 14:00:00,34.521783337024516,37.00414208672697,3.1242915925754113,84.97708162531386,141.5240068973131
2025-12-11 15:00:00,35.0356673693883,44.380649326965795,6.467770361449345,97.69855336845565,78.172444835576
2025-12-11 16:00:00,33.51665607268582,37.229974032305904,3.007739104386565,90.06448760738097,70.24289189844256
2025-12-11 17:00:00,32.900396410099304,53.46453763844205,5.372881204788453,75.0993543934844,51.039534180098244
2025-12-11 18:00:00,29.477351754533107,52.292873985032784,8.494059701074647,20.439747911249285,0.0
2025-12-11 19:00:00,25.777594920374426,58.489485359776054,4.122128433023684,70.5989563834643,0.0
2025-12-11 20:00:00,23.70345046300333,64.2858715874569,1.2982206657317623,43.9336431958122,0.0
2025-12-11 21:00:00,21.980563006989378,65.34379481504418,9.185459842206814,43.52840445489661,0.0
2025-12-11 22:00:00,21.445768547752206,69.84631771392833,11.967066047944764,45.2202414786005,0.0
2025-12-11 23:00:00,18.0877508715288,68.97118758653195,11.0046548257196,93.3459325860076,0.0
2025-12-12 00:00:00,15.88365600708767,81.11793747003316,11.518891412866363,92.08168862106572,0.0
2025-12-12 01:00:00,15.083851347319058,86.95138946571689,5.702260695115027,14.031912245696365,0.0
2025-12-12 02:00:00,15.831150148444346,85.3879423506348,11.976587513969614,98.0721388633413,0.0
2025-12-12 03:00:00,17.83993691579409,82.73175203321927,5.291618914366063,0.7706966235728197,0.0
2025-12-12 04:00:00,13.379396046382112,88.48462884851247,7.654565698589267,65.2548569015463,0.0
2025-12-12 05:00:00,18.661866221081794,66.40160807100884,8.169041866761921,62.419078479259014,0.0
2025-12-12 06:00:00,20.77613862221264,71.89201911708719,0.239797090309119,43.45146141685525,4.777044349275335
2025-12-12 07:00:00,22.405620482408914,64.23676208226544,7.145645699003503,14.451686498206106,113.93882470702933
2025-12-12 08:00:00,22.383070560477684,68.71691325972363,3.986782821319879,10.738481533884858,227.44024978723357
2025-12-12 09:00:00,28.40680847968433,63.236822478786834,0.8902486683615407,44.4620035415525,226.15738232267387
2025-12-12 10:00:00,31.12739565781243,44.07265892466303,6.66098853842114,43.925878140312214,275.0802700559916
2025-12-12 11:00:00,33.02682291053856,43.77766753047789,8.882100704433013,19.227247958060044,397.46901778039296
2025-12-12 12:00:00,36.418407781972945,43.017056391210936,0.13241986001101713,6.7014799543329335,455.6015838842199
2025-12-12 13:00:00,33.87238820266487,37.35224571252016,8.085087241712046,52.97387632321057,263.57123769297357
2025-12-12 14:00:00,35.917470661717765,36.126375796136614,2.2270392779737263,32.118818314690245,314.5674801516009
2025-12-12 15:00:00,34.1609739933788,41.62141949764033,0.4820930083671149,43.845798709873954,214.19249509083846
2025-12-12 16:00:00,32.49303885724982,36.824120052434544,6.300628907290739,1.258729768769562,243.37725524124758
2025-12-12 17:00:00,32.88892105972263,38.25957456302881,7.054102188262918,80.33903226927337,38.46272277660029
2025-12-12 18:00:00,29.88213404421205,55.66507874094958,2.2290734225138262,17.609754241653075,0.0
2025-12-12 19:00:00,30.44283294203982,53.093470847218654,4.5186566908141055,29.251595020588496,0.0
2025-12-12 20:00:00,27.312962792200302,62.42242555946099,11.413547161764992,38.07461864628978,0.0
2025-12-12 21:00:00,21.776689228510392,63.47807835304986,12.303509044451623,48.02226094520162,0.0
2025-12-12 22:00:00,19.209620150748698,68.88410442991196,5.165675131634496,38.60418363575447,0.0
2025-12-12 23:00:00,19.589619587308267,72.21714239816133,14.797475553809901,79.86041000629453,0.0
2025-12-13 00:00:00,16.686275565503593,88.63623978390297,6.346763423410027,59.0857917620394,0.0
2025-12-13 01:00:00,11.574549319942605,81.93523018022272,0.1983662553029808,7.252442733137155,0.0
2025-12-13 02:00:00,17.27230001842618,82.06061717607375,7.450861707568049,84.49026783978752,0.0
2025-12-13 03:00:00,13.282780435198255,75.50798219428171,13.69215054553791,41.57458599328739,0.0
2025-12-13 04:00:00,16.365921026873252,67.91382020916757,9.49352266650825,52.33023297215833,0.0
2025-12-13 05:00:00,19.678895110588225,76.7815920468831,4.48330324260079,26.90999824220066,0.0
2025-12-13 06:00:00,22.79116202192335,71.91231858090732,9.558680554009992,92.07672330967462,10.544511133226802
2025-12-13 07:00:00,22.85650041598063,68.15450941324997,6.85432250785205,22.575838742995835,104.29423265566484
2025-12-13 08:00:00,24.826120678739937,63.3429716998877,9.345522880677132,8.890117665498442,233.38530070734043
2025-12-13 09:00:00,29.443210580749493,55.648090117774686,4.8140654885189,67.65909639805196,167.14529921221313
2025-12-13 10:00:00,29.43739221165652,44.5865072289704,1.5542551911058506,47.37043891152525,262.5293186933304
2025-12-13 11:00:00,33.35497283174308,44.52472679070047,14.314945939937981,30.637376732288025,341.9358161742326
2025-12-13 12:00:00,30.939222393226018,47.9287603921817,4.327697768143365,84.82669977201292,154.15587714033643
2025-12-13 13:00:00,36.38925751532575,37.42256762804857,1.5302304361629009,31.82912151850661,344.2359515635004
2025-12-13 14:00:00,31.254861063749416,42.032992209567176,8.521469844155547,51.64265181347601,244.60267237792795
2025-12-13 15:00:00,35.673528297124264,32.29439411054104,14.092772783570814,14.483313919898544,315.02296232860107
2025-12-13 16:00:00,35.36294444771529,42.36961917676141,6.045147140161331,31.11082811666599,180.95349909285738
2025-12-13 17:00:00,32.266163571082856,45.6142556167688,6.315723942197426,46.18843535045476,77.8594087901881
2025-12-13 18:00:00,28.136075966227413,45.967813951238604,12.302299629298105,47.24191223452241,10.466011813014273
2025-12-13 19:00:00,29.64217110077189,47.31720881821889,2.4993557082545657,24.025710525012546,0.0
2025-12-13 20:00:00,26.393648022742244,65.11757874615444,6.352644667017209,45.31152368002659,0.0
2025-12-13 21:00:00,21.16118982491232,73.77523145543101,11.429139144695776,99.76020069264243,0.0
2025-12-13 22:00:00,19.230965460936844,73.93776733334991,6.335270879636345,46.984281417146256,0.0
2025-12-13 23:00:00,18.242946721731762,72.01085129129581,12.909245410312689,60.92967421315127,0.0
2025-12-14 00:00:00,17.031569513984547,75.23775527071562,14.06866628261518,40.187707338906584,0.0
2025-12-14 01:00:00,16.154890003298735,80.94674246011519,11.012377882394249,50.771057773621486,0.0
2025-12-14 02:00:00,18.73022137013942,78.2159464485548,9.316154353344743,43.50617805377858,0.0
2025-12-14 03:00:00,16.92120799165514,76.33319411139632,12.042261104404925,57.819160949909886,0.0
2025-12-14 04:00:00,14.813867560862068,73.10430614872482,0.3292028509189443,80.67757567247045,0.0
2025-12-14 05:00:00,15.59360384720461,70.9835444453584,14.673689670859611,26.70923351117266,0.0
2025-12-14 06:00:00,21.603689231372883,77.87082725085642,9.212105618624467,46.5977922369759,0.0
2025-12-14 07:00:00,21.5628600912939,61.2123418218113,4.311621325861464,46.4208346582505,75.38157110993706
2025-12-14 08:00:00,24.79290831369249,61.77253423299454,11.447336830783748,46.09932398691179,148.45808847391874
2025-12-14 09:00:00,26.214100844961386,53.05638071406311,3.90054476604442,5.225044519430222,336.0513291214008
2025-12-14 10:00:00,28.903368098500138,49.90207110057877,14.629517018761383,47.801843052543965,271.78275742190374
2025-12-14 11:00:00,34.859694515614564,45.952894327817646,8.701894805356568,54.962013369713745,261.26807926015874
2025-12-14 12:00:00,37.515196403784806,39.06154370902301,2.9962012091971184,21.031080041977614,393.68876500752515
2025-12-14 13:00:00,34.3210203275309,36.55299814894818,1.045785746733836,40.37138872205095,316.48727587036154
2025-12-14 14:00:00,34.936855503416815,36.44085144782009,13.325645142863095,32.60385994055678,310.045897082826
2025-12-14 15:00:00,35.57648928350605,28.57343500172202,2.1011920329460834,8.162440553431994,321.7443829753734
2025-12-14 16:00:00,30.017957643621134,48.00342607828411,12.24174091552909,57.24900150285459,131.4325309738126
2025-12-14 17:00:00,30.732721001418803,47.356197815323824,12.109097441246739,41.51960608484292,90.43101307197452
2025-12-14 18:00:00,28.902366751207285,42.27124236195946,2.904681528181485,24.325545834087727,9.004230239687981
2025-12-14 19:00:00,29.44325744538974,49.85454448320965,7.3919799518441085,81.79674664441706,0.0
2025-12-14 20:00:00,23.29960066137377,61.34029702384546,14.206329739407645,19.93250221660142,0.0
2025-12-14 21:00:00,21.77622575493136,73.42007691026808,9.551346817659745,92.72888630201597,0.0
2025-12-14 22:00:00,22.598785441778293,68.34206712115214,1.864617829110956,65.6691905667305,0.0
2025-12-14 23:00:00,17.951299918908134,71.61912872916626,8.429897767928358,65.42251630420678,0.0
2025-12-15 00:00:00,16.936486353781564,84.82331354861445,8.181561184246622,55.43232657221589,0.0
2025-12-15 01:00:00,14.882193725156908,83.75551446992257,6.421834638968258,59.40500906458153,0.0
2025-12-15 02:00:00,15.81484186975892,88.71748100002209,8.588064312093746,44.29903626690875,0.0
2025-12-15 03:00:00,18.531189023044863,83.85824779296416,6.063373432337534,76.23113553232044,0.0
2025-12-15 04:00:00,14.398966769466812,87.59981923162378,2.2766411439280843,54.55413132490936,0.0
2025-12-15 05:00:00,17.710909960387895,79.54054922517682,4.881379315973298,56.550299980827845,0.0
2025-12-15 06:00:00,19.85632520660094,68.48526551483313,14.935639155661361,29.68880857510622,7.291637541954764
2025-12-15 07:00:00,21.94425453418274,62.11495229927258,14.440273135526237,23.182862607200107,105.13560471475176
2025-12-15 08:00:00,23.889247591500908,64.89980377608165,7.460132840510113,72.43420865042812,105.38496741009108
2025-12-15 09:00:00,29.3762732575239,49.96278421839669,14.18863440318769,3.6523479776810697,333.20685203684815
2025-12-15 10:00:00,30.379509661215337,49.88391110674189,9.010459997284503,72.56053480948367,178.8955858864405
2025-12-15 11:00:00,34.78380095380564,36.70068822006304,5.191104426670979,31.951991329750573,351.69773738511594
2025-12-15 12:00:00,33.807146005371386,36.90167277318045,8.683973372548227,35.812737527460925,351.81620295780465
2025-12-15 13:00:00,32.026737522822536,40.5477549529646,8.069434051080707,24.173073538757283,380.2662926416544
2025-12-15 14:00:00,33.19404148281376,45.00484258989037,10.290611618430326,83.4104001423784,139.78219362435382
2025-12-15 15:00:00,33.6499628931347,42.22088371890785,13.730561209636502,54.22622080580596,185.67925559868888
2025-12-15 16:00:00,32.75873999322441,44.87918414059043,12.795565182401315,60.15091946916423,121.2870212589419
2025-12-15 17:00:00,34.50721398127707,38.42724584679477,0.06973236251578918,8.006066899137165,124.46176118036435
2025-12-15 18:00:00,33.22120309935886,51.02899018156754,14.778061042774272,19.944497392829607,0.0
2025-12-15 19:00:00,26.538732367100277,55.579503049010086,14.754250366310774,42.219408551394025,0.0
2025-12-15 20:00:00,23.778739261606788,62.68782432714777,7.6995689143840105,73.37198646432132,0.0
2025-12-15 21:00:00,21.02339131425453,68.48871534752791,1.3384542601150247,50.611013387604686,0.0
2025-12-15 22:00:00,18.295393471006665,66.37332881121077,7.601661756946749,9.009344516228246,0.0
2025-12-15 23:00:00,19.31988417193942,75.25011708049536,1.6870347758402833,94.32986320051981,0.0
2025-12-16 00:00:00,16.283857238747185,75.64842914193076,4.915165058208003,25.691740236492667,0.0
2025-12-16 01:00:00,14.1806181111966,70.50546212003317,2.425357679970999,87.08474187624363,0.0
2025-12-16 02:00:00,16.624261305435088,80.98852873874188,10.896447736735645,39.04713444973926,0.0
2025-12-16 03:00:00,17.887156878443886,77.44786494882626,5.518299764804797,11.606156366678444,0.0
2025-12-16 04:00:00,15.740009938653348,79.92726920726913,12.703375487141916,35.057071206955555,0.0
2025-12-16 05:00:00,20.865831838362425,74.24370042082012,3.8055956994086513,25.853483875029315,0.0
2025-12-16 06:00:00,17.444509772604793,73.7255556334647,8.287177005423805,27.091695921441183,0.0
2025-12-16 07:00:00,27.99262798127254,63.891948168923996,11.236817695531535,81.4657298670916,46.257958160272544
2025-12-16 08:00:00,23.14277757873876,65.48325147421507,5.496405618626462,56.312516477476734,131.10620635918804
2025-12-16 09:00:00,28.83925740056367,43.18658207246089,10.054680685082388,69.5749548385523,151.2723189705151
2025-12-16 10:00:00,33.20637698282828,48.36478902568033,5.485751894537519,43.55703600805606,268.33188750058014
2025-12-16 11:00:00,28.160502423333806,46.22722554830228,4.005894000717224,96.47374060954918,107.15581689808079
2025-12-16 12:00:00,31.367832842425745,40.8174127918823,6.664371911341967,40.255102519621076,342.32811215978336
2025-12-16 13:00:00,34.07448478308122,38.39014575305544,9.700842945838483,68.81625686417345,208.8375450110866
2025-12-16 14:00:00,31.575179412832203,36.398424127828825,0.9829199004101824,66.96036799727933,198.0736101830343
2025-12-16 15:00:00,34.19205862327921,43.26908185639485,10.794645574607665,76.0453329637845,138.8595717605216
2025-12-16 16:00:00,33.55856761793662,43.805575797896346,0.5724166559990013,78.35979318570028,83.825063061391
2025-12-16 17:00:00,31.42204623147765,38.84245372778633,13.315540634976317,48.10952839509014,75.97463733585373
2025-12-16 18:00:00,31.461410966600337,56.64504755032038,4.595763817760947,41.07786751568228,0.7017048276676641
2025-12-16 19:00:00,29.683720202604277,57.041504370154435,11.945043296318158,39.95082693006924,0.0
2025-12-16 20:00:00,25.27178786159435,56.01530623098767,1.8258844496522186,25.362478969744295,0.0
2025-12-16 21:00:00,22.747057152217465,65.31903064788129,2.2079505955321816,30.040927829685238,0.0
2025-12-16 22:00:00,19.458902277327958,78.40474225279135,0.6456148743134554,33.43377357087234,0.0
2025-12-16 23:00:00,16.512569270828052,73.97677940346793,10.73191291870314,48.99340671178365,0.0
2025-12-17 00:00:00,14.490181690912186,73.65869097358427,4.931274526702449,57.54567570124933,0.0
2025-12-17 01:00:00,15.955126213735959,73.33645657801664,13.819595151016465,22.062577302646446,0.0
2025-12-17 02:00:00,13.417274963485193,78.13629633626212,12.429359009411403,31.682287793365372,0.0
2025-12-17 03:00:00,15.883501485300245,73.56397744837277,14.57557423785158,44.22999850986316,0.0
2025-12-17 04:00:00,14.617399368614718,79.08469877378313,9.597972483278191,85.35053511854461,0.0
2025-12-17 05:00:00,21.509983247848567,79.92809201731231,4.956051450005944,10.201325583684962,0.0
2025-12-17 06:00:00,19.327600356270985,72.70227793161108,9.798531300733554,54.44169698412771,0.0
2025-12-17 07:00:00,23.62126475107849,72.47226999586321,3.2470462964146423,96.76427890682476,32.57794363582088
2025-12-17 08:00:00,26.591674146751373,49.932531235518894,1.601759113484464,34.02569367608079,182.35475289523887
2025-12-17 09:00:00,27.581243032892857,57.76322137356522,12.201513154752227,60.54396568765641,179.1135873165945
2025-12-17 10:00:00,26.353057305918362,41.259852543421005,3.266642557019882,58.41937128268907,230.27116209994654
2025-12-17 11:00:00,33.497278890418414,45.661915471102354,10.905790627707153,79.46411215228075,172.95007927604092
2025-12-17 12:00:00,35.29975165829342,34.75401061211691,4.780899812169951,67.1871917602567,218.26626378072496
2025-12-17 13:00:00,31.189055982806664,42.958343954104976,0.9779841548424811,7.70812747087991,438.81389914423596
2025-12-17 14:00:00,34.259923427250875,38.54653480264841,0.16765959700261346,28.97744843334602,315.64929745003576
2025-12-17 15:00:00,36.70099438046168,44.69627411083058,6.800392891323294,81.23001072108244,120.10073042445454
2025-12-17 16:00:00,31.624905748419515,37.090987364008996,1.7818982725651593,22.25021820346069,204.00709113871181
2025-12-17 17:00:00,32.74562221199543,45.75030433445841,7.510200990563487,76.28770259615656,54.27465047658449
2025-12-17 18:00:00,34.75968870139144,53.96453837105448,1.7806076133992539,7.380858164097448,0.6678629846844508
2025-12-17 19:00:00,28.008511298596368,56.21888944025287,6.466725235115681,88.20389263407739,0.0
2025-12-17 20:00:00,23.603153084025806,67.83198920925766,3.868084498808131,85.85273130550624,0.0
2025-12-17 21:00:00,22.841047225443646,72.92095224694373,4.549060620428651,25.81226668333375,0.0
2025-12-17 22:00:00,16.501315557131722,65.08629540076896,13.75327795303113,6.74723003000508,0.0
2025-12-17 23:00:00,18.27843628592168,77.45940704270629,3.292415318515829,41.540807866013374,0.0
2025-12-18 00:00:00,16.0061396943605,76.14568233404223,7.2323210143461,20.24696549814664,0.0
2025-12-18 01:00:00,15.771507266272291,76.49035296369429,13.281745544186562,82.56478245309931,0.0
2025-12-18 02:00:00,11.966258059005071,86.0753076988188,1.8841369257230256,20.075858227166854,0.0
2025-12-18 03:00:00,17.726025860943885,80.69470115162599,4.376139804706925,76.91479060304619,0.0
2025-12-18 04:00:00,13.696465349814284,83.70728187946501,5.710831094175808,71.23408581324357,0.0
2025-12-18 05:00:00,18.477922137568527,72.30623455934492,1.659105597605377,67.46625599512384,0.0
2025-12-18 06:00:00,17.007931115018657,62.081478456187014,7.350630392962289,15.743647258772587,1.2090175747710534
2025-12-18 07:00:00,20.428832397404562,75.64520436706913,9.939947693397725,97.85904635786493,24.058995206310435
2025-12-18 08:00:00,25.870416806789294,66.01558010858713,12.994953198123214,32.02574841347451,187.19605872797368
2025-12-18 09:00:00,29.54530738399427,53.620734002845396,1.7545681579702594,71.21233468404604,149.27786373454018
2025-12-18 10:00:00,29.6905237776791,53.41205784199112,6.063826126860835,71.62839270154088,181.83557123803317
2025-12-18 11:00:00,32.713448210768284,48.660463982767,11.61299897735805,91.85279197462371,116.67343130031679
2025-12-18 12:00:00,32.77714029637728,38.866055834070615,3.213012775497642,94.16967100698952,116.08211354052729
2025-12-18 13:00:00,37.41263349707557,37.547940795125506,11.762350046819957,48.36822253916998,278.25664296878864
2025-12-18 14:00:00,37.54637864855005,40.65847344049979,2.8002892999552214,71.83903814905365,176.6142267897198
2025-12-18 15:00:00,33.092648189864434,44.63923823845422,4.089430110407041,56.88992475788751,190.25107621923783
2025-12-18 16:00:00,33.49651881477445,49.13146411739604,4.948912327407868,3.375187499224297,242.90737111941593
2025-12-18 17:00:00,32.87290482588353,40.12452609661613,3.2661858453882604,76.96705406041899,49.969010277573965
2025-12-18 18:00:00,29.90329841304727,46.51784264037885,7.251155673691282,8.225518395005071,8.122535692799767
2025-12-18 19:00:00,29.094574412769084,52.58877013964019,11.028254839129149,94.06632969465093,0.0
2025-12-18 20:00:00,24.486144477944244,58.8200008869802,13.127076574295879,16.687492546854344,0.0
2025-12-18 21:00:00,26.9562472076447,61.7131728268639,6.368740356310568,93.04435625778338,0.0
2025-12-18 22:00:00,25.227370338215266,71.7689716697895,12.17945378656396,79.99613466657712,0.0
2025-12-18 23:00:00,19.205864059468215,84.92930861739902,12.398651560772985,14.14350269463175,0.0
2025-12-19 00:00:00,16.364060728215282,70.43738254530243,1.4376744695645904,37.49495841550184,0.0
2025-12-19 01:00:00,18.453072069873393,88.7433567547579,13.193316827970714,24.081895823133472,0.0
2025-12-19 02:00:00,13.053068780143935,78.60848203476903,5.340484633810262,90.69043412779739,0.0
2025-12-19 03:00:00,14.737628194110291,76.25947222683848,2.1076878724569377,52.876271555331314,0.0
2025-12-19 04:00:00,12.901883504752353,78.39848478034196,9.023215813396378,22.047779243792863,0.0
2025-12-19 05:00:00,16.741377278841846,74.65752636796444,7.990215302422988,89.0635584338931,0.0
2025-12-19 06:00:00,17.4652642266068,72.80632075321606,7.27189397921123,37.23775530327031,13.124977573503095
2025-12-19 07:00:00,25.374131889430934,58.74076492898254,2.575605777371198,95.48106767012369,26.958123178897683
2025-12-19 08:00:00,27.42429132348709,47.30146888570085,9.403052646813048,77.30765658580293,98.68184592200868
2025-12-19 09:00:00,28.50980968999142,52.72262521671441,7.80905953164566,61.13586080324539,182.33084279726722
2025-12-19 10:00:00,29.395045816003538,48.36706610944955,14.852968975615983,8.01469785099056,398.63431254556673
2025-12-19 11:00:00,33.266315907716496,52.45289693139585,9.98427270326602,96.15347492186788,97.83773007624299
2025-12-19 12:00:00,33.092893807095756,42.39168131560135,2.8739972362367134,58.40397823564963,257.9883189965758
2025-12-19 13:00:00,33.008383971737345,45.36157530757524,2.466977585980789,42.81932285945549,308.6072995755941
2025-12-19 14:00:00,33.73009806914094,41.76306649537027,7.404353357234543,61.23235196389596,218.8235719792367
2025-12-19 15:00:00,35.26569585046608,50.66763183915026,2.4805431016807677,43.548936255420834,221.60696582495757
2025-12-19 16:00:00,35.26742602908494,45.632752193107706,11.827833192776934,99.9150249202641,47.440528465872745
2025-12-19 17:00:00,29.89189377931873,50.39614821154217,11.973078977009166,13.82275400059083,116.43603381492686
2025-12-19 18:00:00,31.272546121015857,50.57635350966974,4.476197300512195,17.173599813911245,4.781934568529885
2025-12-19 19:00:00,27.191885016543132,52.007735908265715,2.4255414893410103,54.804297211294795,0.0
2025-12-19 20:00:00,24.386285590554024,58.53794984382088,1.8866525049084388,6.553593544057712,0.0
2025-12-19 21:00:00,22.111938344050344,65.14192447087679,5.170916815227641,30.397112181380116,0.0
2025-12-19 22:00:00,18.799486511124663,72.66901831263776,12.7568446635337,77.7819124526372,0.0
2025-12-19 23:00:00,14.484599201958499,66.7532867317515,9.77227926615487,50.89435786420245,0.0
2025-12-20 00:00:00,17.870819204654705,80.46489485968505,2.694077763819362,50.80662231727512,0.0
2025-12-20 01:00:00,16.5661476489684,77.4978223932733,14.717995487918838,88.00242481273793,0.0
2025-12-20 02:00:00,13.957149411505041,85.56385073932066,8.446952640251324,16.742766433922473,0.0
2025-12-20 03:00:00,14.170862145921403,70.76329776881822,14.32300244352129,39.36762007999498,0.0
2025-12-20 04:00:00,15.533055165731898,86.6099159904355,1.7383773020287319,98.08543171095461,0.0
2025-12-20 05:00:00,18.83848329458815,70.1477581446707,14.382690270570482,62.810908179370465,0.0
2025-12-20 06:00:00,18.451909088596555,67.42872717414022,9.798180456726364,82.93281629683736,1.9266754274222466
2025-12-20 07:00:00,22.308595113342438,67.33342099583503,9.496456694618468,15.821741731344485,119.45753957554133
2025-12-20 08:00:00,28.741343388632817,55.881281462581896,3.562562780576898,97.63433301512296,52.278790978631456
2025-12-20 09:00:00,29.739853116112762,54.88219691097594,1.8712136979073986,74.88730514012795,133.87172291712898
2025-12-20 10:00:00,31.083817187773068,54.462510332561685,8.802236018993156,22.69540790423924,351.844561299214
2025-12-20 11:00:00,33.14700900625795,40.645923363041874,7.329062119393489,14.222843903195248,415.3370302466308
2025-12-20 12:00:00,33.84275989678998,48.18202104410418,14.271643476847398,53.24563471347855,266.50145937012445
2025-12-20 13:00:00,34.73939783179463,45.111221496239935,0.5696692084816152,76.36760773165739,185.44163586951154
2025-12-20 14:00:00,36.05687874374167,40.5028556692673,12.114125405637203,27.59654907468334,318.79871133675687
2025-12-20 15:00:00,30.504165925899496,35.73647469966605,11.677032747753577,56.27723434585336,190.63262079854155
2025-12-20 16:00:00,34.618766582591654,36.42071976758037,13.989388873669416,64.93845395034353,113.47725632328766
2025-12-20 17:00:00,33.184339962205584,51.28536969205509,10.399869750660594,28.025693326096935,96.20422232426435
2025-12-20 18:00:00,31.634436349382476,48.43537841908016,11.982754875098893,88.09051659546743,3.753912954427536
2025-12-20 19:00:00,24.246497721965003,53.190525373067814,0.7686154042508625,32.302799927273625,0.0
2025-12-20 20:00:00,26.364680040638824,63.14992802656018,8.574433548312452,53.74786919377358,0.0
2025-12-20 21:00:00,22.470725030871865,63.71767011231234,8.836851587661545,85.74352178119581,0.0
2025-12-20 22:00:00,17.472176351843302,78.65784103699488,9.624162329696826,31.983931811390708,0.0
2025-12-20 23:00:00,17.703115322990595,66.10525310223727,1.7298264537371422,21.286701534015407,0.0
2025-12-21 00:00:00,15.220189806698594,73.99404565061633,1.142994732196837,62.71754132418974,0.0
2025-12-21 01:00:00,15.40902530674368,71.47808783979463,6.4313064471121635,12.327380392609088,0.0
2025-12-21 02:00:00,12.887904905425668,76.52653616448923,5.389620404042137,99.05151633720345,0.0
2025-12-21 03:00:00,14.298364627876474,72.64487470562688,7.363971884281776,89.06141037005895,0.0
2025-12-21 04:00:00,18.270016274197086,78.53410831122433,14.297263863962273,58.962281964581265,0.0
2025-12-21 05:00:00,19.151226144027916,75.90235596648941,9.39300940814569,87.32660770696188,0.0
2025-12-21 06:00:00,19.05839002602364,69.3578727946343,0.3507517400148036,24.802329027318613,0.6746987837016821
2025-12-21 07:00:00,21.479522070890493,64.26003052582863,0.5074568761794146,6.327728324191884,117.25812909420068
2025-12-21 08:00:00,23.91396604555314,57.554850112679986,10.651623231447374,52.68648068044257,150.36563298609508
2025-12-21 09:00:00,27.63432474899894,51.82860401191541,4.158385336928287,29.983877795924208,267.1078624739796
2025-12-21 10:00:00,31.39281414032668,47.3550569535666,11.463056886562622,6.755342435893352,396.5378230701516
2025-12-21 11:00:00,31.635260201268046,51.19272498569482,12.333299703158106,2.889986481196871,463.07925286164135
2025-12-21 12:00:00,33.79424509352273,50.86120681572453,10.621827728556951,22.471930723262712,400.3194324444906
2025-12-21 13:00:00,34.51891736600207,43.93426898879775,7.062893955397839,19.871553698209198,392.57070601170074
2025-12-21 14:00:00,37.374481275866884,42.62968658584628,9.497704116729917,1.411172805010641,416.7102995667145
2025-12-21 15:00:00,31.32182213886625,45.47150242266516,4.4264417581072255,59.86377064687659,175.70319408573718
2025-12-21 16:00:00,34.492186441608546,45.261866198962,12.122094969589723,98.22011090143712,53.46865414969017
2025-12-21 17:00:00,31.052667383452842,50.98888523333359,13.566229130148551,11.885304418709609,130.22554632688448
2025-12-21 18:00:00,32.958477682253786,46.217370433939415,2.779338864420844,16.026401379226883,4.093486176418858
2025-12-21 19:00:00,25.918818672220297,58.81577259211233,14.152850433383032,53.60841662507969,0.0
2025-12-21 20:00:00,27.769383546595403,50.924224247005306,6.066647574776768,95.39326362500323,0.0
2025-12-21 21:00:00,21.207004326451354,65.85844897885876,8.817275907853276,54.96531545339584,0.0
2025-12-21 22:00:00,19.797649813510105,68.9203232968348,12.398473064246755,8.417975179335023,0.0
2025-12-21 23:00:00,20.434518028575802,76.0814075724608,9.359754457851308,3.712400822851303,0.0
2025-12-22 00:00:00,14.738044679651463,60.444305782515194,9.319797072165041,36.48025083936546,0.0
2025-12-22 01:00:00,16.292822333152785,79.71939285128403,1.498002679731956,56.816557206291606,0.0
2025-12-22 02:00:00,13.373661119819117,84.38640397770081,6.4150848536107095,8.323163797318267,0.0
2025-12-22 03:00:00,14.625673906523998,86.57061920232402,10.393459447159357,11.664828450969999,0.0
2025-12-22 04:00:00,15.062891064974908,83.74591526748023,0.4413043437527858,34.78161985411701,0.0
2025-12-22 05:00:00,14.056022017162062,77.80567781542823,1.856625693120935,36.86600027483842,0.0
2025-12-22 06:00:00,20.84819127928706,67.81369697060414,1.9319371687757902,42.163520773407534,0.0
2025-12-22 07:00:00,22.944504303445488,67.7785196408476,11.489150240275812,51.54277792646534,83.59118536852942
2025-12-22 08:00:00,26.3623613497001,65.73179766847556,4.298910884577069,61.9856026552925,126.14888518589649
2025-12-22 09:00:00,30.675691975436774,58.76727821158297,9.02591559753905,59.18684449971139,183.19929628842257
2025-12-22 10:00:00,29.147229709439745,43.953478776997514,2.0500024355705944,86.59172700484157,128.24357060840364
2025-12-22 11:00:00,29.67584142602837,50.14739931663608,5.8207788176747,9.03675827034196,437.4382824586196
2025-12-22 12:00:00,34.56060835175545,44.847973809492736,14.269726913629297,98.63709297868829,99.04681321066849
2025-12-22 13:00:00,33.56656213679839,44.07118839711116,5.7987868563298255,30.676772246198645,354.6225324191641
2025-12-22 14:00:00,34.512879701172714,36.09774642701554,6.779965263337263,1.363785410732199,408.15195659530474
2025-12-22 15:00:00,35.73914817875989,43.29202981692137,3.916370702728076,18.21360993808242,295.3975856271766
2025-12-22 16:00:00,33.651507289634004,47.06370234893778,5.912945544054414,97.66922745180048,52.8641319387112
2025-12-22 17:00:00,32.41132202921371,47.67183181524021,5.031367499937414,47.906688037780995,76.23818357619633
2025-12-22 18:00:00,30.622044142966004,53.15778039611782,12.891136727503884,31.841464517876016,0.0
2025-12-22 19:00:00,24.60487882402743,48.73025055962976,10.752291576112313,79.56056540761291,0.0
2025-12-22 20:00:00,24.898326911287793,64.14139252130596,13.7748467374789,21.714039116632566,0.0
2025-12-22 21:00:00,25.907273644990187,56.739050228607034,2.962881397475274,58.328505658778994,0.0
2025-12-22 22:00:00,18.14775786654329,63.510028948191554,3.053832001703674,20.855706988034107,0.0
2025-12-22 23:00:00,16.463031780094333,70.78703876126932,12.828554868007851,83.83934368357131,0.0
2025-12-23 00:00:00,14.463007915536005,70.68767806477898,11.024885122967426,5.504760850678158,0.0
2025-12-23 01:00:00,13.786822026333962,74.31418321033934,3.537336189629194,67.97464286121307,0.0
2025-12-23 02:00:00,13.815089537503969,76.41429777575749,12.245940052657575,97.72059914391981,0.0
2025-12-23 03:00:00,14.504540596391056,78.13826592820489,5.3453136534109,88.4467223587828,0.0
2025-12-23 04:00:00,17.925334318511045,67.50844047317158,8.286596924017188,56.299042239421624,0.0
2025-12-23 05:00:00,20.750832736148087,73.5086800542954,3.4430046879684357,20.300456739864025,0.0
2025-12-23 06:00:00,19.80964875229026,70.01766260522648,7.257464339743879,70.43091510884605,0.0
2025-12-23 07:00:00,21.49689817413593,64.57417049150045,9.562634554860939,75.49338974506031,51.33115613255201
2025-12-23 08:00:00,24.33316005270918,58.80239122903939,6.957990265482093,59.754249411964075,135.36128000595735
2025-12-23 09:00:00,31.052232375800184,56.08528892007951,14.897529938869884,49.3456498368681,206.70376655455433
2025-12-23 10:00:00,29.153788850903794,36.081146416855084,12.773866516906264,46.69529869391844,267.7202505483248
2025-12-23 11:00:00,31.860660836814453,59.291163562785144,9.365058807469426,42.600270723476996,309.66459485593737
2025-12-23 12:00:00,37.73113676364282,41.456111612945314,1.9174778323168145,86.63713024073988,158.78726097791517
2025-12-23 13:00:00,33.086673465117414,43.70879237222739,12.567307489856637,6.525691996211924,451.0543606709849
2025-12-23 14:00:00,36.164916962828826,37.078070763330174,4.7703079197298734,30.731430898880628,315.71411363182034
2025-12-23 15:00:00,35.1863555464894,30.06766887053088,2.1302949080250224,53.87183252753825,184.39324783034468
2025-12-23 16:00:00,34.429545718716945,39.628642749964236,0.24868407252319147,47.74777778858825,150.96289796416596
2025-12-23 17:00:00,32.20802807131858,41.43361820199676,2.000266160232991,30.428851259015378,101.02033746528681
2025-12-23 18:00:00,30.41613955362769,56.23226888164627,8.898218185840253,63.92884172849569,0.2535744279015699
2025-12-23 19:00:00,24.566765939209127,50.32237232832961,0.6445562911222108,83.37298534771537,0.0
2025-12-23 20:00:00,26.40289023049518,57.921970293760616,12.465921517173058,88.94340718702526,0.0
2025-12-23 21:00:00,20.6902380499457,53.173310486949056,9.918456478615035,92.20139447899557,0.0
2025-12-23 22:00:00,18.97832886773194,61.46576601054493,4.365959982174169,85.53304357130531,0.0
2025-12-23 23:00:00,18.45659745306555,65.43203089579616,5.987948199533363,86.93264341317398,0.0
2025-12-24 00:00:00,18.718513885645404,85.7804202419808,7.779458763704544,95.31133214696264,0.0
2025-12-24 01:00:00,18.627555582118834,74.3401869945387,2.247432833454397,41.57537157665152,0.0
2025-12-24 02:00:00,11.72830559373316,81.35308216582996,7.845402252963012,89.25405381786564,0.0
2025-12-24 03:00:00,13.386273000856846,78.42781101657772,13.791712426490523,2.2194431772464718,0.0
2025-12-24 04:00:00,15.787867493867516,82.8825807577764,2.8982711084672097,48.530557420745424,0.0
2025-12-24 05:00:00,21.654047237877798,77.81896278613499,3.343301227788466,98.89814436379827,0.0
2025-12-24 06:00:00,18.62789116236291,55.352305112992376,4.733554867107827,53.71409330118651,0.0
2025-12-24 07:00:00,24.082624078554268,66.30594578945313,10.96632740132802,2.2686648684175914,136.0903878810475
2025-12-24 08:00:00,23.99652766328572,61.85099883404754,1.1671077100954124,61.24351456600499,133.13167527896314
2025-12-24 09:00:00,28.700802307918487,57.76139765036989,7.751240221347596,62.22130869842344,178.41938286853923
2025-12-24 10:00:00,28.45601895886879,38.05182485738451,13.58694422666256,1.668532126826272,429.7004589500375
2025-12-24 11:00:00,34.05049342886889,42.981867708670855,14.601266813964097,21.574829940747552,380.0550337385417
2025-12-24 12:00:00,34.997349474786155,54.96556862929499,3.2237574336965364,44.19942077607034,295.01581123513216
2025-12-24 13:00:00,35.075390244524314,41.10050743125895,9.123737075850318,53.484255572579784,260.26850582662485
2025-12-24 14:00:00,36.86381566961939,44.20125164149964,3.858544289539692,85.92373062003324,136.56486903878863
2025-12-24 15:00:00,39.43469437452154,40.17712434304347,11.57634327256301,58.182155369850754,175.52471937220048
2025-12-24 16:00:00,35.471971723450515,44.914957369086494,10.441577783130137,32.29302960682673,173.40575341139822
2025-12-24 17:00:00,31.443686709960335,38.48953694072762,5.543446332652728,22.867585061721297,100.42521473105388
2025-12-24 18:00:00,30.827244072798546,51.28081364947575,14.238758127336643,4.426561329447976,0.0
2025-12-24 19:00:00,29.64239402440711,46.6082532046468,11.141739456555307,80.46681308675944,0.0
2025-12-24 20:00:00,22.74842751851361,49.31017379770232,3.2304914609356885,28.622882742353728,0.0
2025-12-24 21:00:00,20.449049386642702,68.75831135784809,3.892250192196711,70.82335838216636,0.0
2025-12-24 22:00:00,18.03596091260725,73.67785631091819,9.164336501689142,63.90779492428243,0.0
2025-12-24 23:00:00,14.524859173650086,72.39134464590965,6.42673406715058,4.9651201819521535,0.0
2025-12-25 00:00:00,14.047604417318336,74.39501388999139,5.145188863992319,21.683332075680795,0.0
2025-12-25 01:00:00,14.780887745793075,70.60458444546548,11.737505422173756,92.00622922166106,0.0
2025-12-25 02:00:00,12.410358020365898,86.51793054940056,11.50586087420597,85.45523288220129,0.0
2025-12-25 03:00:00,13.881687521600648,75.94373871016013,6.841506929805507,63.72449067392159,0.0
2025-12-25 04:00:00,18.574543787172793,74.38326204844911,10.461691608123829,69.22390356971418,0.0
2025-12-25 05:00:00,17.802725220296043,76.78354299836629,9.185350811352428,68.08361290178502,0.0
2025-12-25 06:00:00,20.747376550762304,77.7715019634237,2.0698205664183607,34.623862201381286,0.0
2025-12-25 07:00:00,22.79783851570511,63.774380052308366,9.882457833947754,76.40788816504957,52.840633563825776
2025-12-25 08:00:00,27.46901455983486,60.999731050009856,6.52091376793185,84.97826214672533,84.20746087592546
2025-12-25 09:00:00,28.10500115212976,46.84159058131644,14.434404149069826,81.50799290338861,121.70914115037951
2025-12-25 10:00:00,30.3545473267514,37.45584891877105,8.144358026551252,15.00266668782193,371.88129348341425
2025-12-25 11:00:00,38.50528861744082,43.09815877223278,8.695546685995764,34.47512835493335,335.2830408292828
2025-12-25 12:00:00,34.95151549026909,46.44660279545006,1.6475760213860098,90.52204177135854,127.34707394363242
2025-12-25 13:00:00,36.775443288705006,42.346642650932765,0.3948878469461409,21.225061737166094,378.7354360197789
2025-12-25 14:00:00,32.97390571148529,39.50265562145466,4.977321091459551,28.44665980208614,317.58198339391
2025-12-25 15:00:00,30.73511124683042,43.6807335224144,0.9750730709431388,5.031931723714256,341.01303147155664
2025-12-25 16:00:00,32.77972105385289,41.2905410721127,11.217982145820569,76.10471411659823,100.61744625686924
2025-12-25 17:00:00,32.05483438146098,42.7588706159699,8.630042276919836,55.09137994530845,63.68303465720012
2025-12-25 18:00:00,31.021422541747143,51.464669687018116,10.582446898679517,62.02073638596139,0.0
2025-12-25 19:00:00,27.748885144882262,53.46919473312127,1.555201617717465,79.49190360097266,0.0
2025-12-25 20:00:00,22.384258054253763,66.23901099471907,8.786202825598014,12.11267187539341,0.0
2025-12-25 21:00:00,19.162921713650615,72.91902147723933,0.6641003040079396,72.67018686926549,0.0
2025-12-25 22:00:00,20.470628660032737,71.73035220638626,6.015749878757876,82.43497273056131,0.0
2025-12-25 23:00:00,21.361580311920406,77.42751273896553,4.362477068917164,65.7816955284688,0.0
2025-12-26 00:00:00,17.846389013333418,75.79089792782163,2.653237935952137,3.3933169617160086,0.0
2025-12-26 01:00:00,15.501445667552986,81.91267454366283,10.252838379819991,37.306344024688656,0.0
2025-12-26 02:00:00,13.580441169442853,80.14487991325889,0.5409624102751343,25.684402946376284,0.0
2025-12-26 03:00:00,15.407526847988795,82.10802240675103,5.6743031607346905,52.10350181116884,0.0
2025-12-26 04:00:00,11.329155450583215,72.80507464893556,6.090350269950765,20.20891200189996,0.0
2025-12-26 05:00:00,16.422408984119485,74.94817379111271,11.924326577575595,78.66881034674927,0.0
2025-12-26 06:00:00,21.041620653879374,63.791505864800754,11.60608494666271,42.8981147567819,7.4981557398276895
2025-12-26 07:00:00,22.73887651399791,59.17412364183236,12.70115225216834,58.10431660963056,68.6310275608324
2025-12-26 08:00:00,21.6805698125581,57.85250986973084,9.604168027993348,82.61863197813844,77.15388957776074
2025-12-26 09:00:00,30.036106216506887,57.47501547794561,11.178222606251623,59.55414824159375,180.62126875659473
2025-12-26 10:00:00,30.980140229333944,42.13150934973662,9.87251948308064,59.299976361647,229.4543284659457
2025-12-26 11:00:00,31.35393887200714,44.626885593688655,14.684256407669858,21.908512766037845,391.57455380308943
2025-12-26 12:00:00,33.23937759438653,48.0761228535115,11.296484626301655,29.81143057602281,365.5729210703245
2025-12-26 13:00:00,33.13946841993838,46.405405281549776,14.674027031913472,8.774394547213893,437.72587480173655
2025-12-26 14:00:00,34.33858765743037,32.938787118213,4.425663006041652,11.858706925447693,376.3329728040594
2025-12-26 15:00:00,31.941155048814164,44.57139833768139,10.37867674319734,88.63996343641017,104.18436484463504
2025-12-26 16:00:00,36.012836158401775,47.263897133892726,8.352158282793376,69.88365226021767,98.95493952181938
2025-12-26 17:00:00,34.423252664306034,52.19141398792551,14.263879383779601,10.911657392512685,101.59864429860907
2025-12-26 18:00:00,26.18059162214915,46.28923939169149,11.953586122154821,83.9593822651157,0.0
2025-12-26 19:00:00,27.24496842888567,58.426972507863816,4.956144188989084,43.41265983630449,0.0
2025-12-26 20:00:00,27.413928473836148,52.28046871610587,0.7984370768270466,59.48673438070594,0.0
2025-12-26 21:00:00,19.20534369269354,74.59018572913817,11.896026661383601,93.97618883630517,0.0
2025-12-26 22:00:00,21.709705966046048,71.49699983397208,10.373667800695372,33.73432095404186,0.0
2025-12-26 23:00:00,22.404904123074065,69.36796720342664,4.6773000979214725,93.06460966450581,0.0
2025-12-27 00:00:00,19.09917484613122,88.02554127566329,0.8091328804708625,3.652796879049114,0.0
2025-12-27 01:00:00,20.92258056013721,86.29300734179397,9.272341608952676,17.20213860373896,0.0
2025-12-27 02:00:00,14.260937732017384,79.77224836221541,3.216049454313147,6.936787003113299,0.0
2025-12-27 03:00:00,14.518927342447606,81.83242058043275,11.29043424685902,79.54598735932004,0.0
2025-12-27 04:00:00,19.923550681211026,85.31578418669281,6.3387326354166005,52.47822568699476,0.0
2025-12-27 05:00:00,15.919987189466523,67.74072908759987,9.787334425585804,61.50099501488282,0.0
2025-12-27 06:00:00,20.466045312751145,71.53654135819704,8.110500276058868,24.25077020859031,1.435885572798345
2025-12-27 07:00:00,23.152564180103557,74.48926491336945,6.305896937821207,6.572385061406861,131.70945660979265
2025-12-27 08:00:00,24.88173557159796,49.50756696793329,13.939983668501666,1.8017475647347125,242.53775998330963
2025-12-27 09:00:00,24.618388891703344,51.5075568474478,7.933942531190466,97.55269078320651,77.37718465175715
2025-12-27 10:00:00,30.882631704286425,45.423893247738036,7.685283625316471,54.07200979210713,236.87030630905892
2025-12-27 11:00:00,31.340374126500727,48.15209768592666,13.19208142476387,92.33660596412476,115.66746884732405
2025-12-27 12:00:00,31.84732220172446,43.751563617785294,7.105752341377139,4.844794530165197,467.67233955658895
2025-12-27 13:00:00,32.91619234004406,45.441047198106524,12.69123090200447,35.390736735418486,333.9946853498369
2025-12-27 14:00:00,33.87748382857871,38.806700732693876,3.9142108353520104,99.58795305102387,82.65191259667648
2025-12-27 15:00:00,34.7802077368323,35.63458370835014,1.2215588771060975,65.85881132269483,158.40051019200905
2025-12-27 16:00:00,33.908495973681134,41.56193525986181,2.8420887437145304,32.20247200238779,176.95226462368393
2025-12-27 17:00:00,32.99816441477209,54.58182535918334,8.491847360212166,52.642584588461574,82.11079508905857
2025-12-27 18:00:00,31.720937893543578,52.72535445206086,11.057539263203802,13.40939541147278,0.0
2025-12-27 19:00:00,28.10905009221416,54.277095822918895,12.890287559234435,66.19660349404391,0.0
2025-12-27 20:00:00,28.38936133081151,59.423444921037714,12.837130372462067,27.786367212152275,0.0
2025-12-27 21:00:00,21.997233358578338,59.876728519982855,0.42535503397022445,96.696838862182,0.0
2025-12-27 22:00:00,22.476808065862976,64.05720966538563,4.965455357443819,54.77912037983933,0.0
2025-12-27 23:00:00,21.750907126216624,77.29781925290675,3.620418970500021,6.290177580792655,0.0
2025-12-28 00:00:00,14.121424072894419,71.99912425773545,6.020565584170999,17.145213376633063,0.0
2025-12-28 01:00:00,17.10519414397139,79.53267930072502,2.333497663417842,14.166973390697123,0.0
2025-12-28 02:00:00,15.952800459776121,78.38329320526917,14.277731598115675,47.49354577899405,0.0
2025-12-28 03:00:00,13.228331321533467,88.61311129413069,12.189975790532545,80.87290967246619,0.0
2025-12-28 04:00:00,15.70236951697319,78.58423957956904,13.103595577206962,65.68543440363763,0.0
2025-12-28 05:00:00,17.438772384074525,71.96504605532932,6.644497525358259,5.884235907443214,0.0
2025-12-28 06:00:00,20.483513422070285,69.77914032017611,10.218736569026914,35.205029972725285,0.0
2025-12-28 07:00:00,20.818304957175997,74.84557596150889,10.67387284758228,11.329684274058438,128.71754985982568
2025-12-28 08:00:00,29.079727941094216,67.9495746283396,7.6109859946631495,0.5407794303170954,244.88194949427512
2025-12-28 09:00:00,27.709276505194847,56.34082132813903,11.296729732014931,43.285782007023876,229.4617145447088
2025-12-28 10:00:00,28.335197644648105,53.3260037601936,4.3356582044740515,21.34376323059719,364.25642024026337
2025-12-28 11:00:00,29.372728568404042,37.715491862743434,6.2607235306660804,16.262985327314404,412.81436263181047
2025-12-28 12:00:00,30.87585921111855,41.35917982845641,3.3767140420634645,52.74449872875835,271.87992594616446
2025-12-28 13:00:00,33.2263821119255,34.06730913919962,6.4224994379808695,17.09998650236002,403.35961128426254
2025-12-28 14:00:00,32.97820378322792,42.595590478581165,10.7457921426782,61.179241030903974,219.19170713127937
2025-12-28 15:00:00,35.275936086691246,35.60108831239471,1.7764872913019703,28.145635540149183,258.75460993230826
2025-12-28 16:00:00,32.71571478677851,43.4550416168178,7.892923178594321,64.56542641552203,118.26885387899448
2025-12-28 17:00:00,35.9582775929982,41.88070743319834,7.517647894157417,86.78495674749892,32.42111817120251
2025-12-28 18:00:00,31.284217776769644,50.38991866005635,7.530489312261899,43.66437777673088,0.0
2025-12-28 19:00:00,25.103561472832993,56.73248193663993,4.897084332852656,75.08867203468886,0.0
2025-12-28 20:00:00,26.60920812073483,64.9553910938951,10.737195682152278,43.600933065101486,0.0
2025-12-28 21:00:00,21.451879285010552,60.637450782888095,2.176143801041976,43.14521270821376,0.0
2025-12-28 22:00:00,16.042867743661372,68.57917471112577,1.897620927171935,53.09552516762248,0.0
2025-12-28 23:00:00,17.133212386360785,74.21887718824624,7.896148174491598,4.17573136077719,0.0
2025-12-29 00:00:00,18.074637202307365,78.500894012646,9.048535029096389,81.37190896711832,0.0
2025-12-29 01:00:00,18.37536431307526,72.83115125529996,8.39976436114614,2.074474657100145,0.0
2025-12-29 02:00:00,15.641698884692927,72.72536391418765,8.180869897684024,88.70584160232055,0.0
2025-12-29 03:00:00,20.727049794733354,77.94408770003484,0.18084311778567064,60.6858392842671,0.0
2025-12-29 04:00:00,16.599255650763926,81.03228598743354,10.40207728896612,74.94675681940639,0.0
2025-12-29 05:00:00,17.295217199602572,82.29604450392554,9.743091518142052,20.94509988726957,0.0
2025-12-29 06:00:00,19.23260430853882,71.85831726243387,13.91901106595987,90.38965263668709,0.0
2025-12-29 07:00:00,20.389641784632705,69.28414139279248,14.817954291108283,84.56191266131223,40.73147608814849
2025-12-29 08:00:00,27.618548456074016,59.87859005547865,5.932119161195339,77.97176935907882,91.07443817917499
2025-12-29 09:00:00,26.811589152606814,56.97113962617971,0.11730431486424497,9.341607890101178,327.676431522919
2025-12-29 10:00:00,29.52870066467108,47.73044795709255,5.0869229558239235,81.49912072758461,145.23223284144285
2025-12-29 11:00:00,36.850824634118446,47.46292665671802,10.21311586103141,74.2911063372844,191.1134686417162
2025-12-29 12:00:00,33.97403705500509,40.05842289711694,6.082521674256837,85.42525806840385,150.22017978688825
2025-12-29 13:00:00,31.098195275042293,42.08152698362454,11.28846948490056,11.346853052218975,419.27347319447284
2025-12-29 14:00:00,37.37103192756017,40.35812425694796,7.295163607525675,35.50731766698442,294.3337209666685
2025-12-29 15:00:00,32.92631892321171,44.19728409325539,7.202194527219567,8.245233559366627,321.43486340876063
2025-12-29 16:00:00,28.988612356594636,38.08851424436198,9.612731055388279,2.8844336056426,251.4050929400794
2025-12-29 17:00:00,33.509325686567095,51.69821717086778,14.968871319174951,64.52346906167935,60.47765666883582
2025-12-29 18:00:00,29.429897679594237,49.49834642398586,7.3657081941223135,25.938386737022732,0.0
2025-12-29 19:00:00,27.347840966056534,55.89587805286271,5.1321819276278315,24.72190030740179,0.0
2025-12-29 20:00:00,22.87205307609094,59.90553355111614,1.8149666413583576,74.36893497274166,0.0
2025-12-29 21:00:00,18.270336941721133,66.95057779182197,8.325951970121622,18.320303258696292,0.0
2025-12-29 22:00:00,18.505725682030924,66.15672293991227,2.5666873037676745,13.456022519000676,0.0
2025-12-29 23:00:00,16.400837109241486,73.73147093837001,12.082547557845803,61.41775542919737,0.0
2025-12-30 00:00:00,16.943671757990277,74.63538819432026,13.714401529059955,41.96682175247726,0.0
2025-12-30 01:00:00,16.018440154507687,84.36320216937929,13.19198704660218,8.658948297391799,0.0
2025-12-30 02:00:00,13.914573919680603,77.12861773128289,3.784552401402335,6.927608639062366,0.0
2025-12-30 03:00:00,13.694760733686211,77.6147134808584,13.49210386406823,47.10196062691142,0.0
2025-12-30 04:00:00,19.28044177362078,74.83653119847821,5.8574229910949835,30.092986531420262,0.0
2025-12-30 05:00:00,19.153366736394553,71.42630210849242,14.913464802460703,42.631608533138255,0.0
2025-12-30 06:00:00,18.93934458761332,76.73298743333598,6.369233352584541,49.36012655201417,6.415819701295458
2025-12-30 07:00:00,22.260604154415375,66.84327413774072,12.498268812516937,38.22653621457317,85.73547259070484
2025-12-30 08:00:00,25.373982023107665,64.32053421132557,9.424727726626275,18.268045378667907,224.17288818366217
2025-12-30 09:00:00,32.65669333478624,57.773472772250635,7.513484636349545,76.12276664051794,134.1698442670817
2025-12-30 10:00:00,27.551370786152603,53.048795782422665,3.207958394371699,84.9378944523661,135.49522695247393
2025-12-30 11:00:00,32.33942018563916,50.79325519633999,3.6581379531831337,17.076184924292182,407.26815551598077
2025-12-30 12:00:00,32.60318109502681,36.006173500570924,7.660431908611713,36.91071942295574,339.34278994699827
2025-12-30 13:00:00,34.09688231545086,39.23664681897205,1.402366656856417,77.1320726890078,176.09867475087478
2025-12-30 14:00:00,33.008662119168484,35.84627374671059,9.24188366268725,22.052331708162797,339.1276993192727
2025-12-30 15:00:00,33.457431884365256,40.66547194176171,4.4015573440749085,83.45587038142965,107.45849916010658
2025-12-30 16:00:00,31.693168856479637,43.18539961973322,0.7058052875860898,30.664320458056192,195.7590175092532
2025-12-30 17:00:00,31.886859485386605,45.92482670336993,2.8105352786308084,17.948603871108237,102.65270020335424
2025-12-30 18:00:00,31.885283113979835,49.848566317920586,7.773311085206371,59.14716560237095,0.0
2025-12-30 19:00:00,27.082464721809675,56.23813976571839,1.4028100054842203,77.37942540049588,0.0
2025-12-30 20:00:00,22.17174023381958,57.67682351881071,0.8441394438765359,90.30865884325013,0.0
2025-12-30 21:00:00,20.05271210023406,68.23085303804622,11.998189301635433,28.20092802109616,0.0
2025-12-30 22:00:00,21.858622561538233,69.28136862313018,11.42365467479127,52.8911762614959,0.0
2025-12-30 23:00:00,20.140851583564384,66.89518141286625,3.3903590969285524,4.7776530600083245,0.0
2025-12-31 00:00:00,20.45455997813442,75.84104484465443,9.174405469484373,9.301402020757232,0.0
2025-12-31 01:00:00,17.184623253185187,78.91272446287424,5.964517456864017,74.4700857583379,0.0
2025-12-31 02:00:00,16.869671686948003,77.64933144248032,13.116763294627571,72.33096449927771,0.0
2025-12-31 03:00:00,18.955312404173224,83.73913436494608,8.497623534660857,73.52273851110357,0.0
2025-12-31 04:00:00,16.830604861586554,80.48268486290719,0.2728074006914899,85.51058498892762,0.0
2025-12-31 05:00:00,17.71573451699515,71.97122994156202,11.825402646184715,50.88646052506137,0.0
2025-12-31 06:00:00,20.66269544498032,63.63751636208588,9.732329408033804,96.01434443571554,0.0
2025-12-31 07:00:00,20.34514594496489,63.39518746644355,1.0248412594681526,97.90602600488157,31.2752455483568
2025-12-31 08:00:00,28.53885810514238,64.91388577517158,13.845139897488638,41.95350615487053,162.6766564482148
2025-12-31 09:00:00,28.42656422069282,57.05125779660433,11.551541097937738,33.6894833154889,253.33576024441035
2025-12-31 10:00:00,28.800411551905743,50.73491321844243,13.055912738016907,98.08422171009805,96.75687936030369
2025-12-31 11:00:00,30.093785987773103,49.667678447846846,0.6605496663695426,51.31317876340202,276.6936001600285
2025-12-31 12:00:00,33.645482925964856,38.601619821918256,14.246547917253864,15.68422222371636,426.84234318947017
2025-12-31 13:00:00,31.46348696763583,35.293093404460635,8.505580004790046,91.05228068871571,116.83620499619387
2025-12-31 14:00:00,35.156041260999906,41.511866593706145,13.507703259274987,29.630214669295963,320.16885926489033
2025-12-31 15:00:00,36.75378569802082,45.90304349213385,5.400731530281127,27.75021270124257,263.67681197756474
2025-12-31 16:00:00,34.81774006503622,52.786253037028196,3.581840890246779,85.32321491312558,80.58697733008889
2025-12-31 17:00:00,31.791058666080286,44.132442518322875,11.716226752751314,80.88741733097439,44.91631368984255
2025-12-31 18:00:00,28.678531774769723,55.757374763406006,14.545545463193552,4.811676444303458,0.0
2025-12-31 19:00:00,25.973307117839525,53.16801391803788,3.837594755094769,44.85974597296454,0.0
2025-12-31 20:00:00,22.620073262835948,55.767787595945364,7.455898728138297,89.07095113555849,0.0
2025-12-31 21:00:00,19.300871220614646,69.98976795268963,11.775448988295738,27.883678294832215,0.0
2025-12-31 22:00:00,21.040261573083242,75.0945727328946,13.276398965454913,71.47520886159319,0.0
2025-12-31 23:00:00,17.62477820113579,73.55090921687321,5.840891015196701,80.97383084959961,0.0
2026-01-01 00:00:00,15.685372016930833,77.01065076770716,2.8005832141955973,16.6068566794215,0.0
2026-01-01 01:00:00,19.070075655476995,81.64916116368806,8.664963103046022,41.659512298516944,0.0
2026-01-01 02:00:00,18.672402802646882,71.38405468817496,1.7994851492506947,99.97404287731763,0.0
2026-01-01 03:00:00,14.681285550862958,79.14948822186794,2.8370048713581526,68.85613632598205,0.0
2026-01-01 04:00:00,15.819116594756322,68.80869679494724,12.366563716272186,85.10327410400724,0.0
2026-01-01 05:00:00,17.974607900360024,70.61040963587106,13.867129482843474,20.018659482943146,0.0
2026-01-01 06:00:00,18.194222982428645,72.51200137384164,7.276421441300441,47.92221795510271,5.009848866377913
2026-01-01 07:00:00,19.801148355963473,66.37268707522323,13.775875375573452,91.71263003068205,40.94438995504018
2026-01-01 08:00:00,26.903445436361313,60.64205089309913,14.131377290743409,50.46412070569407,147.98934359006512
2026-01-01 09:00:00,26.44964079374066,56.564405335174804,14.857606793602624,44.64018801765626,219.80050861138415
2026-01-01 10:00:00,30.25171510444671,49.52156382412131,0.9354922180832559,35.67406574768766,301.36242315368594
2026-01-01 11:00:00,30.16272275011121,44.02085936711526,4.486572711464417,82.59932420211057,159.4253924714097
2026-01-01 12:00:00,35.04100854723852,42.78353381597684,2.691077788864976,65.60969649047914,225.0813635353987
2026-01-01 13:00:00,33.99428544215047,45.19836911113022,9.840652342618602,36.86443456209349,331.03442106364
2026-01-01 14:00:00,33.2265141197981,39.01278989797907,13.702353724247013,86.42158319857786,129.82079920412718
2026-01-01 15:00:00,34.25004388353323,36.32644820846282,14.567623544680636,55.06052341988826,185.252257907816
2026-01-01 16:00:00,34.69101594361778,31.328204152349336,3.2910809202890565,92.78963395261933,55.97115370534015
2026-01-01 17:00:00,30.18943484756966,45.561732383273146,11.18503406041788,96.30239841980658,29.00655003305299
2026-01-01 18:00:00,27.735277197193206,48.035132295189186,6.801569118493894,46.29377969193755,5.6512264202372515
2026-01-01 19:00:00,25.184310782706987,58.540743766328475,3.7671431264402426,88.95425324501785,0.0
2026-01-01 20:00:00,22.968508523825637,55.084820498035455,10.24735906034991,22.512847595926843,0.0
2026-01-01 21:00:00,19.224389818576505,67.87791737839137,6.023270554083919,99.11301424523346,0.0
2026-01-01 22:00:00,20.84273692544565,70.67026791604455,7.889358827411738,93.30257030598528,0.0
2026-01-01 23:00:00,16.3810451927236,76.78443649719927,10.106491777442931,66.8044612436767,0.0
2026-01-02 00:00:00,17.84784732816241,66.78144127040336,11.281723539627341,79.40081995067645,0.0
2026-01-02 01:00:00,17.65834114803408,79.24169538319755,7.9502610269998755,23.48233542308047,0.0
2026-01-02 02:00:00,15.904202500821357,80.80799180953778,13.718657867783962,32.51230149897355,0.0
2026-01-02 03:00:00,14.868347318700224,77.73531488253387,9.428178826271292,62.700237591119205,0.0
2026-01-02 04:00:00,17.79946982689409,73.80163495209436,12.067416759023422,9.514638229628646,0.0
2026-01-02 05:00:00,19.890345059102753,81.00103736375867,12.464596620544445,15.898561444780078,0.0
2026-01-02 06:00:00,21.613225512295717,70.61033204331073,9.644492719550762,87.2144234188299,1.1593183060689218
2026-01-02 07:00:00,22.880744938824563,64.7335850011402,8.257633942780267,3.656224074504044,124.9622913294808
2026-01-02 08:00:00,24.439447797737145,47.0700230859886,0.006232670351423164,82.76262055235047,87.63079127555542
2026-01-02 09:00:00,29.017136258192945,53.439805875470576,6.436702469455817,12.384802047517097,309.92410396475174
2026-01-02 10:00:00,30.175624721105876,50.58613514273456,14.702719150033985,46.927356619026774,262.2347873750348
2026-01-02 11:00:00,34.947956688217744,50.082886834628354,11.362649464851733,88.755964735699,138.7916946428274
2026-01-02 12:00:00,35.0327542351027,45.960291659166856,6.446483478365339,85.45455879691313,147.11898405365977
2026-01-02 13:00:00,32.45491613436637,40.613407069673414,5.431188656424164,83.73106018176756,156.74405513086953
2026-01-02 14:00:00,36.37079295168766,35.79606668021256,1.223984083519245,9.591814573889701,382.9572150347189
2026-01-02 15:00:00,33.039464210116954,34.42972808071108,2.93461466988802,33.56076031379608,246.5791543613635
2026-01-02 16:00:00,30.806161405848105,38.26681541084335,8.638898728179363,76.86663636023795,99.28129597364335
2026-01-02 17:00:00,33.06988563080062,39.57522790104313,9.624421046914891,62.41403418927476,71.96454362556655
2026-01-02 18:00:00,27.769983242454217,41.91218618044157,11.746480640535786,75.12811388193857,3.0489017448253772
2026-01-02 19:00:00,29.30427630252406,49.5216368857871,1.415427047053495,27.089531479797003,0.0
2026-01-02 20:00:00,25.57821908590275,57.47683809730098,7.130462638605809,13.79545253133635,0.0
2026-01-02 21:00:00,22.602872333267733,68.26038051000423,13.875850696362546,71.4074188890312,0.0
2026-01-02 22:00:00,16.03400097211074,75.23700482962501,1.75110361826138,27.94973193147926,0.0
2026-01-02 23:00:00,19.380788107551048,75.30540762038,10.934718781235926,44.23036084370118,0.0
2026-01-03 00:00:00,19.865297890624724,76.05364075962001,5.212164829975829,38.8731584862179,0.0
2026-01-03 01:00:00,14.500041643523748,79.75566299993471,6.325779300935972,1.2775951099922689,0.0
2026-01-03 02:00:00,16.138915685024823,76.38764857851561,5.007610163260098,44.82617501992151,0.0
2026-01-03 03:00:00,12.232770801090451,84.22531990130717,1.8897419327451477,27.84005914221127,0.0
2026-01-03 04:00:00,17.431625852363968,84.02009467475412,0.99337311971545,53.56144567669672,0.0
2026-01-03 05:00:00,15.22149964851222,74.64221438877425,2.490772001064339,98.47777542963483,0.0
2026-01-03 06:00:00,19.796293799583598,73.21336516441887,6.879353024361898,83.70909885206927,2.606851470733524
2026-01-03 07:00:00,23.977274887240824,69.25429527879609,3.57369672229485,61.7517485333468,69.89930013240406
2026-01-03 08:00:00,25.774942845320453,67.31790166256643,10.7706188414815,33.11026801777097,185.794095848484
2026-01-03 09:00:00,29.95830591091508,56.988948821573416,9.030955063215849,56.88182493628125,194.147516587395
2026-01-03 10:00:00,31.946572257240266,47.35012574656759,0.1339542808159383,10.889097509882017,385.3985485773027
2026-01-03 11:00:00,33.61919237534057,37.25738300764721,7.058218876746036,90.13126310960041,132.51825514359683
2026-01-03 12:00:00,33.27494903295277,46.13737600065614,4.155158244276399,83.13894957844464,163.87551263964883
2026-01-03 13:00:00,34.16859731777101,38.13060861737095,5.646795863932493,64.62990736422837,221.55284268738757
2026-01-03 14:00:00,35.93429286589246,41.82234306623727,0.47273604437940375,71.33202616101516,188.8977470491651
2026-01-03 15:00:00,34.793542581162114,35.93214121622607,11.789069737069607,4.312901282882864,329.98047016714173
2026-01-03 16:00:00,30.94520615873734,50.110585785412404,6.123532895393742,17.822262385743414,212.00181299501835
2026-01-03 17:00:00,34.34675051586722,55.21915744554479,10.659822633744554,20.77987663006583,109.2774325120385
2026-01-03 18:00:00,31.183546197014888,49.24226807410007,4.98594886101764,8.252772121246089,1.5549746999770935
2026-01-03 19:00:00,29.464101654788596,63.980867912376326,10.137310901996011,58.10190540346988,0.0
2026-01-03 20:00:00,25.494729835816358,57.41833413592003,11.24478627957485,14.61927041711315,0.0
2026-01-03 21:00:00,21.826269846683736,56.593454223432055,12.688502798193595,65.58553634541644,0.0
2026-01-03 22:00:00,20.289807258203865,73.6081468255513,0.284146423071871,7.21826010401313,0.0
2026-01-03 23:00:00,18.52096800738675,76.26470037280703,7.482739157065726,13.646634550591141,0.0
2026-01-04 00:00:00,16.200275548832835,80.35313667032281,13.311361273566053,34.9491989032653,0.0
2026-01-04 01:00:00,19.318265413220114,89.13542909311849,5.188907814255032,51.83114357950587,0.0
2026-01-04 02:00:00,15.922318102238453,79.0649956911692,14.268426314122214,83.03336550484808,0.0
2026-01-04 03:00:00,16.523124754781648,82.74908136020568,4.731892106462928,51.487228433603185,0.0
2026-01-04 04:00:00,18.257754868861102,77.85573747109055,0.008500517166262211,78.54803582406214,0.0
2026-01-04 05:00:00,16.068636917118855,71.69694466909458,3.7997224230187725,19.342096385823936,0.0
2026-01-04 06:00:00,19.35171233461253,72.3716601307124,2.3410358646732696,32.33697814932287,0.0
2026-01-04 07:00:00,19.80557919963066,62.43700076025335,3.7987481595507684,25.158268318693356,107.41181931752371
2026-01-04 08:00:00,25.365460220101454,69.76964479464378,12.334892277931441,78.54182444439667,98.00719777058416
2026-01-04 09:00:00,25.82866376709667,52.799174031535095,10.891525697867662,93.53543795926323,88.05125209097208
2026-01-04 10:00:00,27.727897456835787,55.58634362620927,3.2807559576719343,96.42109627412161,94.80412698828859
2026-01-04 11:00:00,29.15464918062895,52.955528608365,5.345044753652415,12.151985673196041,432.85581048041604
2026-01-04 12:00:00,36.014078491936644,38.53923757646379,5.720127823188758,15.24518861896369,418.89791549811935
2026-01-04 13:00:00,33.35004308189612,48.15285163800742,8.029196509558751,63.12936421835621,235.35359872712016
2026-01-04 14:00:00,31.021959498269275,38.26083264128354,7.962028214576308,78.07559062988994,163.84967632872247
2026-01-04 15:00:00,35.239402910987394,52.41769382285658,5.276647987295017,87.54543100943835,95.43661452838492
2026-01-04 16:00:00,33.33457662655574,43.70125689889158,0.9712416156525316,5.651986765533201,221.54104625905615
2026-01-04 17:00:00,29.690379526575207,47.50144872099769,13.333710328337549,71.6136832683368,54.501245775402865
2026-01-04 18:00:00,30.48438898775095,43.471628640589934,8.472431667618642,47.75409148312899,0.17743800991362313
2026-01-04 19:00:00,31.918805524063128,47.02538874579635,11.562124934639279,18.065913027356796,0.0
2026-01-04 20:00:00,24.45131626703999,54.81763359808508,3.345028130459318,11.514230928354863,0.0
2026-01-04 21:00:00,22.053998321984817,73.64925214328626,7.768869273750407,88.20387328226037,0.0
2026-01-04 22:00:00,19.47141207215231,71.86589899067802,13.650480418036274,93.89407445380229,0.0
2026-01-04 23:00:00,18.373933450681697,74.98248219442483,6.684910196641848,33.915376130537155,0.0
2026-01-05 00:00:00,19.07446942707315,85.80777774691298,3.381183477538243,35.484158498981934,0.0
2026-01-05 01:00:00,12.351642143961072,87.00710474615529,5.2101200516096045,15.607617237311167,0.0
2026-01-05 02:00:00,11.210035982029801,80.64492710087005,6.769142332967608,21.346345531674604,0.0
2026-01-05 03:00:00,16.729463793086218,79.751702426995,9.745949238038703,91.76192306381431,0.0
2026-01-05 04:00:00,16.691684495619914,81.20261488073231,4.290992861101979,74.90899154893216,0.0
2026-01-05 05:00:00,17.60610012854795,62.60875248432508,9.92728814208187,14.505151035968645,0.0
2026-01-05 06:00:00,16.40328782783104,68.08898072954555,13.026498618459378,46.15163901081867,0.0
2026-01-05 07:00:00,19.076253914067618,62.44010833934711,11.377420045988261,88.28507870860733,34.21780928793504
2026-01-05 08:00:00,27.841829656118865,62.79717731360103,12.829911240628306,60.80753162200908,129.8303054683169
2026-01-05 09:00:00,28.167662218289696,59.6681437391763,4.941632249522159,76.43746998964535,130.8427828024198
2026-01-05 10:00:00,27.253501542063848,49.81320296467945,14.17906056753239,89.25721125171728,125.3496310192199
2026-01-05 11:00:00,33.13659204883553,44.7747229256169,13.081852922865776,29.98174438474326,347.39110933422626
2026-01-05 12:00:00,34.89706307945008,34.89455830728188,2.652911697833407,42.850904650420695,315.25270166515554
2026-01-05 13:00:00,33.369320845883,35.380175361654445,0.4742951895817843,78.20333639629126,171.99787868955883
2026-01-05 14:00:00,33.69812847441985,36.58263725677744,10.147843087532218,79.45135461186375,158.10331402725896
2026-01-05 15:00:00,38.08109226127805,49.3384445700705,10.845403303277465,82.92441368565171,115.29093959462656
2026-01-05 16:00:00,35.32532760556021,41.24363953005338,14.300975478948136,79.96212432203347,86.03273993862788
2026-01-05 17:00:00,32.96350706590247,51.08467932610224,3.3165305817052277,60.34771758299752,58.71670997220214
2026-01-05 18:00:00,28.38291804116795,40.40295008756951,12.150772870741378,90.61436605978065,0.0
2026-01-05 19:00:00,25.405086697067333,59.50245563387618,14.675003712846527,28.339567929837596,0.0
2026-01-05 20:00:00,25.923119227615913,57.05505185591192,2.6096267817715453,13.92871399224157,0.0
2026-01-05 21:00:00,22.02698515179666,67.32473962263836,2.856895127926047,78.97483720939513,0.0
2026-01-05 22:00:00,15.319308277814176,69.05644154686654,5.428922954640431,46.836889341802376,0.0
2026-01-05 23:00:00,14.63139611902318,67.98335008290921,6.535513518454735,75.15888459649862,0.0
2026-01-06 00:00:00,20.50037716427449,74.34977581621958,11.317341378222864,23.76428884033559,0.0
2026-01-06 01:00:00,16.24220884647209,86.41100142335924,9.779917194961035,72.42116378764374,0.0
2026-01-06 02:00:00,16.85414273505484,83.62889425570316,10.849956202913821,59.24622265302564,0.0
2026-01-06 03:00:00,12.292872763812705,80.53963659809173,6.1549106720299935,48.44958106394506,0.0
2026-01-06 04:00:00,19.708648987447773,79.2869235176387,0.6620237762046338,28.682406975867035,0.0
2026-01-06 05:00:00,17.691840395573212,65.83724323443374,1.3837567503372998,77.50638010973478,0.0
2026-01-06 06:00:00,21.1934358073004,71.44249735910132,12.886018318681064,84.00799383578517,5.922629168242732
2026-01-06 07:00:00,24.290937015039898,63.466522652212845,14.771601143474372,99.88348724825855,25.53918279807255
2026-01-06 08:00:00,26.179169573385554,48.68683180707208,11.21273910230006,39.480731547930105,166.72270085555638
2026-01-06 09:00:00,27.91364244058228,52.29315934429347,4.585251484824603,41.04930471146546,239.93478122732162
2026-01-06 10:00:00,31.271616277658698,44.983453390564144,9.172897721097208,19.621381542195103,352.8979137718212
2026-01-06 11:00:00,29.727479491616812,50.78301638695232,8.326918366580582,76.3501320469618,174.46651252960717
2026-01-06 12:00:00,35.56771198881,39.613903303575015,5.215075459853924,67.84208788830279,227.84332539885133
2026-01-06 13:00:00,35.47088167074368,31.283149560486855,2.6885571958890235,71.96093485151688,196.09584393261167
2026-01-06 14:00:00,31.421910746819346,39.923767913832904,9.956955545750839,97.6954529902789,96.76154356397221
2026-01-06 15:00:00,37.70634347783289,40.76829707949119,9.382930149451937,42.2668501505252,218.83562325799417
2026-01-06 16:00:00,33.58252698951916,49.17943623397716,5.623459210955603,24.99206540261778,195.78203875698006
2026-01-06 17:00:00,31.921509145203984,50.144985155007426,9.164505520576725,0.5804219445633807,125.3723196542325
2026-01-06 18:00:00,30.13743041152824,42.86395766069629,10.172811678605882,46.338094215902196,1.4716521059651209
2026-01-06 19:00:00,28.130151165704756,51.7589841866554,2.940357826092719,96.38333889641149,0.0
2026-01-06 20:00:00,23.57914316476687,56.21216507298147,0.5857061303344235,93.91379235582174,0.0
2026-01-06 21:00:00,24.868655348899217,64.55116944577854,6.672567729205577,46.2886199573386,0.0
2026-01-06 22:00:00,18.682057334234813,66.77981817321415,10.705659724060176,90.5027620836095,0.0
2026-01-06 23:00:00,17.976272148034415,77.56979112185812,0.14625522749498077,29.205253188864788,0.0
2026-01-07 00:00:00,20.060517059947006,80.23302736845343,1.6994771799092439,86.26508852329351,0.0
2026-01-07 01:00:00,14.58277826413158,71.93844530086815,1.3790756735263165,81.62390417625349,0.0
2026-01-07 02:00:00,15.334100482706384,74.03871533872763,12.164078086160824,76.54859131529395,0.0
2026-01-07 03:00:00,14.419024477920315,70.17171366815653,13.918414197516878,82.95758375729078,0.0
2026-01-07 04:00:00,18.72387897710277,80.97989403948532,2.924006447585455,70.68991015995395,0.0
2026-01-07 05:00:00,18.346401035488856,76.86369922851073,13.717575337833438,3.3622681774982177,0.0
2026-01-07 06:00:00,20.9340259146472,64.78790569910461,4.864279060569743,91.63563800625809,0.0
2026-01-07 07:00:00,23.823335855826073,76.03022238434046,8.01558534109544,49.31019521792107,76.5836873927133
2026-01-07 08:00:00,24.432952214887923,62.80521649636226,3.1862687626553066,23.645881353829346,205.2667756458462
2026-01-07 09:00:00,24.61069276305283,50.26703926307423,8.77319744003798,99.96215944398102,80.52422581237408
2026-01-07 10:00:00,31.918573770842016,47.58889353263993,7.330853810269533,88.4678255916192,120.4657617150975
2026-01-07 11:00:00,30.42518703669615,39.00859234963459,13.410200832626463,34.40398980546971,333.38603649767845
2026-01-07 12:00:00,34.69935528655211,34.025628557448314,0.36932581052349145,86.5044792663312,153.87043567679962
2026-01-07 13:00:00,36.704431254833864,38.974343545627065,6.542101769249563,75.67452263223153,181.4374359205567
2026-01-07 14:00:00,35.02389367842989,40.533471805276946,12.885754885811014,44.28461656603795,266.5950718598375
2026-01-07 15:00:00,34.88995924024213,41.96415639290307,12.753575804580384,24.01505185465527,267.73219958826843
2026-01-07 16:00:00,34.50720052197874,41.24948852281859,12.937798419894174,60.56871350353661,113.7636838613025
2026-01-07 17:00:00,32.141856986177814,42.61279924617959,6.441772964025909,86.28796002328357,40.46657717743484
2026-01-07 18:00:00,31.568457739847318,49.85662831530347,4.01745170298833,43.256779938230785,8.556264587758331
2026-01-07 19:00:00,28.799837755115185,54.89170103986837,2.5714622641698375,5.7503908223484945,0.0
2026-01-07 20:00:00,25.519045898989148,65.0719924104488,13.193059184285303,44.96379583712291,0.0
2026-01-07 21:00:00,23.53992397691785,66.46167682223155,0.22632741323167171,74.37543377269338,0.0
2026-01-07 22:00:00,17.473487948067408,69.9645384251711,4.755580396403935,64.98980383345994,0.0
2026-01-07 23:00:00,18.686742934860302,79.43488290922335,14.33180514579174,61.61349845046249,0.0
2026-01-08 00:00:00,12.888549853503562,77.86238302544123,0.19129432176812788,18.376873478199997,0.0
2026-01-08 01:00:00,17.069969307357116,80.1009337178521,13.485659602886928,34.52818437434867,0.0
2026-01-08 02:00:00,17.078386523802813,76.75523196011599,6.879318370268886,33.175023106154846,0.0
2026-01-08 03:00:00,18.737893108504625,80.825670825271,1.833328614591383,66.00173674434778,0.0
2026-01-08 04:00:00,18.22837320538304,75.96196192776415,10.925510455788125,50.00798613563635,0.0
2026-01-08 05:00:00,18.7306187980341,74.0706462016204,11.387005838496652,16.527454916183792,0.0
2026-01-08 06:00:00,19.956806142549343,62.44311137651391,12.018095291772067,26.084515731395573,1.6322436920368761
2026-01-08 07:00:00,25.701132101781205,67.6559945943726,14.086901222483721,89.68997252524657,35.204064387734704
2026-01-08 08:00:00,27.725259035788174,60.78681030478699,7.995425555874403,39.71050158487658,172.05130090823437
2026-01-08 09:00:00,28.569405606317986,47.38524615952922,12.289246684904269,5.028444552525302,338.9453293112355
2026-01-08 10:00:00,26.777312564868453,42.587945390209384,0.29797594940768446,2.7902922657135787,412.1212784991642
2026-01-08 11:00:00,32.153317467406666,42.321357941046315,7.870820798358826,20.990722969198583,396.4410686854456
2026-01-08 12:00:00,35.013895402197576,43.24818192153655,11.27948550776633,26.429405815481044,373.0729300242459
2026-01-08 13:00:00,33.24887558826458,46.748889012748535,8.697886470419803,97.0730635378518,96.03274182304465
2026-01-08 14:00:00,36.899237834133494,45.255237425755304,8.670271894360047,0.09439782657804097,406.4952299884963
2026-01-08 15:00:00,37.01336686447004,39.5998148768944,1.8089825755458477,57.85317547437858,184.86074666605077
2026-01-08 16:00:00,37.28870918133169,43.2369794021985,8.957433276154587,33.89719805321837,176.66758549741317
2026-01-08 17:00:00,32.34868289703445,52.529954212765304,1.4939979550795857,97.51674348855175,32.973176768925754
2026-01-08 18:00:00,31.78086533955447,51.308714105541654,4.899001770457879,12.990184977573737,0.0
2026-01-08 19:00:00,25.57071320661621,66.72157974271732,2.5618084972948822,76.7670562872082,0.0
2026-01-08 20:00:00,24.612463449174427,63.51312747402825,4.947882987979765,76.04712453979013,0.0
2026-01-08 21:00:00,20.65227145360134,70.73395067386642,13.700632626227211,75.07867759545606,0.0
2026-01-08 22:00:00,21.56728826781411,82.0411334670543,13.010872492041141,62.18356510726101,0.0
2026-01-08 23:00:00,16.56171204255469,70.90929375224285,3.674347773658378,75.90479803301581,0.0
2026-01-09 00:00:00,17.35502186284119,76.9305480512063,13.023976131955312,64.3048057003698,0.0
2026-01-09 01:00:00,15.59378321441481,73.98261681671404,8.282211170265363,96.89141723146834,0.0
2026-01-09 02:00:00,17.718460329688632,74.41002596307858,8.613626669941283,1.3779135773795081,0.0
2026-01-09 03:00:00,18.051379459383547,75.33135569456229,1.8051839427057381,30.619854296825345,0.0
2026-01-09 04:00:00,18.442089203360776,75.15855073667741,8.730094329360954,77.50576580825891,0.0
2026-01-09 05:00:00,19.556035757320554,67.48154036738937,12.386290454144993,86.91701596567485,0.0
2026-01-09 06:00:00,21.134376673085974,69.50800728882531,8.545503955433444,62.794414384524785,0.0
2026-01-09 07:00:00,21.1133418514912,66.51664556777176,13.409875694133737,72.29614673333069,49.700772060829586
2026-01-09 08:00:00,22.847437180052143,53.37049056843756,3.9749782391413637,49.11427601106898,146.43009800691266
2026-01-09 09:00:00,28.36013638585811,55.84730502866353,8.73913829533177,77.2453479933332,131.74274135327857
2026-01-09 10:00:00,26.68092287643043,44.77220058487838,12.203712809190652,39.356451265184646,308.12911332304145
2026-01-09 11:00:00,32.25902712149046,43.11590718727957,10.174746985696789,77.47462132320435,178.67680016639963
2026-01-09 12:00:00,32.26961020945132,49.51871241274605,2.0104579937847857,29.422633030178403,380.22331465310776
2026-01-09 13:00:00,35.76960186340009,46.64755480537159,1.1930110380806465,41.91429386404755,305.9210367082808
2026-01-09 14:00:00,32.39139316340376,39.32788423488105,5.051488257768704,4.524522514846607,406.23796001595576
2026-01-09 15:00:00,34.79902547091401,37.769102970850035,7.974445091749127,37.93551411827758,236.61206090003898
2026-01-09 16:00:00,37.50758645112058,44.85446379734869,13.678714648260497,23.01043240780357,186.27308416199358
2026-01-09 17:00:00,30.67747572064893,36.06567347116118,5.27034390050397,66.70764893857071,46.89930081033836
2026-01-09 18:00:00,29.694324388673554,52.00747063169635,0.9390036740859786,54.365868488780066,0.0
2026-01-09 19:00:00,23.508432600108517,55.01076472406275,9.116563538876697,82.276466705504,0.0
2026-01-09 20:00:00,25.886808014701632,67.02545973913445,1.3827549216483233,48.52643228776344,0.0
2026-01-09 21:00:00,20.811236097341506,63.94899198400498,10.768386615200486,87.97128556255493,0.0
2026-01-09 22:00:00,20.01590375861448,77.19050077842786,14.383147402731993,30.60554085338818,0.0
2026-01-09 23:00:00,16.569914642505026,77.81755287817963,2.39251619560064,17.206717586580712,0.0
2026-01-10 00:00:00,15.288219927247,79.21005935448753,9.932243943932122,79.68174875960906,0.0
2026-01-10 01:00:00,15.360938887580115,83.58702844944729,5.264173688698573,24.324942827963014,0.0
2026-01-10 02:00:00,12.894814875639629,80.6626195642989,11.73134006675035,18.503211304823786,0.0
2026-01-10 03:00:00,14.50256620892325,72.93329244066342,7.947479162104399,54.10577569142584,0.0
2026-01-10 04:00:00,16.406427324705447,80.06406976194188,2.3901172604873784,87.85266615605393,0.0
2026-01-10 05:00:00,16.80769799852497,87.7283380059593,10.072578853045668,88.78846563329236,0.0
2026-01-10 06:00:00,18.676346685066427,64.80785846375868,5.729603627721223,94.69287663778051,0.0
2026-01-10 07:00:00,22.66476890280211,61.0509601853455,5.109088533583931,14.793982192924249,112.98412641273868
2026-01-10 08:00:00,23.916632163963104,55.0221078441853,6.612136150297839,26.96901705914717,196.32998864372414
2026-01-10 09:00:00,24.37563245408373,48.80628646587877,9.964175029490965,74.11917440465419,152.47090972368804
2026-01-10 10:00:00,31.183105698831664,51.14257363278871,5.987364661383886,70.75170894205849,187.5331634747079
2026-01-10 11:00:00,33.872879437520425,55.00367599161796,1.0021272166587636,49.91899287482736,280.8057390150271
2026-01-10 12:00:00,33.95825521067056,43.8540412485358,8.917508659739669,98.28274422405264,107.8348002824699
2026-01-10 13:00:00,35.741408120198415,44.85438065142249,9.149077429408676,82.78973702079765,151.68398014622073
2026-01-10 14:00:00,37.35539995926848,46.427776146868915,10.20615092125785,69.29426236176674,185.16730692935872
2026-01-10 15:00:00,34.639430717359105,34.54469852879431,2.124158197534973,57.78273870224685,174.2049134101565
2026-01-10 16:00:00,33.40812737872438,44.479088820572976,14.694070042474719,59.030131812760956,121.71325285869221
2026-01-10 17:00:00,32.038149204254324,45.23964138848097,5.896500381701559,75.26719544478863,49.892379731319195
2026-01-10 18:00:00,30.78720473040759,53.71314770975866,14.607166026257213,64.85656911321335,0.0
2026-01-10 19:00:00,29.83883817847794,51.29018973488336,7.257020997320997,67.13353497899375,0.0
2026-01-10 20:00:00,24.94288318263753,59.597442286550844,8.851251118848358,8.021828787164242,0.0
2026-01-10 21:00:00,22.757729576945074,65.93600178279245,10.58556851649615,18.49865598263246,0.0
2026-01-10 22:00:00,22.348548575942225,72.52568044096606,0.5855499383406565,40.91401657024708,0.0
2026-01-10 23:00:00,16.404519598946678,76.03358448238703,2.6450312752579968,27.861459085926132,0.0
2026-01-11 00:00:00,16.93702944086059,80.51018213041716,9.545518754281991,46.21066757953963,0.0
2026-01-11 01:00:00,17.177500693116478,81.93590027547911,12.663618639464428,52.87673678127268,0.0
2026-01-11 02:00:00,13.848941632552402,77.31631648628945,1.8835213361580894,81.0366041297531,0.0
2026-01-11 03:00:00,14.114156992438685,83.70455436810353,4.373211881901935,37.62660447578728,0.0
2026-01-11 04:00:00,18.188998807579313,78.914879459134,10.448401348954011,63.69267917872207,0.0
2026-01-11 05:00:00,21.443830458561738,74.34509173135223,10.834631015765266,7.3755756021929635,0.0
2026-01-11 06:00:00,22.69610831400377,69.6023892782262,4.242926599964727,53.53330114951936,0.9733862705564353
2026-01-11 07:00:00,21.330973277180306,60.99351061437446,0.7413713175819403,0.31990793095262315,130.2830746279822
2026-01-11 08:00:00,24.073682067086693,61.97023703741882,5.888478796005306,56.10892661935439,139.25771780832815
2026-01-11 09:00:00,26.75954807746855,56.144103367588656,3.6689661008339747,65.87173361071163,168.59089472474878
2026-01-11 10:00:00,31.043501256885378,47.474933467779906,0.6791515442390894,58.95035701278074,224.2702328542034
2026-01-11 11:00:00,32.33990683911861,51.451568747011095,6.374014773959215,76.17362078769739,178.8350863525619
2026-01-11 12:00:00,31.455382182932638,28.62753439433744,8.756283842546397,45.99058200304375,304.52333440288754
2026-01-11 13:00:00,34.93101783828943,48.896894586098895,9.548311201996478,97.98682464874962,107.67246410318933
2026-01-11 14:00:00,34.97797394409793,48.017827692045806,14.155814260003364,29.337736231310664,317.1587364596888
2026-01-11 15:00:00,34.690047162943735,30.8109008540765,1.1654282200245747,68.34259560596632,147.44308928393644
2026-01-11 16:00:00,32.19631116600967,34.872395644054656,2.9766113645815535,17.045214583710578,205.08815193656073
2026-01-11 17:00:00,33.71652067261612,40.94173452776621,12.29677576893546,36.611296435724874,90.55776220102429
2026-01-11 18:00:00,32.41060309164654,49.02855914555825,8.417081080450147,96.31516653004853,1.1493468251484227
2026-01-11 19:00:00,26.30061076507598,51.08347009406111,12.12434391390169,46.32812902285129,0.0
2026-01-11 20:00:00,24.753000074325954,61.75125801822661,12.685866319010737,36.898271840553456,0.0
2026-01-11 21:00:00,25.47964508222926,60.658646481967125,12.849198034643207,30.737066153897572,0.0
2026-01-11 22:00:00,17.52553857191019,61.00012769341487,5.317455372647041,23.679967947087356,0.0
2026-01-11 23:00:00,23.46117254760406,68.52040821639514,3.502994508401851,61.04730477414044,0.0
2026-01-12 00:00:00,17.623923033113595,75.65152079262715,9.23010640069988,1.1366427023611791,0.0
2026-01-12 01:00:00,18.99156458502909,87.54028145308162,9.92360539169859,58.780637362270774,0.0
2026-01-12 02:00:00,13.550884481552805,74.2332438462771,9.766631799311352,50.18673334175306,0.0
2026-01-12 03:00:00,16.98168676574857,85.3334872033796,9.49811187889774,20.041866829758447,0.0
2026-01-12 04:00:00,16.686910012097584,73.26242214281976,0.8557928431566864,84.64172454635394,0.0
2026-01-12 05:00:00,18.762540791385536,76.01306449329662,14.533248446014518,25.419221130471758,0.0
2026-01-12 06:00:00,17.98793195694563,76.94995885493344,10.496756501557005,82.67413354827873,0.0
2026-01-12 07:00:00,23.282980892849682,63.594997154310185,10.10698219243757,16.376339716415522,112.05335426814432
2026-01-12 08:00:00,26.559321084253426,61.24211102791001,8.158096101498067,12.510570583804427,217.201665282446
2026-01-12 09:00:00,29.80062530632666,56.93105155979399,1.2923657869477139,96.73716797217415,80.98959569443207
2026-01-12 10:00:00,26.4404493915739,52.396326306871245,7.121189396152944,45.8395510136804,278.6044626659646
2026-01-12 11:00:00,32.159210286465054,44.432945885730646,9.581951985708136,31.930258623821327,351.62492706913184
2026-01-12 12:00:00,30.439718840895615,45.66548364474281,9.41375296242186,47.540957831389186,303.95266572057994
2026-01-12 13:00:00,35.300916429527014,50.80735202846388,10.11744071530537,57.58901171910984,248.83650521216907
2026-01-12 14:00:00,35.82551601381456,41.85898567671523,2.1939189683125764,36.40250951937843,306.3220483100352
2026-01-12 15:00:00,33.96934672009831,40.838072136012364,9.888306267415794,38.80621301554281,231.00263145270446
2026-01-12 16:00:00,32.63525731763915,45.63546356642743,11.65279608588387,6.944582893392237,224.445390430776
2026-01-12 17:00:00,33.08227053307229,41.27246323830824,1.2464202686336985,6.859931152815313,120.88375243988015
2026-01-12 18:00:00,28.35511503238024,48.56827996406695,4.142716284173192,72.03388570656031,0.0
2026-01-12 19:00:00,22.090924825324254,57.17873474080093,4.759947825074059,57.180438739650675,0.0
2026-01-12 20:00:00,23.980810549354043,65.42930855470232,1.338301969515157,80.15061036628434,0.0
2026-01-12 21:00:00,23.074957825341194,68.09740983436517,11.351414737945001,92.7384964512639,0.0
2026-01-12 22:00:00,17.598000067253764,72.5272124751729,7.798691856884974,83.31372371562891,0.0
2026-01-12 23:00:00,18.172658040295495,70.60749334092691,11.423554787139647,0.5078056867634739,0.0
2026-01-13 00:00:00,16.86821972096455,75.42417619148405,5.43853954316691,77.1826413825952,0.0
2026-01-13 01:00:00,15.768290663838183,75.26790203757473,9.703040357120823,4.388267413971936,0.0
2026-01-13 02:00:00,15.992476024434948,85.21410946422824,2.774432390255543,20.879677892198035,0.0
2026-01-13 03:00:00,11.374993285873343,91.60894246428825,1.8825807083927881,34.865960184935304,0.0
2026-01-13 04:00:00,14.266565595066488,93.10330099184279,12.897388604165123,39.998558759070114,0.0
2026-01-13 05:00:00,18.68575624051472,81.0458391099797,7.3823541390001495,64.54203097998634,0.0
2026-01-13 06:00:00,21.68905560207327,66.85689809691935,14.542655475576726,86.94585636048366,0.0
2026-01-13 07:00:00,21.654417598531253,72.22944829248809,7.486780947945332,22.193804757288728,116.15855342578799
2026-01-13 08:00:00,26.200498021136408,64.08347969783105,6.598769750928469,97.90884318091601,54.94825661320702
2026-01-13 09:00:00,26.52016235285569,57.06042687046851,9.205985547969444,7.733970197644934,337.8319986782403
2026-01-13 10:00:00,31.64345051228817,54.78615009992282,14.394349914150572,92.15764078883069,105.3767838755694
2026-01-13 11:00:00,33.738214754233155,48.591282393208374,5.546199015138058,30.003405827382647,357.00556075222255
2026-01-13 12:00:00,32.30429835610898,39.8882552433591,0.30714637903415665,71.53352347367594,201.10366739669857
2026-01-13 13:00:00,34.68198720205769,41.58968438423553,9.297530781116821,41.922117824051995,297.94632367818923
2026-01-13 14:00:00,36.02294825320538,42.26585424028267,7.869853897783693,46.01256148970055,257.85030263030063
2026-01-13 15:00:00,36.625291877749525,33.95105825049585,7.955373053788697,41.924906609198146,223.6910363256946
2026-01-13 16:00:00,37.417792551373154,41.62448943875662,4.871565684054234,89.99321695753555,65.14092203960432
2026-01-13 17:00:00,27.762777219700947,42.95457218574349,7.3379789925117604,73.18966620507113,55.75553559103572
2026-01-13 18:00:00,25.150909703817653,58.22349253928538,14.874534292905672,16.85896338467785,0.0
2026-01-13 19:00:00,26.90185697624135,64.06013937449639,3.923973224521137,68.61982819695154,0.0
2026-01-13 20:00:00,23.921592178652247,53.81521812930687,12.991401379568938,82.17482675720848,0.0
2026-01-13 21:00:00,19.639220333251934,63.90303413630763,6.3675912221521855,55.045886212216345,0.0
2026-01-13 22:00:00,16.05438697774523,76.6175264284402,6.452400576796108,52.57569034276018,0.0
2026-01-13 23:00:00,19.17134224901608,76.74803300854202,4.925835909685739,61.31379736966248,0.0
2026-01-14 00:00:00,13.942353112329393,72.59323342287686,4.009145882363724,96.2977042723646,0.0
2026-01-14 01:00:00,15.341486566934766,79.86719277121115,7.82587735831952,8.61785047314677,0.0
2026-01-14 02:00:00,12.265969641296644,72.14976230483546,3.8750262979152934,73.74444858008526,0.0
2026-01-14 03:00:00,18.174807387221918,85.7692759748136,11.81615113110934,16.221786062519183,0.0
2026-01-14 04:00:00,15.593593611612835,82.63634596398362,8.894663535491954,45.086614357194456,0.0
2026-01-14 05:00:00,19.382628137700276,76.41489882847509,9.366258707550644,53.635229131582285,0.0
2026-01-14 06:00:00,22.009531961780795,66.35182073192692,4.253758474153279,47.42529617921877,4.537912707663146
2026-01-14 07:00:00,20.36113827228635,59.79566394352739,3.110303772687923,8.892269758483984,119.81148811930181
2026-01-14 08:00:00,22.795187182895923,61.58766853422706,6.4336005243372565,88.529428764458,72.29147052698457
2026-01-14 09:00:00,24.597166581979813,58.631722291734185,6.307532425585543,91.8171012184181,101.97811514331245
2026-01-14 10:00:00,32.01182103110226,57.152106362800026,2.5395925786152707,84.19056390269142,140.9788488114037
2026-01-14 11:00:00,31.75500347600461,44.05870512994857,11.868410091203975,54.87937810721092,265.65315405500684
2026-01-14 12:00:00,30.454167530250935,33.421346745992494,5.526311874920665,1.8219310807006117,487.17612128659255
2026-01-14 13:00:00,37.5425991346264,46.69466717471142,10.270185575572716,27.219877804097926,360.1735214469401
2026-01-14 14:00:00,33.19205834866719,41.84916255913789,5.8740583353559535,53.350104293844524,241.829778757152
2026-01-14 15:00:00,33.67313908914369,40.94831535299496,3.478569530548414,63.77878061237037,175.2441307192061
2026-01-14 16:00:00,34.103519327564406,42.58330357857406,4.091403628643794,53.28380629233864,143.23894042255637
2026-01-14 17:00:00,33.13812758323308,41.9420656308026,8.9844724898436,35.95397764087818,87.6043953620112
2026-01-14 18:00:00,29.353936142041004,54.85465537469351,5.298910715510099,13.330220059907983,0.0
2026-01-14 19:00:00,29.89274987969957,52.153603104112086,14.154979264048599,35.469222551454585,0.0
2026-01-14 20:00:00,25.231895439193664,54.23971203733472,11.416445422567408,67.03420367606702,0.0
2026-01-14 21:00:00,23.886441994107432,65.20526279059463,12.11567992360726,12.73227806519025,0.0
2026-01-14 22:00:00,19.50901388229442,71.02006219152959,8.885378903002463,71.53128690693859,0.0
2026-01-14 23:00:00,14.94722016435484,69.1817206272874,10.206404992664988,75.35377011700578,0.0
2026-01-15 00:00:00,14.689023495684967,74.58947514579043,2.1885254395943,93.72185933266691,0.0
2026-01-15 01:00:00,13.420293424820404,78.38313206595711,5.535209667628619,63.28699627888054,0.0
2026-01-15 02:00:00,13.50168651603659,73.57795990086858,10.612701382503957,1.4435020216846506,0.0
2026-01-15 03:00:00,17.12583406801933,88.77198244067434,11.792318329217355,79.11367546272012,0.0
2026-01-15 04:00:00,17.422172437295607,69.57046921547148,5.762869280703304,2.4816971068479687,0.0
2026-01-15 05:00:00,17.183027005132683,72.39255978092983,9.25105124818702,97.13658960943874,0.0
2026-01-15 06:00:00,18.90190000389884,71.79998226726555,5.762959762421809,86.96061591591385,0.0
2026-01-15 07:00:00,16.80482747007548,60.64221134126258,3.7185225759351463,77.23555992148844,58.6847317588813
2026-01-15 08:00:00,26.802971089877232,55.36027756075329,7.627455755868365,27.502166493987488,204.23677113969035
2026-01-15 09:00:00,28.678400929422683,48.63426105307058,14.229076116854307,22.97119071291417,288.1992728685382
2026-01-15 10:00:00,30.804189293189346,54.90075901568255,13.60659692525459,10.373345275569134,385.515807943753
2026-01-15 11:00:00,32.39328138294979,45.56081369962223,6.042236755768128,34.80710618155495,343.61783017488784
2026-01-15 12:00:00,33.12076823650323,44.02295207613372,5.431098299972145,27.52802236298293,372.3622502728216
2026-01-15 13:00:00,33.4020422250115,35.68605916137621,7.2677575249311355,91.00746248158693,141.9925585950738
2026-01-15 14:00:00,33.01398170056884,33.10582061312637,3.618682159330038,39.49931674409742,279.1490422449222
2026-01-15 15:00:00,37.551618191312436,37.05456543033488,14.204626338988337,71.30125066896889,152.0899754898111
2026-01-15 16:00:00,32.469475711439976,36.978469088591865,12.155777049621502,47.09858779603449,154.1530602034786
2026-01-15 17:00:00,30.12267395930959,44.909072732897116,14.486056502099032,37.62292365181552,89.02501057606365
2026-01-15 18:00:00,31.125594921767107,51.664175308664674,8.429915619373526,46.495362102641316,6.166058122037852
2026-01-15 19:00:00,27.867185997272262,52.972020721463004,11.545238218489192,81.73331643612723,0.0
2026-01-15 20:00:00,27.104923956234277,58.82444625621578,10.75797249891221,6.7054418492909935,0.0
2026-01-15 21:00:00,18.73314023112865,68.1564591486744,12.415740420650708,74.23792493504322,0.0
2026-01-15 22:00:00,16.609805977915745,73.70024698124702,1.410839875642974,2.3025435781877768,0.0
2026-01-15 23:00:00,14.770900071629626,78.49220483142066,12.339272873796899,70.41482517731916,0.0
2026-01-16 00:00:00,16.810417533233878,78.57666332554984,11.849943780587196,95.21516339195908,0.0
2026-01-16 01:00:00,15.659647278275457,86.09147170880392,0.20319533451802818,29.346196618698215,0.0
2026-01-16 02:00:00,15.192457569283299,76.35322061972111,5.611880976756827,9.164958329399298,0.0
2026-01-16 03:00:00,17.520354374083773,78.00515510062378,11.91862229625135,63.33708632132308,0.0
2026-01-16 04:00:00,16.545773881277047,81.42114048889752,13.295952566111499,13.568361056367761,0.0
2026-01-16 05:00:00,14.474645648595672,75.92696629417132,9.893675412641976,94.4264512337996,0.0
2026-01-16 06:00:00,19.083994408668282,74.05875527673888,4.8879068100267515,20.001719903155724,4.852309157274763
2026-01-16 07:00:00,23.076848782256498,64.440096430645,12.450356775026389,71.35085688033325,46.28116261595506
2026-01-16 08:00:00,26.071281276922832,65.41227558685617,12.628178461014183,55.96936863032751,142.9899178385593
2026-01-16 09:00:00,28.32855788430343,50.453873278505135,6.271408706390074,43.50515795011537,222.54413696931843
2026-01-16 10:00:00,32.46003104597299,47.96235532702796,0.986472338453736,60.16181155785931,211.4718868183559
2026-01-16 11:00:00,35.952265427328506,47.92795583211362,5.226494512390975,97.369198234267,103.8083552304828
2026-01-16 12:00:00,39.89248446321468,41.14859187665717,6.416086627075524,37.74476340268498,328.3286005811137
2026-01-16 13:00:00,30.455881133593465,43.64472338161466,8.014574036887911,68.41941620913032,204.81610532387901
2026-01-16 14:00:00,31.644036482767202,40.0675835263069,10.530554831219591,76.83487239644947,165.9630700453655
2026-01-16 15:00:00,34.322440758669615,42.8326657983942,5.965558385378636,11.566651399701245,315.915850334879
2026-01-16 16:00:00,32.81187980348581,46.04757437885931,8.388668507399158,58.49817406322837,118.71728039389373
2026-01-16 17:00:00,33.277417809848316,43.17781225075241,4.631266796713901,22.26964423906145,91.34142378984993
2026-01-16 18:00:00,33.389300283202815,57.16529997235117,3.5080094906535613,7.03896003927812,0.577535241488373
2026-01-16 19:00:00,26.782156954555575,59.16553501041456,12.376848923820704,37.39303063447809,0.0
2026-01-16 20:00:00,25.82098677387965,61.832299984139354,1.702447164632746,13.962669364495927,0.0
2026-01-16 21:00:00,25.158930042202968,64.07727916494443,6.443095255663412,29.00788844221137,0.0
2026-01-16 22:00:00,22.945432278866253,63.89579014697735,6.152663628091743,99.21134422131983,0.0
2026-01-16 23:00:00,13.743543491429044,71.36316020384336,7.5817742015933405,63.29038283478645,0.0
2026-01-17 00:00:00,16.06203893180531,77.64687251149465,12.640049951090386,63.8973985669302,0.0
2026-01-17 01:00:00,13.877963207879615,86.53284078642383,5.405145693933932,84.36747431690537,0.0
2026-01-17 02:00:00,15.323637857977214,79.37014315391814,11.905759171491132,83.36531710711664,0.0
2026-01-17 03:00:00,15.618917578143003,83.02218698163145,7.870874155944989,36.23733328973435,0.0
2026-01-17 04:00:00,18.65187581302174,72.91142001228957,9.465868510683233,31.42302173643309,0.0
2026-01-17 05:00:00,15.793969842722385,78.82703906874924,4.457736709475621,57.89931410768664,0.0
2026-01-17 06:00:00,19.005243486884574,70.74893232085294,6.358867532100763,46.78205564340223,0.0
2026-01-17 07:00:00,19.973084994899338,61.2510166739032,3.5883878996437018,69.80393844206293,60.34923976883964
2026-01-17 08:00:00,19.939387599568228,69.60128484445552,7.738968382740553,70.83551984352496,106.63225815499065
2026-01-17 09:00:00,24.318178223601905,55.0356570339682,4.535319556756409,94.04275972704546,85.54623727729104
2026-01-17 10:00:00,28.121720574820124,54.41483659463823,7.691698524224035,12.65129606658978,385.6656082125978
2026-01-17 11:00:00,29.10092535851498,39.89618835960126,1.3885883708736657,39.18128763641533,326.90535935565885
2026-01-17 12:00:00,33.95551551384464,45.560413242752176,5.791769015222695,88.65676812580003,127.70682046560151
2026-01-17 13:00:00,34.55110761519466,44.45155031705007,1.5687366545970378,54.87483909617126,262.9748292154014
2026-01-17 14:00:00,35.29090078176723,44.511968245665315,3.0432241102559177,73.92912990047866,169.95847014008066
2026-01-17 15:00:00,34.10386183500836,39.6679855395345,6.744460974809779,78.4393998199423,122.89426668210074
2026-01-17 16:00:00,34.31663412144871,37.832148309454325,6.752746641041493,50.346445123979635,142.23827859310396
2026-01-17 17:00:00,34.610235634078215,47.376853895743466,6.8144391573362615,34.93774410601601,95.39963790225463
2026-01-17 18:00:00,29.322252092925712,46.71810772532471,6.011004187570789,34.53926968692432,0.0
2026-01-17 19:00:00,29.442089067235052,59.92768434032405,8.220596055533345,27.81083847840756,0.0
2026-01-17 20:00:00,23.679970189476794,58.24913665446193,10.031795858974878,22.10184197955768,0.0
2026-01-17 21:00:00,22.102998024977552,70.66917611415778,14.314629756359587,28.284118641411283,0.0
2026-01-17 22:00:00,21.616782133513894,67.9160985254711,6.322055140471284,74.91339852987109,0.0
2026-01-17 23:00:00,16.413126910491737,72.61634441244041,2.8476173081302676,8.843885223448755,0.0
2026-01-18 00:00:00,15.154464768051975,79.321973636862,1.1671014488512625,82.34630676617391,0.0
2026-01-18 01:00:00,17.366398670294917,86.52188510713898,7.863683370114309,58.07066402114649,0.0
2026-01-18 02:00:00,13.55395071330981,78.42162165249859,5.242947052605482,81.26823739238444,0.0
2026-01-18 03:00:00,11.929939743352133,73.37376237886866,14.384812242270003,18.535629032422797,0.0
2026-01-18 04:00:00,17.02822774065925,76.09041952860319,14.075119958143373,66.15952802369098,0.0
2026-01-18 05:00:00,18.01544019686023,64.76605488501139,1.6019537822513985,91.26545461832258,0.0
2026-01-18 06:00:00,20.077892127734536,76.14117854493198,5.95161912508319,3.2085386658619486,2.808259026877474
2026-01-18 07:00:00,20.48036698335935,73.23072192239613,14.468291703897323,85.57478011759346,42.13009973944639
2026-01-18 08:00:00,26.561797161679678,52.63848708927746,14.450540844114022,67.42517032092385,117.99587040428028
2026-01-18 09:00:00,31.001997865455973,52.562208189155804,2.3440007647940297,25.75711436268111,274.5846342818407
2026-01-18 10:00:00,30.981129438250353,54.305680135142836,6.007140863023687,83.94753000559002,146.02831135413305
2026-01-18 11:00:00,28.220685827215192,49.112158029849226,0.16304562617676543,6.53498024545669,451.29160101066134
2026-01-18 12:00:00,30.594988655389617,46.407480658379306,2.169506824506269,32.990352265303414,354.4784304426243
2026-01-18 13:00:00,32.635615151821554,45.64183252695389,10.568893991480834,80.64949593904078,166.59737354566875
2026-01-18 14:00:00,34.718466308793026,38.3767571739842,5.657843073013017,96.36946502240448,91.87858160313323
2026-01-18 15:00:00,34.91843196528486,34.79332618888525,13.639516682456529,14.298068082703718,295.57885830790946
2026-01-18 16:00:00,32.98081725159144,42.6324781021162,12.515855730279348,4.653149008990509,223.70078761766712
2026-01-18 17:00:00,29.094357454976965,39.66117019968999,12.19232710104839,84.07165454902756,40.1564640082261
2026-01-18 18:00:00,28.503407796592885,49.979743854800844,13.762772925837533,82.66918947216922,0.0
2026-01-18 19:00:00,29.02251916802043,52.3644271387604,3.120097713268206,96.21979134381934,0.0
2026-01-18 20:00:00,23.93632099324049,58.69034043256872,2.4717588159377257,39.225280896106895,0.0
2026-01-18 21:00:00,20.95334036651183,70.67071049455834,14.624546312063066,14.60662622114306,0.0
2026-01-18 22:00:00,20.74532344831316,67.8857944075715,0.7542593686695154,82.17474040466911,0.0
2026-01-18 23:00:00,20.88168430835053,69.60556687155054,12.118038620677932,98.35407090895188,0.0
2026-01-19 00:00:00,17.22505419289252,76.20475208236566,0.33142248612716807,85.08408749572966,0.0
2026-01-19 01:00:00,13.270679980190202,84.03442191425978,7.305015205517481,21.169322385095114,0.0
2026-01-19 02:00:00,16.390717670081322,72.85925702455417,14.27908815725753,72.12014127318471,0.0
2026-01-19 03:00:00,15.634691934276729,81.5915653519549,2.783528191466884,84.85422903149714,0.0
2026-01-19 04:00:00,16.71705707536262,77.72771039787355,7.965897133676301,26.72430137816102,0.0
2026-01-19 05:00:00,19.829708676575425,80.83102486067088,12.321828751006715,3.527084866484098,0.0
2026-01-19 06:00:00,21.74506079500702,74.92169477232994,12.094674442434034,48.51338104318027,0.318444570222987
2026-01-19 07:00:00,22.767292095782107,65.61348476664399,11.147549774006276,55.85764134791154,71.01902628001697
2026-01-19 08:00:00,28.663613819473838,63.371874427670086,8.75500286695297,73.97476455793162,97.15362828580682
2026-01-19 09:00:00,30.252534267886496,55.57944955755412,4.717220644978748,65.19586793700624,167.68991243316083
2026-01-19 10:00:00,29.069940065411288,53.44857726541509,2.1454233165021237,11.556312068177055,380.3022129126656
2026-01-19 11:00:00,31.91956788215482,51.57986063554539,2.881035483606717,0.8734669446705756,460.3820696447724
2026-01-19 12:00:00,36.91567801974204,44.15382766950994,13.768072681591008,79.0244837897646,173.06097602135597
2026-01-19 13:00:00,35.90433833121288,43.772515146846736,0.8841070574688759,15.011458956860402,403.1474793145463
2026-01-19 14:00:00,33.942157560095715,46.70119646833124,13.885155656157059,48.640427854029056,249.51755665419424
2026-01-19 15:00:00,34.15429396431065,29.417305462388125,14.144292083920236,28.15029195419968,271.2328448752787
2026-01-19 16:00:00,34.71009353671517,46.87002343420129,10.921539333135897,35.76226613719066,183.01544838544515
2026-01-19 17:00:00,31.973882630256767,47.25200348871354,14.715440585952955,87.81358772030408,43.46779616322205
2026-01-19 18:00:00,31.568100427861285,49.107124768008035,2.599696331512143,97.32697284031731,9.705981779428237
2026-01-19 19:00:00,24.51802169953858,52.30112467925551,6.05089294680069,78.35850774856469,0.0
2026-01-19 20:00:00,26.3366034248423,57.78499538192402,6.64128669242843,48.021518160637285,0.0
2026-01-19 21:00:00,21.520879284959097,66.00546839574007,9.377567432453645,10.927686954296977,0.0
2026-01-19 22:00:00,16.4100818417439,65.90896853984813,13.222758532170978,53.12486611076685,0.0
2026-01-19 23:00:00,18.31794117377631,77.84582533514397,5.782341853665121,3.972551959434012,0.0
2026-01-20 00:00:00,15.182379519042772,81.53175502000343,2.3898490546473727,32.24735493970164,0.0
2026-01-20 01:00:00,14.737585165489504,81.35888053012452,6.111047174771487,59.14240324766167,0.0
2026-01-20 02:00:00,18.719218794729535,82.82711114464193,3.9824033386231035,61.09031592260242,0.0
2026-01-20 03:00:00,15.323349411299592,81.64941244885321,9.558324251566255,93.45374718339629,0.0
2026-01-20 04:00:00,16.240227377790934,71.207086842198,3.3092294052250497,41.380689593488015,0.0
2026-01-20 05:00:00,21.62842947624064,68.21239211270577,9.00081683797848,48.3825990200883,0.0
2026-01-20 06:00:00,15.734480899804314,62.282016248767825,0.38777376379703576,21.0029264761221,0.0
2026-01-20 07:00:00,23.438556704183515,60.92826163383573,5.023744498329477,51.67201659799792,78.5603174170069
2026-01-20 08:00:00,23.480375130636002,69.199819951619,8.611163918844182,56.44869659043174,138.86434422361233
2026-01-20 09:00:00,29.155963897919065,53.90749986509634,9.604731495188505,78.48744975451159,125.30206632873116
2026-01-20 10:00:00,28.609645535483757,50.28160188412723,12.462498262123743,1.6973505802817868,422.0331427323101
2026-01-20 11:00:00,32.265367819812404,42.53584265735623,1.844816337142276,30.811606530189184,350.3907835804937
2026-01-20 12:00:00,35.38788115639249,35.20793434355526,4.004762476495953,27.69875876605853,374.2473430178659
2026-01-20 13:00:00,34.771575260584115,42.25456397463515,12.210448948583712,43.73202875693594,300.555801032686
2026-01-20 14:00:00,33.517481399740916,46.57828522164553,7.021662732629776,35.75134762174047,301.4285251946699
2026-01-20 15:00:00,37.025514201888726,47.70672876109821,7.707104404956454,29.227813736161522,258.31267915311327
2026-01-20 16:00:00,33.75220278412854,29.337424063859373,10.233241786438967,28.88544632405443,178.21650150000545
2026-01-20 17:00:00,33.82126615095164,30.665623793059066,7.350182592621662,71.71927780749085,53.76530870881974
2026-01-20 18:00:00,31.710204277018683,58.57773191884625,9.723433759484983,60.5192945003763,7.755892075549818
2026-01-20 19:00:00,25.805201799016935,50.673066423173665,14.864260622365194,10.21223853462725,0.0
2026-01-20 20:00:00,25.243011948917996,66.45655034388535,10.8879919095821,6.139392946397393,0.0
2026-01-20 21:00:00,22.10597990430093,66.00673256961448,14.708045241156576,18.650677175730358,0.0
2026-01-20 22:00:00,18.60999717537502,74.95762093635217,2.6028651184370895,26.69634925495037,0.0
2026-01-20 23:00:00,14.919304118840941,68.32711377342657,7.277118758527868,46.368546414226664,0.0
2026-01-21 00:00:00,15.658959894912794,72.77234426959079,6.419925843749489,86.22431145875547,0.0
2026-01-21 01:00:00,17.33006803047472,79.12961649626068,13.459875270833868,29.04148587490595,0.0
2026-01-21 02:00:00,13.768153972205631,76.44321678573225,1.6860735221208305,53.59453764894616,0.0
2026-01-21 03:00:00,15.313146034091472,87.02709318260564,3.3052442564329336,95.57863147917574,0.0
2026-01-21 04:00:00,15.163713187891636,71.26835036064723,4.209034700966688,23.919371024825566,0.0
2026-01-21 05:00:00,16.890156241116518,72.25687916831579,3.155595020709616,26.280381919511075,0.0
2026-01-21 06:00:00,17.638377024661985,69.28385633838386,3.800401015053645,22.615143108581837,1.3189011017363506
2026-01-21 07:00:00,24.542580142881334,68.72436703093857,3.6747642982518975,60.101228402785054,59.1457950563938
2026-01-21 08:00:00,24.955268219626035,60.679551566512906,4.725474603173799,51.497204297628485,144.15206776881354
2026-01-21 09:00:00,28.925886008957075,50.788755823943006,10.00414889835121,1.3898381522815861,342.4161563746126
2026-01-21 10:00:00,32.895532143640196,40.092843398926675,1.1426530777084531,96.16016631233872,106.79506172456654
2026-01-21 11:00:00,31.691013249754292,48.7793069285765,0.6837427582872468,43.86664567757003,297.53542200506007
2026-01-21 12:00:00,31.97405794363989,31.730354343431955,8.298766259192073,19.04225588131939,408.5207451650428
2026-01-21 13:00:00,34.52812807332795,41.416139410726636,11.8327513343138,16.132342721655235,413.78844028573786
2026-01-21 14:00:00,34.213445923676126,44.708752112841815,11.515887195038664,75.3250266570572,168.5861270324003
2026-01-21 15:00:00,34.27093305523717,38.34805772644447,12.061311307515211,87.86499585852673,107.50083427606677
2026-01-21 16:00:00,37.556719611417456,47.00042408193513,5.920062326474612,7.796797116480969,220.99527251279096
2026-01-21 17:00:00,33.703810673392205,46.967871823603055,12.615764657977541,98.28521091675456,23.979821027536182
2026-01-21 18:00:00,27.3041849572667,44.86343563188452,3.7424497123650715,23.730146691384668,0.3896748728704539
2026-01-21 19:00:00,28.204425244754795,52.56908349184163,5.322796409919609,20.285728993673967,0.0
2026-01-21 20:00:00,24.52580440099242,57.72413037911333,10.395629785246014,15.118505222212786,0.0
2026-01-21 21:00:00,22.448082174149924,61.58037306220415,11.316148408456163,70.49955263704744,0.0
2026-01-21 22:00:00,15.983815763053867,70.00349898320611,6.646166921332034,41.3944170918869,0.0
2026-01-21 23:00:00,19.519201779201712,74.82549254264359,1.0565035530531603,47.30806489093376,0.0
2026-01-22 00:00:00,17.548520996231492,80.93841932607292,5.85867770619532,51.63948454309229,0.0
2026-01-22 01:00:00,14.942120626309553,82.38970046263418,6.400369192641431,34.69524913554316,0.0
2026-01-22 02:00:00,17.82597369111196,78.0009106326181,6.382005411300596,69.5647550250394,0.0
2026-01-22 03:00:00,21.688600206529266,74.50240125495608,9.900711735996337,71.74454187871969,0.0
2026-01-22 04:00:00,15.997411907086336,78.9191813523895,8.722281230287738,12.991219838727519,0.0
2026-01-22 05:00:00,22.01254718135303,66.40274231911974,6.721358809203215,47.503162456375215,0.0
2026-01-22 06:00:00,21.03224618669124,72.64588512988442,9.398259348032965,63.29277176119158,9.876028621726531
2026-01-22 07:00:00,23.316807924809023,72.00936611466786,13.878628511392034,54.30584079139953,73.45652547946139
2026-01-22 08:00:00,27.336331894864397,60.04806991038983,3.2191780482307157,34.453495657563124,188.40421996706314
2026-01-22 09:00:00,28.736991063878975,50.71692939661497,12.693726953006749,87.90031721590537,110.29385720303002
2026-01-22 10:00:00,26.95404997264237,53.02713724386059,12.20427179247549,91.41394929451346,118.06276654906421
2026-01-22 11:00:00,32.709090436438004,35.639646881761706,6.470235806914449,35.94439720575855,334.57662096200056
2026-01-22 12:00:00,35.36078458384649,44.999411597137275,5.305405611995527,69.79203087432595,204.41345028557404
2026-01-22 13:00:00,32.69611094226619,45.05176348567588,5.774323759293776,39.214440472571646,313.8529137423133
2026-01-22 14:00:00,32.11405623020758,43.80243249087649,4.625839936924108,45.96299570984671,273.3533127862429
2026-01-22 15:00:00,34.560565164228755,30.919483566427964,9.268344073472452,95.82253835224755,77.61872804993338
2026-01-22 16:00:00,32.33679553954877,38.572448414323105,3.7664216689821512,4.159330220250313,234.33952896757538
2026-01-22 17:00:00,31.203500889140244,45.95767588010859,10.057997127576053,41.66724315650092,87.39867021185853
2026-01-22 18:00:00,33.03884942631514,56.12735547207371,9.533935943226108,76.02416241241528,1.3077076842563844
2026-01-22 19:00:00,29.480678503796767,51.61376459308645,14.584358032345126,50.26985866431096,0.0
2026-01-22 20:00:00,28.647100104375077,62.0081849074693,13.974174320290675,10.50578642964256,0.0
2026-01-22 21:00:00,21.731246433757427,60.8440139569808,14.88733351540229,95.44972876396417,0.0
2026-01-22 22:00:00,24.094607074977382,68.980762176888,2.6938309596472045,0.8679825063430568,0.0
2026-01-22 23:00:00,16.375342456323654,66.60618079821683,8.488771558529848,1.0147552884182676,0.0
2026-01-23 00:00:00,14.463786620416634,74.96225103348733,9.145265006316926,65.11821981455128,0.0
2026-01-23 01:00:00,13.365023226494767,66.1402052281671,5.407913193663365,79.34910055099536,0.0
2026-01-23 02:00:00,14.838967490066315,68.16530675628417,3.028359261002758,22.353772936999793,0.0
2026-01-23 03:00:00,13.63472416356675,84.5571574945243,6.90156829255549,28.29124708115469,0.0
2026-01-23 04:00:00,14.518762798543374,75.37717030239371,13.151189766707727,3.9549977193377384,0.0
2026-01-23 05:00:00,20.385016965953362,80.85900270370267,8.56002339954333,25.5231794334419,0.0
2026-01-23 06:00:00,18.978635890165926,69.89861154066888,4.922438670990635,10.84334314146499,1.276414177905782
2026-01-23 07:00:00,20.6338910560446,66.63546276342326,6.96848013285873,65.55713683537896,64.66524898856025
2026-01-23 08:00:00,24.53806581133899,53.513322795625584,5.953710868247983,41.00841848489768,171.8390798008442
2026-01-23 09:00:00,28.232102266619595,62.59948557184962,13.805781208658319,90.11148737197007,91.1118234969808
2026-01-23 10:00:00,28.903416243308516,53.21344753449104,13.073183416564955,11.530206942093034,394.31018061217685
2026-01-23 11:00:00,30.855095117885927,46.65367587186998,6.779581017033668,63.24048995870276,229.61197747187774
2026-01-23 12:00:00,34.60822682894532,40.71285601943032,5.40029072572617,22.809452770396387,388.2266879405715
2026-01-23 13:00:00,37.521288525075455,40.8229355525363,4.935889097088257,66.13525387360689,220.67880652946272
2026-01-23 14:00:00,35.07436111856303,40.81398347727083,12.988292030941983,18.48125712292171,342.734240792936
2026-01-23 15:00:00,34.43527386110342,41.37255025697017,10.882313211519673,28.016361145167856,262.84975920743346
2026-01-23 16:00:00,33.191550881346444,43.62479473509264,5.556258652684365,24.32404837134624,191.4468028293022
2026-01-23 17:00:00,31.91489776377445,56.61299141742218,7.7359440877338335,60.76755876091377,63.62512022548341
2026-01-23 18:00:00,28.200678364302483,53.00124986063149,6.445515623986111,44.727928498795876,3.402189865897468
2026-01-23 19:00:00,26.569378483639582,59.79809621226936,3.159461690516641,12.791203754315683,0.0
2026-01-23 20:00:00,23.1541240515395,58.931511151179805,5.635105038009569,83.47010024710404,0.0
2026-01-23 21:00:00,20.246144647131054,66.00469239425044,14.383437697304725,94.00943688381564,0.0
2026-01-23 22:00:00,19.062471854340256,63.62544970064995,4.047162896236397,57.96450807497365,0.0
2026-01-23 23:00:00,21.546276378139822,74.20553533919094,3.6222068027528964,2.3066217666248057,0.0
2026-01-24 00:00:00,15.342272684254723,80.90242268117206,8.169403079946633,22.04737454707154,0.0
2026-01-24 01:00:00,14.458282910615024,75.60821899390585,8.667573846283924,78.86051121949251,0.0
2026-01-24 02:00:00,15.759198373544276,67.40348402258846,6.790090029224668,38.8243906580066,0.0
2026-01-24 03:00:00,15.511792173103363,88.66827551636362,2.523435734390416,44.50016030173649,0.0
2026-01-24 04:00:00,17.02373501095989,78.2524882060376,4.593483718710473,18.485586487126582,0.0
2026-01-24 05:00:00,21.343827691593738,73.41375285007493,0.318501763010704,20.834313868692067,0.0
2026-01-24 06:00:00,19.846372188380165,68.68186768095005,11.699155884590336,6.9649374493724,3.1570209910258566
2026-01-24 07:00:00,23.514423396074957,69.24505161379963,2.837364565120954,99.6912183600897,32.33255235212533
2026-01-24 08:00:00,26.387679164991734,64.96576016878264,1.9022085383958354,97.37711196063123,60.93390944586906
2026-01-24 09:00:00,27.80209770768706,54.131893348764066,8.755432231855155,81.00927684944655,119.68135261139902
2026-01-24 10:00:00,31.01741889332253,48.46228824956934,6.985170876890777,15.083619038444429,372.2563202914104
2026-01-24 11:00:00,32.2345849038314,45.597773436694126,3.5635095333757443,96.93085018285691,110.05873728500677
2026-01-24 12:00:00,33.115415320623775,51.83110803191573,8.092653009362238,16.880621153470475,427.2506430612689
2026-01-24 13:00:00,35.354001119069075,37.337196825992066,0.5931865032529793,44.363440741873575,294.9651249634185
2026-01-24 14:00:00,34.46029767330135,38.35396657400279,10.451661234970357,37.54157387097061,292.04706538964433
2026-01-24 15:00:00,40.033536221940594,44.692511928734326,14.503519860800035,96.08156352374702,76.11055937888995
2026-01-24 16:00:00,32.61924927151152,46.16746082559848,2.814659135684088,88.48024850485571,80.56001947629744
2026-01-24 17:00:00,33.432958263792564,48.043808459721404,10.319921471071126,29.570954191910094,87.8184235151438
2026-01-24 18:00:00,30.331199140272112,42.989326353954326,8.433880833373982,64.02348498502171,4.824749733187401
2026-01-24 19:00:00,27.957863380229053,48.37113180420031,4.354556175648315,20.435897259828717,0.0
2026-01-24 20:00:00,24.12325224293088,68.09983398745467,13.356332163031382,50.787770435535876,0.0
2026-01-24 21:00:00,21.378650084842103,61.19564713422722,10.877008786900152,47.64402646256565,0.0
2026-01-24 22:00:00,17.790987991049278,71.94008395696382,9.84085084054069,94.78063403248308,0.0
2026-01-24 23:00:00,19.70643231569213,79.6514583157232,6.647320624570023,34.85069437922122,0.0
2026-01-25 00:00:00,16.992252083446775,80.94652078434677,13.607669701971044,48.386340818415796,0.0
2026-01-25 01:00:00,14.9914209613371,82.56473459168282,0.659679992051001,41.557838963706914,0.0
2026-01-25 02:00:00,17.707950973603033,84.85744288116176,4.1435457735027335,57.17065445652106,0.0
2026-01-25 03:00:00,18.58532359714881,80.66671866844482,8.045188558324439,60.7369753984153,0.0
2026-01-25 04:00:00,20.236827730795632,75.34900335732151,8.543104409757069,35.64265046211761,0.0
2026-01-25 05:00:00,19.985238192841962,65.32561557788286,8.508894805443859,89.15513162917584,0.0
2026-01-25 06:00:00,18.144977900481887,68.95051382584428,7.995419368735805,61.762057431038585,0.0
2026-01-25 07:00:00,22.771360417106305,72.87272803814868,1.9928720739313688,44.42542958201104,88.57769570832986
2026-01-25 08:00:00,25.39929712367589,65.52760142598945,7.419066041308066,0.4280442544156049,252.8565400682652
2026-01-25 09:00:00,28.17018578300837,46.84700237469119,3.2982967582762157,65.91322299818268,162.31568567175194
2026-01-25 10:00:00,31.352759012509953,45.78049124470964,7.350220749270103,61.77030079837964,211.71794462277214
2026-01-25 11:00:00,35.63835159149187,44.87660158053336,4.059881935558228,66.1573086500159,207.63938031640717
2026-01-25 12:00:00,33.04230221336982,36.338664555028316,10.400082610353609,14.101869756252295,437.07071877814815
2026-01-25 13:00:00,33.896590742243895,44.5272150786777,6.024263902474366,61.263484548488876,236.85197429956412
2026-01-25 14:00:00,34.47113035780347,35.11524388092413,8.472905260439296,88.20217972861471,113.58768905186666
2026-01-25 15:00:00,33.84997757045853,33.169344126181656,2.10393136825846,4.947604848843112,327.99189478756364
2026-01-25 16:00:00,32.79510798783447,51.22006694767217,0.27558872692988956,98.04033512934491,54.51722592682332
2026-01-25 17:00:00,32.02281949263622,46.03042487615794,11.705015430879772,41.55944602797742,82.32072078870222
2026-01-25 18:00:00,29.93193006378733,43.81920754821773,10.877723913076336,95.1857966756507,0.0
2026-01-25 19:00:00,29.389979306823765,45.97167850072894,7.138814216935084,95.60999362234202,0.0
2026-01-25 20:00:00,27.491766261217155,61.36502164059993,12.688397077763002,73.87013048699852,0.0
2026-01-25 21:00:00,24.737538740662625,72.22185519705161,4.49966451102682,83.69034497447733,0.0
2026-01-25 22:00:00,19.26354719578182,67.8967758747191,1.5030681632942717,13.899023074123507,0.0
2026-01-25 23:00:00,20.042609360607173,69.07671977370323,9.999052280031073,56.14347060305134,0.0
2026-01-26 00:00:00,16.832175894285506,83.64149758063887,9.435753418342829,82.13875906902197,0.0
2026-01-26 01:00:00,16.812601373709825,86.90301121681804,3.2561561581354868,99.35403913591905,0.0
2026-01-26 02:00:00,16.138254607462837,70.4073938636116,12.808097602664754,96.9426123782162,0.0
2026-01-26 03:00:00,13.286826559174719,75.42225999213349,1.4450279482424178,4.627203245044253,0.0
2026-01-26 04:00:00,17.563130850422933,69.24208516394843,4.004450605960247,51.460530552132134,0.0
2026-01-26 05:00:00,15.400047314600265,78.50757277913509,6.742337359338768,6.714551186249828,0.0
2026-01-26 06:00:00,22.694494162232548,75.57912369376042,14.352760249427547,84.57587200004963,0.6948029491771645
2026-01-26 07:00:00,19.675578798492488,52.9590263469836,0.7820983403385862,42.21565750572183,85.1399988141424
2026-01-26 08:00:00,26.04986270639279,62.01891029999638,0.7533652390399426,12.787576583350024,217.9022043393017
2026-01-26 09:00:00,27.194989030706168,51.686847104017794,8.558481687870687,70.3390370630545,154.82050680887284
2026-01-26 10:00:00,32.66222911865603,41.1814255441826,14.458385630363917,13.488237794753644,372.9326973876733
2026-01-26 11:00:00,33.075040121873876,39.39015850467562,4.124985713568417,22.93442369110523,378.25608656147756
2026-01-26 12:00:00,35.94588075319519,40.04661521628153,14.838830593666062,83.93672127468128,159.12131178180334
2026-01-26 13:00:00,34.83694843646528,33.30495030678782,5.509241624399593,0.5609910282716846,459.80374168466017
2026-01-26 14:00:00,35.96612841176374,39.082852187942315,11.127782059141971,37.21346265331809,286.8639899849264
2026-01-26 15:00:00,35.39533688882651,39.380567639980775,6.869702640279161,36.48223571544405,244.69631955888508
2026-01-26 16:00:00,31.01331633160632,37.40098671098293,2.9518967292265303,29.26678700671107,183.64317039002907
2026-01-26 17:00:00,31.19029044668604,39.32196558102161,7.829699159726146,49.64689470321216,79.00069884833727
2026-01-26 18:00:00,28.80565278582811,50.90366047207043,3.578934849759653,26.034986472816524,0.0
2026-01-26 19:00:00,29.69333731961261,61.163380360250926,3.608770574591959,6.744164102087402,0.0
2026-01-26 20:00:00,27.50211938787257,57.18911488239557,9.201924469483195,3.7125121609824174,0.0
2026-01-26 21:00:00,23.33623960999007,66.42414592050417,0.7430389592053083,27.03289072212389,0.0
2026-01-26 22:00:00,15.790212944323425,66.77060380702456,13.599225499191277,81.44711445796187,0.0
2026-01-26 23:00:00,17.041143426786626,76.58805894272189,12.018253620134457,5.508728830860409,0.0
2026-01-27 00:00:00,15.81126129772586,70.94430249508217,8.536696991997134,35.20552427077255,0.0
2026-01-27 01:00:00,17.7590262228536,78.85139858758919,14.759782117162299,34.552272710518764,0.0
2026-01-27 02:00:00,17.02424252449524,80.81451542895161,2.961432664979406,83.40415749199774,0.0
2026-01-27 03:00:00,16.85931686639996,73.15489321423769,3.4597711571297154,53.74649675508078,0.0
2026-01-27 04:00:00,18.236071928653857,80.69709362405108,12.348006158003104,34.42995293703104,0.0
2026-01-27 05:00:00,20.556970371592115,77.2741264349219,4.444243042302697,0.6839027066947723,0.0
2026-01-27 06:00:00,23.17291725711119,76.0557499206992,4.969368222992225,36.083826484100236,11.855344102030557
2026-01-27 07:00:00,22.11915612025492,72.84249496983898,5.377718976553627,46.438033144416025,89.35734519246833
2026-01-27 08:00:00,23.952769904125397,55.138713663031936,3.656064850722118,97.06905750915074,56.194058135363946
2026-01-27 09:00:00,27.462678743694042,49.298687419697714,4.70934221348611,10.75290405035786,309.43743203159704
2026-01-27 10:00:00,29.99192637017959,45.65539412792447,10.458594977011247,56.88787336360702,231.04642188154727
2026-01-27 11:00:00,31.74600791128469,43.87025301926925,4.875582346695223,41.072293039340316,317.1195921334447
2026-01-27 12:00:00,33.06633334673794,49.49671630991409,2.2716782359984267,82.29820826451748,166.94307150051935
2026-01-27 13:00:00,33.85437305859627,35.646462442163354,3.259062099676102,71.16660079790461,200.13180968715213
2026-01-27 14:00:00,33.198137581131974,31.028205492350683,7.8936357612487225,19.399303474787043,350.5242488674259
2026-01-27 15:00:00,30.858410524674092,41.54388294750817,8.878618508750959,15.734926822396433,297.89228357061495
2026-01-27 16:00:00,33.84967705342008,36.79980837094715,10.8180947988487,15.595861844417236,209.74746750020307
2026-01-27 17:00:00,30.615796856182577,49.551183189530974,9.078738748556919,42.34032491209182,81.49716238734042
2026-01-27 18:00:00,27.704782715624795,52.263123662078286,1.8841437255320463,44.578746799772276,0.9266996447018705
2026-01-27 19:00:00,27.958142975947133,59.11532806888688,10.687963115106626,96.94762929851377,0.0
2026-01-27 20:00:00,23.803684231554524,54.98244795804669,4.611007493460071,17.916181746185355,0.0
2026-01-27 21:00:00,25.41495800937313,60.38474241801968,10.002058998868637,40.08643028848653,0.0
2026-01-27 22:00:00,16.823887805609086,68.8340742922916,5.332464821744699,4.043437508461301,0.0
2026-01-27 23:00:00,16.868080098497543,80.6660057144319,8.689990096978747,7.155355122233475,0.0
2026-01-28 00:00:00,19.023479492745118,81.63798420480019,1.4835834298027395,4.900082375711989,0.0
2026-01-28 01:00:00,18.28710651492134,76.4828102759584,6.095989131504032,1.449290200354847,0.0
2026-01-28 02:00:00,11.748654556592136,78.70777077297627,1.7922620834050855,96.95936887281252,0.0
2026-01-28 03:00:00,17.310608573521378,74.8452042630132,5.791905511097214,27.58763557257764,0.0
2026-01-28 04:00:00,17.6793475590599,70.72156609571194,8.975362996215448,8.940952198891484,0.0
2026-01-28 05:00:00,17.524731628141062,82.41299789584909,6.208663201682912,48.18813680001839,0.0
2026-01-28 06:00:00,20.782830875784157,65.92266970906452,14.125739632724457,3.8705999211663067,0.6982795586330257
2026-01-28 07:00:00,22.406694608805797,67.69533208224156,2.237748032486851,12.448383135963603,116.44744577056348
2026-01-28 08:00:00,24.2920004099148,53.890404851007176,6.575635542884512,20.613702040746386,206.51332240385966
2026-01-28 09:00:00,28.99970763676449,54.15390577047572,5.028916939009761,44.39958363316485,221.39463104289786
2026-01-28 10:00:00,29.452668879282704,46.47828775109066,12.714058809245197,95.31266568244068,105.11867973764998
2026-01-28 11:00:00,32.458972790838814,42.453895509899674,9.09802972105,36.26714191143975,329.67742187097565
2026-01-28 12:00:00,33.09228955407902,28.099674076516898,8.531212821180704,57.127445323651486,252.47521468962162
2026-01-28 13:00:00,36.06751270493517,44.331491603596696,1.9020115460769016,97.72483153298045,99.60067095220492
2026-01-28 14:00:00,37.93942349465923,41.37852752455511,1.248749167947737,29.441444450978118,321.34236094278816
2026-01-28 15:00:00,36.05583210667251,34.18249722603011,1.9457523814872562,10.376410877362009,313.51334719832585
2026-01-28 16:00:00,33.282227425823855,46.39861234719996,11.178039455443649,44.31220143807493,168.71597074470805
2026-01-28 17:00:00,32.67805215352766,46.35558677441598,14.222003051343801,68.09562750072817,61.785828413009554
2026-01-28 18:00:00,31.043043162777185,47.74908221021874,7.309589312487673,6.005413301489526,0.08370749343404786
2026-01-28 19:00:00,28.136195467232124,53.970323340615,12.035269735303505,93.91958208062712,0.0
2026-01-28 20:00:00,27.599912045198774,55.25367131928076,12.24473290707463,80.1406599936991,0.0
2026-01-28 21:00:00,24.95528800682553,64.16154155139743,9.092765008183001,15.79672556023789,0.0
2026-01-28 22:00:00,20.55863547394613,63.78649064898942,4.5495091836883,98.51530735727117,0.0
2026-01-28 23:00:00,20.631223206838072,69.78628500053024,13.056309572477426,97.64610963824136,0.0
2026-01-29 00:00:00,13.701086861454401,78.93900532282304,2.441435821423238,80.99405557208311,0.0
2026-01-29 01:00:00,17.51707414393919,81.25834487057524,9.153328781265325,69.29321426265959,0.0
2026-01-29 02:00:00,14.060564145226852,75.86490250458033,7.1284406307573285,10.252175835276233,0.0
2026-01-29 03:00:00,16.42863442232014,77.72515348215306,11.940645878313001,66.75166912443385,0.0
2026-01-29 04:00:00,17.497201509238497,80.40605547910744,9.176083209168974,98.5528097309335,0.0
2026-01-29 05:00:00,17.535768940504873,70.65625476617863,14.454702555438764,71.7771219065112,0.0
2026-01-29 06:00:00,17.28343674154045,65.26338033190667,6.132426050322816,88.1895215278198,6.648948066812222
2026-01-29 07:00:00,21.94764469410184,58.45621194309162,7.581285023116649,5.389390528316518,122.23762182954692
2026-01-29 08:00:00,23.845270320536436,54.311371620478326,5.947422095750473,52.252934606937416,150.14883671912673
2026-01-29 09:00:00,26.778972741822443,56.84992090548348,13.994751157263886,22.92176437916592,281.38689890137897
2026-01-29 10:00:00,30.952736561479533,49.40144827406912,7.142275718853487,57.97349394561457,233.1157287106938
2026-01-29 11:00:00,30.10948615489546,41.07816376455171,13.17565283814877,28.888406221602736,360.7292174115565
2026-01-29 12:00:00,29.398366823789488,41.08033860037225,13.157891503240428,85.45671802991784,163.53129069741985
2026-01-29 13:00:00,38.67265156674652,38.25163548755087,9.512561519181062,74.51160987784849,184.30788142034194
2026-01-29 14:00:00,35.18482513288314,38.38095291003349,13.557565037041552,2.593741906213032,404.3470454623102
2026-01-29 15:00:00,39.53244930192916,33.31702684919425,4.622815510507028,76.62835585753069,141.5985187042234
2026-01-29 16:00:00,35.995962703064876,44.99208857699749,9.382253952011997,67.53025429794245,115.70411250814158
2026-01-29 17:00:00,28.616043982927685,53.49754227024021,9.113937295796179,89.45988634741641,38.38911163104641
2026-01-29 18:00:00,26.945715698227197,48.75468717800916,13.071353864980173,29.878249073302065,2.7682344801942755
2026-01-29 19:00:00,27.681418960376753,55.81742120093546,2.86537930044539,40.51268415668451,0.0
2026-01-29 20:00:00,24.26265638836384,66.96187576609896,12.20229021101696,81.89518993041325,0.0
2026-01-29 21:00:00,20.32441785165912,77.32874500048425,13.37865323308099,61.13458431758204,0.0
2026-01-29 22:00:00,18.827814346368207,67.83216905781286,3.407372855940054,53.03592591845538,0.0
2026-01-29 23:00:00,20.611977759357337,82.850114245948,6.4270835035731375,90.71998885090576,0.0
2026-01-30 00:00:00,17.08033910061772,77.2888664008361,12.053201535770675,25.16552203871669,0.0
2026-01-30 01:00:00,12.931054576381273,87.49603138698599,6.812246118633213,57.44761739825288,0.0
2026-01-30 02:00:00,15.388331196210173,77.33723961156774,9.52393074956066,7.32922973513872,0.0
2026-01-30 03:00:00,19.290264718610448,77.4636256322759,6.7669590344688,0.3456955830157926,0.0
2026-01-30 04:00:00,17.048959116163893,82.32563576136273,12.164117390982579,73.42935629674307,0.0
2026-01-30 05:00:00,18.297771956954143,73.8642446907474,10.342674943142537,9.174385381559336,0.0
2026-01-30 06:00:00,18.359593872156204,65.03461206137584,13.188403336367918,22.18608342215407,3.248903904516334
2026-01-30 07:00:00,25.614501336392433,74.559593473208,2.8513645719913567,88.98415333636609,31.865892279435332
2026-01-30 08:00:00,21.522432833496953,60.34916507573171,10.126899976822298,40.06722350284696,174.6373663239023
2026-01-30 09:00:00,28.33071394687424,63.97766475497736,7.358715686063102,32.28960661380863,264.59339703582157
2026-01-30 10:00:00,28.101348053922685,53.817461266641324,3.6535845446354767,8.87254935997065,389.81126296074234
2026-01-30 11:00:00,30.928420357194263,42.871588758022206,5.65941908045094,67.25072403689195,223.02436188017123
2026-01-30 12:00:00,36.86227128494411,37.79708843726176,1.409719782411563,79.98556544436141,169.2309533315869
2026-01-30 13:00:00,33.742741191862756,41.57232952657809,8.70839035534111,93.3868768656992,119.59938820362852
2026-01-30 14:00:00,32.88873171891352,37.52540812562462,14.120971686780793,14.73835138659486,372.82225437425575
2026-01-30 15:00:00,30.881977879351123,37.183791359744625,10.950221551113533,53.50874270595543,205.28921542520624
2026-01-30 16:00:00,37.79409955255863,44.92388086187577,1.335617932430917,53.7263030618252,130.91633831306626
2026-01-30 17:00:00,31.290310626219753,41.510959021126936,9.804891054858162,78.44374246533519,48.4217876969775
2026-01-30 18:00:00,28.46944928877445,48.76448492440406,11.63343625372125,78.48746920206823,0.0
2026-01-30 19:00:00,27.539692692337155,51.614683435408686,11.327130758416116,24.70853893359336,0.0
2026-01-30 20:00:00,28.46739045555684,56.83179442503964,13.89836946614968,97.37882251292558,0.0
2026-01-30 21:00:00,23.780502673207543,73.23372027051225,7.1572376861850815,63.40724516203652,0.0
2026-01-30 22:00:00,21.823785261568826,73.32753456497011,2.016312856219294,95.80979717725779,0.0
2026-01-30 23:00:00,16.05601050895271,68.92051414034836,1.7109749443924194,88.65292824774446,0.0
2026-01-31 00:00:00,18.28562192983613,70.34769185230994,1.261421688358035,58.10773162717593,0.0
2026-01-31 01:00:00,16.059551295297783,65.15753529259155,11.795166884115888,45.62275695686912,0.0
2026-01-31 02:00:00,13.998637542884833,75.06525917040007,0.10921823814639076,17.1025547425553,0.0
2026-01-31 03:00:00,18.025654628421552,75.67630732011507,0.009114936305342214,78.4505820426994,0.0
2026-01-31 04:00:00,18.73869965526896,77.40631300382692,13.519580423153448,94.48086912745221,0.0
2026-01-31 05:00:00,17.260745794682943,77.93314982060905,10.011294710384252,17.829464972044974,0.0
2026-01-31 06:00:00,18.19675148605015,73.34507837811039,9.434207709660065,67.28812653939525,2.813564071339176
2026-01-31 07:00:00,22.376750563377705,70.32411829271308,6.915942830358029,26.649357182572643,98.3616033619857
2026-01-31 08:00:00,24.998057659513883,51.66432450901596,8.75433933016953,41.35806950784999,165.8685433191923
2026-01-31 09:00:00,31.38174598144083,62.4397682605754,9.642834397152425,69.31905069449405,147.54195745155488
2026-01-31 10:00:00,26.108738760996264,44.91754461660227,3.601669315886456,82.63364425250185,143.02264845421604
2026-01-31 11:00:00,32.17539310765673,46.047449452383624,2.2413869263573205,89.27730808963472,131.09288042405646
2026-01-31 12:00:00,30.192342795902515,42.190071180660844,2.6710269875767456,49.38986915325834,294.9519148353946
2026-01-31 13:00:00,32.6601653308377,37.776503146785245,11.3168834507571,81.88045066866185,159.87609170807994
2026-01-31 14:00:00,32.284615978447505,37.56160374585059,9.024645962610801,61.9591238554029,205.6496529165151
2026-01-31 15:00:00,33.98888384427803,34.707605222872616,3.1149488025500105,37.9033365095288,245.39266487079263
2026-01-31 16:00:00,34.27119399609729,43.06521014808909,9.175406008376235,43.01367587362076,154.4319028521845
2026-01-31 17:00:00,35.32550866759763,48.86469697883923,1.9219382761182058,64.6482203725395,51.781062649503696
2026-01-31 18:00:00,30.63423850598705,39.91228120135247,12.00574450213192,45.360797677222195,0.0
2026-01-31 19:00:00,28.737083211960268,50.54335432410259,2.6731976911441766,16.27292866407174,0.0
2026-01-31 20:00:00,25.061773650488426,55.2145752840549,12.06121877751271,85.78680305463216,0.0
2026-01-31 21:00:00,22.604157388845728,59.920270942313394,9.08045725666041,70.21638636736822,0.0
2026-01-31 22:00:00,19.138495098019668,73.38750618355127,2.2794061376047474,0.2804696283388308,0.0
2026-01-31 23:00:00,15.745840502504945,76.21657670659232,8.375134505318426,78.27858481254873,0.0
2026-02-01 00:00:00,17.333104578679958,70.5489910928187,2.49375565480996,61.39838116433788,0.0
2026-02-01 01:00:00,13.480225101823063,77.1541271747142,4.497302097505834,72.78103428757254,0.0
2026-02-01 02:00:00,14.883930202198064,81.39476013181869,4.398525049204684,36.477440334028266,0.0
2026-02-01 03:00:00,16.474808721984125,71.05929208450495,1.3342459909649023,10.69354545537582,0.0
2026-02-01 04:00:00,17.119022106274645,85.47904042740863,8.631793727125508,55.04162960326974,0.0
2026-02-01 05:00:00,21.24404847496655,83.20180758595855,2.6661840446538747,27.919165359989016,0.0
2026-02-01 06:00:00,23.40752757215274,70.44413422666088,6.318726646902688,47.99550701864172,0.0
2026-02-01 07:00:00,24.60805994907146,57.18727139310151,8.851626989441181,53.396936028741116,79.43566219818302
2026-02-01 08:00:00,24.909082668425487,68.66233849951693,3.099400018549365,75.68723842940395,87.91488596748573
2026-02-01 09:00:00,25.650424403995824,51.883098124656364,0.8495799543891808,96.9679816868415,88.11410570524444
2026-02-01 10:00:00,29.64139558589057,54.99633270293322,2.7450992018968563,30.27906284795041,318.5892421190352
2026-02-01 11:00:00,33.661139657127485,48.6529689337985,5.374070098835377,22.895268764280875,386.6111240511209
2026-02-01 12:00:00,32.44621642310163,35.174895983085655,7.582840681025006,17.626260637735534,427.84806379994467
2026-02-01 13:00:00,36.61195499917963,30.259586494032966,14.006499219115238,34.35502507722911,329.2254182097023
2026-02-01 14:00:00,35.110189621319904,33.112617972356446,4.759771373723643,32.54151244971305,297.793598190048
2026-02-01 15:00:00,34.094927922936854,31.400728373721,13.54659087431638,75.71585688349984,126.26865617987832
2026-02-01 16:00:00,33.86315078527831,43.360921768292364,14.30216001018599,64.98030158276417,111.95078611882143
2026-02-01 17:00:00,27.931814759726887,48.58070554042519,5.435330169857907,94.3854386322937,35.85560818841991
2026-02-01 18:00:00,28.75235363379099,52.3409648626364,12.49256659978665,58.740443500372905,4.689394723924707
2026-02-01 19:00:00,29.358448829780247,61.39882900130439,9.586990077393649,39.55056863955778,0.0
2026-02-01 20:00:00,23.639227566984736,65.54316025304603,2.4425073130876145,47.756084827750975,0.0
2026-02-01 21:00:00,24.408215427802475,66.28254833081566,12.192988687579883,12.901044937923611,0.0
2026-02-01 22:00:00,22.20770530427717,64.28123021105105,3.289496862065207,7.679544009074791,0.0
2026-02-01 23:00:00,19.423015166036137,83.28092962035508,11.1430122377479,15.62660824031058,0.0
2026-02-02 00:00:00,15.662847028544512,77.50516955907985,3.283755444114196,66.89515998390667,0.0
2026-02-02 01:00:00,14.5011226086448,65.29330145503428,9.047946835909947,70.5824866757762,0.0
2026-02-02 02:00:00,15.65014371485712,86.05634714505888,10.38947732023475,0.8178796405973299,0.0
2026-02-02 03:00:00,15.055542965101292,76.98927772684607,9.847200503025949,56.032782347834434,0.0
2026-02-02 04:00:00,15.402802034589593,73.46142889163153,6.25777462774104,51.14613917997469,0.0
2026-02-02 05:00:00,18.95813329777171,77.30635737686796,1.3686957892958436,36.9719776298964,0.0
2026-02-02 06:00:00,19.611892256297754,73.87899136869488,7.561282021657857,58.938267315681045,0.0
2026-02-02 07:00:00,23.30662850606194,70.63965564103259,10.530364396683659,2.369670933636636,125.20720040685015
2026-02-02 08:00:00,22.021205332398434,57.871505872939935,2.4481634575410425,48.31527787510519,164.67300813370616
2026-02-02 09:00:00,30.804710020305265,58.23008203035428,4.53768458086283,31.528689422169577,248.61747688123523
2026-02-02 10:00:00,29.38372242508279,47.97252897576244,12.37595260781067,53.048922786782185,249.3442024490348
2026-02-02 11:00:00,32.55335347459336,56.69087092356304,14.499616020547249,81.41250231941974,158.72475561043413
2026-02-02 12:00:00,33.23872267040873,42.678325304970386,14.571089753388657,79.39572555624562,169.12707197094682
2026-02-02 13:00:00,33.16793699332365,32.98599077989816,1.1237929242725808,57.695121600816314,253.69463019830587
2026-02-02 14:00:00,35.0665945202574,40.53484952011545,8.947422876730034,75.52979862616296,161.19406024801825
2026-02-02 15:00:00,34.75144811415342,38.055155364537214,1.4317419431822742,65.06081383982661,164.20810015599858
2026-02-02 16:00:00,31.576117118853052,38.4780460755497,10.264734829376936,56.77356724407873,137.53193165871306
2026-02-02 17:00:00,33.55338969880237,45.17094380030122,2.002191445343268,37.24384657870491,84.75495213070599
2026-02-02 18:00:00,28.431769607408363,49.64138618082879,7.032228408984983,44.82634295199145,0.0
2026-02-02 19:00:00,26.23208722845789,49.52460933138069,8.489524378005015,27.06634627362564,0.0
2026-02-02 20:00:00,27.927488713298864,56.98653145619281,1.5799397130253934,83.26202022914732,0.0
2026-02-02 21:00:00,20.8474933620828,62.916007435244325,2.534783874794202,20.766163699690544,0.0
2026-02-02 22:00:00,20.5065309143175,77.5411430959752,9.696514028186783,49.86862025871041,0.0
2026-02-02 23:00:00,16.541543608337086,70.31842626563643,4.64860844330638,10.212311987634004,0.0
2026-02-03 00:00:00,15.562208760545696,76.80005086021428,13.64064659458768,91.42837001090427,0.0
2026-02-03 01:00:00,16.337697104141036,87.82224689215269,8.973444863117713,72.53294259193137,0.0
2026-02-03 02:00:00,17.317931612694142,79.20598370033154,7.248364184264608,16.400192565652194,0.0
2026-02-03 03:00:00,14.126671962236344,84.27343607253836,11.890415314672623,85.81882165062495,0.0
2026-02-03 04:00:00,12.133325804554051,73.60155420191947,8.66673906347595,21.67790731107254,0.0
2026-02-03 05:00:00,18.446648546363924,69.97491842143764,11.2412705229164,82.83095325424388,0.0
2026-02-03 06:00:00,20.644648746072374,70.63784266273304,4.73622624780344,81.18815955198222,0.0
2026-02-03 07:00:00,25.062876431193757,60.34923896788436,11.561588683282034,76.49761350397645,51.71622318368691
2026-02-03 08:00:00,22.453106619500634,59.36796732581579,2.9865501701992674,98.32243476461444,53.668577957509164
2026-02-03 09:00:00,24.583177718177463,50.85765909791996,3.735412817416639,20.512734127340103,300.33254526528606
2026-02-03 10:00:00,27.37200496903088,46.60115000874835,9.55452985796675,50.22263179374546,251.776774800546
2026-02-03 11:00:00,32.340828253237866,44.46508174259281,3.101126752049778,55.945111903597144,258.87367491376807
2026-02-03 12:00:00,33.84903383716647,39.27690193036485,6.61910561147722,41.19453246366955,320.458123551133
2026-02-03 13:00:00,36.206944633300935,47.68288616958639,2.601550145826879,80.76921190028374,158.20538963988406
2026-02-03 14:00:00,33.6713316698353,36.70915938168617,4.743036585542578,86.17576377652686,130.44085836913484
2026-02-03 15:00:00,35.18705927905419,52.17160720409041,9.293295092880214,22.935383672765575,274.8554958551236
2026-02-03 16:00:00,36.020018500148026,46.35507354546846,6.056297293040874,71.33952580712256,92.34392630920658
2026-02-03 17:00:00,36.767373762653065,47.243424667516926,5.005872831225699,66.91648656679163,57.41268242832441
2026-02-03 18:00:00,29.770573177157516,52.34448545845749,7.902290593583076,8.918749571431018,0.0
2026-02-03 19:00:00,25.50037016713539,45.03529680335839,6.509743797423673,42.593035117542755,0.0
2026-02-03 20:00:00,23.87759431853382,53.658064162012955,10.466764330503223,80.41664946639872,0.0
2026-02-03 21:00:00,22.059212209761768,67.8774716622887,3.758435389970173,76.54257751633307,0.0
2026-02-03 22:00:00,18.797796519603068,71.99766611985423,3.6433297112538376,28.742783298621966,0.0
2026-02-03 23:00:00,18.199382568998054,77.7249745811077,10.339795894669988,62.89101481424814,0.0
2026-02-04 00:00:00,16.504754530449482,74.35951338972852,2.4844642045044836,19.62499293849247,0.0
2026-02-04 01:00:00,15.070619532987442,75.62550420885304,3.2656065146346025,23.025979940087847,0.0
2026-02-04 02:00:00,11.042127603960703,81.50919170316104,4.777578392272882,87.77126625285979,0.0
2026-02-04 03:00:00,17.488402353903496,76.18511107805521,5.369568576221917,75.9322994540894,0.0
2026-02-04 04:00:00,17.12558628902971,77.36123679711191,11.806301952939501,23.884230227923442,0.0
2026-02-04 05:00:00,17.793394367571928,72.69474261068278,6.730692438141866,76.89454377267734,0.0
2026-02-04 06:00:00,19.73935709340019,70.594028647976,5.511041121619547,43.04060143856708,0.030630777975427168
2026-02-04 07:00:00,25.221701629188612,71.65522353736122,6.409071795634635,81.52194598935839,41.76581592190178
2026-02-04 08:00:00,28.30332243198175,66.39173630227748,12.86472318934526,63.71483920138057,124.17589157299246
2026-02-04 09:00:00,26.589288976115817,55.50347011780337,0.5649134324701532,19.294311971431178,298.12954034587426
2026-02-04 10:00:00,26.67463952298531,58.16338806418036,5.831597195734563,20.4616359667248,354.5216030539518
2026-02-04 11:00:00,27.754111423846716,43.90923481270069,6.394603133727816,20.477855330951478,393.9607549880686
2026-02-04 12:00:00,35.08217901681136,40.70518997903849,4.854153272568919,16.12737501220901,418.0695134956028
2026-02-04 13:00:00,35.544461937100074,39.418741391695114,13.679735068307393,59.21492287610749,242.67909518129852
2026-02-04 14:00:00,32.14291699619286,45.25044431531478,4.4096651837510015,60.65725254346512,211.95408066532102
2026-02-04 15:00:00,32.04456133647767,36.75205280216851,1.9337495362410106,10.87342578458993,319.35758880457473
2026-02-04 16:00:00,34.602524401836575,32.67068437603916,0.4659230291977834,50.54498067186559,138.8303489141292
2026-02-04 17:00:00,32.34195313099713,51.89893377443274,3.5399197365052357,22.124609060241205,100.12440842183419
2026-02-04 18:00:00,31.96069268863913,57.90620057970818,1.4551620517424046,90.53989328563316,0.0
2026-02-04 19:00:00,25.6584043453577,53.30594968405555,10.107121725529096,44.98288010517848,0.0
2026-02-04 20:00:00,25.663511512126224,58.44562602490596,4.148659600632451,65.94781431884206,0.0
2026-02-04 21:00:00,20.58345461849335,65.34729082228989,9.39659806180722,4.48799794567325,0.0
2026-02-04 22:00:00,22.205696267617828,71.46478240654736,12.558786716936478,79.26842294887602,0.0
2026-02-04 23:00:00,19.6225217845843,71.29038106011379,14.988488424922378,74.15401408889608,0.0
2026-02-05 00:00:00,18.168306925024044,75.68906276663624,2.490869527088674,33.47549587397643,0.0
2026-02-05 01:00:00,12.81296178478111,77.3585405627236,4.346097691737059,25.30283142471791,0.0
2026-02-05 02:00:00,14.52627732142941,78.12843957562616,3.104658425688519,76.84163166568202,0.0
2026-02-05 03:00:00,14.586972375999276,74.8803636495995,5.466204992365421,30.419674285029252,0.0
2026-02-05 04:00:00,18.409978619823562,77.52155539504037,11.657196894220462,55.530002392171006,0.0
2026-02-05 05:00:00,19.218335812158596,72.67797706938762,3.1845052671740244,93.42392350494494,0.0
2026-02-05 06:00:00,23.594253384711692,65.64878728497197,0.9296642409062961,67.39523322741327,0.0
2026-02-05 07:00:00,26.31777617506661,58.10101870185234,12.852905745044815,17.49004278633385,106.0769401895143
2026-02-05 08:00:00,24.183445003234343,55.126647351797985,13.40407822335869,87.39630461960263,82.9501079565816
2026-02-05 09:00:00,23.896443109698605,51.031361987443205,0.5062340125495257,6.024778549730447,338.66243382828395
2026-02-05 10:00:00,33.07960496856515,53.98969476424801,13.95059270816063,42.11212469799596,276.18112770161366
2026-02-05 11:00:00,33.374870912639,48.30596229982432,1.6793283172023483,83.25203159582573,157.50230135859732
2026-02-05 12:00:00,32.58476771060012,38.19031056472289,9.106240004376483,29.384202122601177,360.9515485923412
2026-02-05 13:00:00,37.65189890996249,29.756938608234773,2.4205192498998307,73.25377150021329,188.79482282343912
2026-02-05 14:00:00,35.8697152884037,39.98788891760838,0.8192876546571537,18.80182767233315,355.98168154743115
2026-02-05 15:00:00,34.5258619675611,46.775409954701225,13.936063978778732,60.516782468756944,176.21644944887575
2026-02-05 16:00:00,34.00872271919679,35.281769862270004,6.123138397708115,9.9958833555423,224.12262637589703
2026-02-05 17:00:00,34.3352809548556,47.62384884238822,14.993431010814026,27.147967581278742,95.91799917600683
2026-02-05 18:00:00,33.180891070627005,51.14947300668245,1.9291385386366815,47.77717592594356,0.0
2026-02-05 19:00:00,27.201958989148757,60.483993085144604,12.789703138883501,39.0695280097186,0.0
2026-02-05 20:00:00,28.20284695903377,61.98321463970842,13.176799603949485,45.168781011705775,0.0
2026-02-05 21:00:00,22.168227241592916,78.96675950377028,11.422944880129322,55.47273526711477,0.0
2026-02-05 22:00:00,21.851790942448854,67.55632630540251,12.714110496520606,74.9730774435373,0.0
2026-02-05 23:00:00,15.618441172565914,69.83802387409654,11.431494334138604,32.601099557933956,0.0
2026-02-06 00:00:00,19.14032219426556,85.93610780725709,4.164474752810866,74.70542252738001,0.0
2026-02-06 01:00:00,12.861076571788772,72.73887281609463,0.15716172488470015,79.33756422210179,0.0
2026-02-06 02:00:00,15.58809518447476,77.28643281709718,13.37693062731771,40.05680209063238,0.0
2026-02-06 03:00:00,11.647636899664608,72.84237787463275,6.724644613698168,96.43127032690394,0.0
2026-02-06 04:00:00,13.749919670130993,74.94952602203938,6.640006411726704,57.36388506333563,0.0
2026-02-06 05:00:00,18.156428126688173,55.9151913415037,0.2946506887942535,52.95776887208853,0.0
2026-02-06 06:00:00,19.114955515055616,61.860027769583695,2.386735475762844,16.99909701621607,0.0
2026-02-06 07:00:00,25.923116756033536,68.56566490014816,14.434576308365102,31.41625092155088,110.11372753071393
2026-02-06 08:00:00,25.530962405084235,53.242449220821214,10.308000510052663,1.3717309463672445,251.35347942223078
2026-02-06 09:00:00,25.346694942378374,56.04717091910617,7.902547305982443,58.898834213721464,180.87966817593656
2026-02-06 10:00:00,28.801185903320725,55.120960238562,4.750922621834334,49.07511380983101,262.9226654290879
2026-02-06 11:00:00,32.00305374725295,35.88630751598666,6.806132337306921,27.784521538540474,359.37129294483685
2026-02-06 12:00:00,33.17187562101648,43.17182331941335,1.710266906741713,70.52161163567433,211.9926582736451
2026-02-06 13:00:00,35.80536038345468,47.84661628874431,0.08554255836560387,61.84532187229712,229.18514057285546
2026-02-06 14:00:00,34.94932251004537,43.618761467581834,10.683202938458601,38.68341018967204,281.3898747588769
2026-02-06 15:00:00,36.43834373040613,43.342276202849604,3.1152011593093096,30.56751533252058,248.41307505903697
2026-02-06 16:00:00,32.7130623667318,35.74588125762958,11.952880202927112,22.93950577706051,194.43714972074912
2026-02-06 17:00:00,30.32840975223148,44.1868025896632,6.191316759741298,47.30067725133353,75.49031972866156
2026-02-06 18:00:00,26.780191478651993,50.59709024043384,7.818637936483087,90.37282624515026,1.8014095297007615
2026-02-06 19:00:00,29.994476258534746,54.32242118675652,1.4098488682461014,92.2800348636247,0.0
2026-02-06 20:00:00,25.890030944129332,64.70074628895196,13.728180512774157,15.499219419654885,0.0
2026-02-06 21:00:00,18.581520992308235,66.4085773888627,14.024639546611443,26.106278631549717,0.0
2026-02-06 22:00:00,18.675389637043097,68.44212389692345,3.848645643073412,69.9352632415647,0.0
2026-02-06 23:00:00,18.74784979866342,73.32386558578318,6.337093558625256,90.165259212564,0.0
2026-02-07 00:00:00,16.24687875109392,76.2194073969038,14.609268198479464,32.20597088958917,0.0
2026-02-07 01:00:00,16.014042381351636,74.13324767873539,1.650713127959364,92.42098567251857,0.0
2026-02-07 02:00:00,13.871865148332809,81.15482402838217,4.878830924877145,94.80528882182524,0.0
2026-02-07 03:00:00,17.063385300660208,86.66675604605338,2.6021954248321015,29.216402337038783,0.0
2026-02-07 04:00:00,16.590400735822943,82.16495644498383,10.127584925802978,19.150077637514805,0.0
2026-02-07 05:00:00,18.457806920760916,65.72313234728233,10.461267357304356,75.24725094357247,0.0
2026-02-07 06:00:00,21.955962348223164,69.74595380746591,9.7739743163347,12.406693877953945,0.4091864187389126
2026-02-07 07:00:00,24.84962519752818,63.16976298318337,9.58411210262066,13.199572851099218,110.6017474262184
2026-02-07 08:00:00,23.010861874566803,65.26854657201213,2.876360408631264,68.36854245301996,113.76135184507916
2026-02-07 09:00:00,27.229984652133194,55.519823738874024,3.1380728718913886,35.81128412376672,250.34730590514857
2026-02-07 10:00:00,29.088822124551402,54.28599194709406,4.832403824478767,95.57341754256595,102.42885742691209
2026-02-07 11:00:00,32.304119334102054,37.188436422940676,6.594049940661646,41.11655694199807,307.32990406089687
2026-02-07 12:00:00,32.91400414571076,44.799689519900106,0.2915473175689576,65.7214625683192,216.85233608105972
2026-02-07 13:00:00,36.23379188840268,40.26533728510748,14.874877761583406,65.95510094723134,213.32269047620332
2026-02-07 14:00:00,33.836511228552645,38.10248899437916,7.147392741313457,66.64976849406166,190.36901866775972
2026-02-07 15:00:00,34.50133987405052,38.245716523715224,3.3220387857864067,49.04731877538697,213.10104695674775
2026-02-07 16:00:00,36.10443762842879,47.196008024764275,13.801608074934785,63.30597323660344,117.25737300834949
2026-02-07 17:00:00,31.395219641584536,44.78945856717013,0.23971965961016473,17.14598105241877,117.15628681346068
2026-02-07 18:00:00,28.14934989258923,53.55218844092193,7.153125801681298,88.02756611908555,0.0
2026-02-07 19:00:00,25.476661778037585,54.377940299090405,8.00223128860559,65.18840769576657,0.0
2026-02-07 20:00:00,27.253196656035882,60.301436344115515,7.995250924269094,24.549663737431015,0.0
2026-02-07 21:00:00,22.34891282356172,70.0943388563912,14.978748355252984,57.28306289499626,0.0
2026-02-07 22:00:00,20.119332077632613,56.22922359055474,14.906227415360371,53.840330976172055,0.0
2026-02-07 23:00:00,16.567247545180248,79.82133515571246,13.399599595243503,16.311645572807944,0.0
2026-02-08 00:00:00,19.131051374525313,76.81200759974297,5.51369872747961,67.46600670958479,0.0
2026-02-08 01:00:00,17.28806315248315,87.36236575082546,8.410448463529544,19.96113064652979,0.0
2026-02-08 02:00:00,14.627612761168713,72.36491402082811,0.7001893386429486,35.92563745401514,0.0
2026-02-08 03:00:00,14.353143429276008,85.53464520315536,8.945341852040293,32.62257992529706,0.0
2026-02-08 04:00:00,15.67946385279461,80.70360419194316,8.542509130895091,48.84837061143587,0.0
2026-02-08 05:00:00,16.375272439276152,72.07189196346707,3.687597520829857,62.335606527550006,0.0
2026-02-08 06:00:00,17.617707485602818,69.31402814082568,11.475194730497725,58.17289316346063,0.0
2026-02-08 07:00:00,20.055138960830988,58.15638668648542,9.998704815533316,86.63476945599044,38.52328839211022
2026-02-08 08:00:00,24.370233873736865,61.797552235998204,6.3662190734027915,6.964801558146528,231.79578219373272
2026-02-08 09:00:00,28.97993233182742,42.820846050983484,1.2108264510202345,82.32007557123937,121.21830567470893
2026-02-08 10:00:00,29.22351626981829,55.29981280785013,8.406787006274795,42.95870881483065,279.24340871653675
2026-02-08 11:00:00,34.94148640136549,42.469566908975025,11.332351044254821,21.28365644725081,386.9455512918459
2026-02-08 12:00:00,32.98254488567162,34.70056961912528,11.870663049877193,56.5628763810068,263.48699204667065
2026-02-08 13:00:00,34.2413760472958,41.84185576572273,0.840035516502613,39.39432212652315,322.659871185923
2026-02-08 14:00:00,34.19256765159286,39.65664890677104,12.732322413897904,4.698095399209223,394.60518409232054
2026-02-08 15:00:00,32.21058138694741,41.2007295075174,3.0862338958489888,97.3294980761787,75.11288853443952
2026-02-08 16:00:00,35.438302419818626,43.779264675200366,8.096422897297034,44.015876008045204,153.16508591566102
2026-02-08 17:00:00,34.87597173562159,46.664241174612116,8.29018657430819,96.90908180532453,29.482564677444625
2026-02-08 18:00:00,31.938639173029955,43.769733494314195,4.988708654877781,90.02350297236326,0.0
2026-02-08 19:00:00,29.73402040493337,56.409943459262514,5.833426038079712,54.30118168561292,0.0
2026-02-08 20:00:00,23.83101981689409,62.319845476846176,0.39365027291213384,9.810244542049219,0.0
2026-02-08 21:00:00,21.79749526763383,61.75629966116909,4.315089992678897,80.28798766592554,0.0
2026-02-08 22:00:00,17.819757190934162,71.25231467156921,13.292903984952268,69.52290243413756,0.0
2026-02-08 23:00:00,19.412960562906093,83.15284225286348,12.559439375327589,42.18382453382365,0.0
2026-02-09 00:00:00,18.052412103550253,80.36987799007913,9.200409028212576,41.106434956774486,0.0
2026-02-09 01:00:00,12.3490528393476,81.18608112695543,6.664529480477056,78.64013319863213,0.0
2026-02-09 02:00:00,16.586855973282933,76.47659497158202,14.848619421755837,80.1513609528537,0.0
2026-02-09 03:00:00,15.90185527763238,72.52676227545052,11.239818990369837,82.48506530527698,0.0
2026-02-09 04:00:00,17.630904545254637,75.12898276383683,9.796165603620702,40.157125253504745,0.0
2026-02-09 05:00:00,16.319857868573568,72.63292249256982,10.11329828523675,57.81474738083745,0.0
2026-02-09 06:00:00,19.965207885979716,72.9841598951667,14.83729416499912,14.447201684779253,0.0
2026-02-09 07:00:00,22.249720259312653,65.60047417922033,6.825806015512669,26.537961771550624,102.87653316882775
2026-02-09 08:00:00,24.44802597112509,57.09358772264301,7.174502258542214,27.110573690506655,194.28585893856544
2026-02-09 09:00:00,26.204075924792562,54.789522551503,11.561825010236484,10.73265716227818,314.6293418465821
2026-02-09 10:00:00,29.49953246333244,58.77334808450737,9.085699609677276,69.76492598383521,191.15725853286622
2026-02-09 11:00:00,29.75300745576448,42.45564139133409,10.301560782335493,86.79236922196634,147.3605890573802
2026-02-09 12:00:00,35.36671595609571,42.17260688657998,14.518276752585754,95.21832571329676,113.48138912287887
2026-02-09 13:00:00,33.43098293083686,41.72979012971932,13.73235111901353,6.219752207063289,436.68571954914034
2026-02-09 14:00:00,34.320372327718495,31.64091922011435,1.1545993251468367,97.62511971315115,91.8938864423498
2026-02-09 15:00:00,33.74785948824918,36.826470025649755,8.92863483391427,95.65197116038394,79.10716354985993
2026-02-09 16:00:00,38.6549374931353,42.76518534831366,6.1429664764992005,39.73253197335038,156.9691340260545
2026-02-09 17:00:00,32.24698569926634,45.4455418295843,8.93462528800579,31.13800930190177,88.2335829199898
2026-02-09 18:00:00,30.233757920796904,58.58795204804269,14.598965794634765,47.31630529202221,5.252824550933893
2026-02-09 19:00:00,27.033705339841916,54.47265303820602,12.415261357437462,52.50616090275378,0.0
2026-02-09 20:00:00,26.51013878432112,65.68791688399031,9.423630722364978,67.52230753800283,0.0
2026-02-09 21:00:00,20.15038071112408,64.367742970362,2.2001394490280357,98.60825394888472,0.0
2026-02-09 22:00:00,18.870436840314994,74.87621579550073,11.358811672475351,54.63095520808088,0.0
2026-02-09 23:00:00,16.126849080720618,67.63046840514566,10.655911289258155,26.20326573988373,0.0
2026-02-10 00:00:00,17.806924929096304,81.6487950488754,7.576172870572134,97.8455277412701,0.0
2026-02-10 01:00:00,16.95833770603413,67.39026963611776,8.216555015789773,53.98521690682803,0.0
2026-02-10 02:00:00,13.99431218521869,80.91491098329622,7.625608613169063,87.4840877483136,0.0
2026-02-10 03:00:00,14.324369469658082,75.9947899805876,8.92128618895474,0.16313593973830143,0.0
2026-02-10 04:00:00,14.31571150843562,75.22800889207628,10.505385785977728,0.3085252950187356,0.0
2026-02-10 05:00:00,20.332848712264973,73.50417372787344,4.539696282329188,0.825504197047966,0.0
2026-02-10 06:00:00,18.91262684697925,72.80706950812599,9.447959970645591,3.771481601873028,0.0
2026-02-10 07:00:00,21.28194031114128,60.76655115778193,7.655903165131425,57.77261307035214,63.14517738219959
2026-02-10 08:00:00,24.948872575609588,63.11418404041874,7.496292067195974,33.76727059371181,178.73823315870857
2026-02-10 09:00:00,25.367047796252937,48.628231072037664,1.2198245539304964,3.8201093439837464,347.8261066880136
2026-02-10 10:00:00,29.0700274394301,49.90012005084408,0.7874323697652558,92.50216983699845,113.48117769137112
2026-02-10 11:00:00,32.32914834048795,46.93728083751843,1.4504317147813324,55.096371072567386,264.91083278524735
2026-02-10 12:00:00,35.94014932561586,42.76914658257178,6.332093037432943,34.776062402920246,344.8208576004791
2026-02-10 13:00:00,35.037203131704445,45.89307342765159,11.083115127937353,42.13272759932649,309.92551154472346
2026-02-10 14:00:00,38.77135192314669,38.473179134498615,11.71518621379173,49.06180251426223,251.03843591652787
2026-02-10 15:00:00,38.90344516670502,40.81150998026161,12.35444501887878,3.2654436703407397,329.1026348369061
2026-02-10 16:00:00,31.947316243221643,41.50128116141529,1.4792234476542365,16.598389135065084,211.87905010070955
2026-02-10 17:00:00,33.45236370682377,46.03164771992559,10.623027954838122,41.467430996363696,84.0320533407868
2026-02-10 18:00:00,29.28660756334771,52.20906588873992,0.1818545120217152,89.26140627346174,0.0
2026-02-10 19:00:00,26.165831405878876,46.6625542408961,7.181036388904503,22.981764607106324,0.0
2026-02-10 20:00:00,24.66673861962942,64.4166329879695,4.191876975024354,81.46976032652013,0.0
2026-02-10 21:00:00,22.578092921105092,66.63878237968856,0.5766122125312967,9.830283451018806,0.0
2026-02-10 22:00:00,22.93332277914473,68.90512065072295,3.6967109636208684,12.526537053177645,0.0
2026-02-10 23:00:00,18.34182933998569,74.23149272984705,9.131559460593445,86.03777154621017,0.0
2026-02-11 00:00:00,15.145321816605334,83.15343108306685,7.0994005380125715,10.178209580388032,0.0
2026-02-11 01:00:00,13.431361195993686,86.8439178166164,7.754536030063594,16.112023957155962,0.0
2026-02-11 02:00:00,17.413541098618598,75.68536992287046,11.215248206004144,44.79132139094535,0.0
2026-02-11 03:00:00,15.762493771763918,82.5453236004132,14.638568314423432,10.741925981094603,0.0
2026-02-11 04:00:00,15.569102528410806,76.42210983670337,9.64615120555857,11.297412868626278,0.0
2026-02-11 05:00:00,17.30837075117482,79.18971870932002,3.716887317852466,7.501001190942502,0.0
2026-02-11 06:00:00,22.243152415010847,71.52111466108097,2.4498607178050875,83.51654358089218,0.0
2026-02-11 07:00:00,20.21958639252303,64.18876279146177,7.070829823803489,31.437208524100225,97.4773177522742
2026-02-11 08:00:00,23.839112913769473,61.54279418349174,7.544039338537021,38.90985624823503,165.4864156861944
2026-02-11 09:00:00,28.62282699148106,50.966191142655425,0.3120764510240487,15.292954809989368,304.1693124485173
2026-02-11 10:00:00,25.6391352867729,53.12024366842126,14.310310594995768,27.399646193213123,338.9336900734829
2026-02-11 11:00:00,30.887673370247793,47.274162825992484,0.7161677828557683,13.682262116889987,421.5979948237883
2026-02-11 12:00:00,32.097221208663065,51.07785417606834,8.359280220138158,54.77588818559595,273.9186347458721
2026-02-11 13:00:00,34.01924469393586,37.94349036608507,10.762302638589683,28.34394335094076,359.67653791926256
2026-02-11 14:00:00,35.01881722008511,41.38043248255448,8.84078155126205,68.30311485087051,189.63542445199639
2026-02-11 15:00:00,35.117659429442654,42.476876037405354,12.369318760658185,38.232902981647044,235.4955981384537
2026-02-11 16:00:00,34.63523709819164,45.016691254517305,10.825952295648161,14.313132601921497,211.24935813317055
2026-02-11 17:00:00,32.95469330914794,44.93873640600608,6.721566907760706,27.850184740493667,98.84048756537814
2026-02-11 18:00:00,30.065030117853944,50.2987963500577,7.672200485035176,3.7244317464833476,0.0
2026-02-11 19:00:00,27.38658070648095,56.67225208586369,6.163258975531899,82.58856540697724,0.0
2026-02-11 20:00:00,22.152887982389114,69.96053703339562,12.900528427104007,7.545547960363674,0.0
2026-02-11 21:00:00,22.7692805204515,72.59808632046646,4.690926341472108,93.2329254750136,0.0
2026-02-11 22:00:00,16.896327698094964,72.34182699098692,4.906226730589456,48.40039711555014,0.0
2026-02-11 23:00:00,17.790071974136897,77.74078914606524,8.551202096821179,0.6509436630893428,0.0
2026-02-12 00:00:00,16.99250016660607,80.71537288802338,10.795000660989349,58.2389857908195,0.0
2026-02-12 01:00:00,12.71157823023722,78.96850752990345,3.8611800157037344,74.09276411479304,0.0
2026-02-12 02:00:00,16.256483444785307,82.82681926310934,0.5015842509424157,87.69541385543195,0.0
2026-02-12 03:00:00,12.320381385875525,80.26708296667802,5.564226819734366,66.52398842469172,0.0
2026-02-12 04:00:00,16.69240042407349,72.91078067774421,9.211601778400288,18.679060977967932,0.0
2026-02-12 05:00:00,18.549441599363266,79.98068815033903,10.6429868342771,40.26867194620186,0.0
2026-02-12 06:00:00,19.35270734143126,70.70055413816627,10.929546419900682,48.399373808482935,0.0
2026-02-12 07:00:00,22.258219863501115,63.832878610388796,6.518290591467725,30.24336816701205,98.64327093611338
2026-02-12 08:00:00,28.54217948262747,59.07696746694686,8.78655634995514,26.217916025499942,198.72298899828982
2026-02-12 09:00:00,26.708141396771246,50.262053484252974,3.8294759653916213,81.26988711858417,123.72437808919531
2026-02-12 10:00:00,29.217756952122865,53.21759404612008,0.773952383503051,73.12581581403201,178.24957004499245
2026-02-12 11:00:00,33.147513125584176,40.97818010419797,11.887103807422095,94.30644155790893,114.52427823166781
2026-02-12 12:00:00,33.512650228421165,45.55164919086149,0.03508227435758793,33.3784638681818,362.1345967168786
2026-02-12 13:00:00,33.658880823121166,39.63683302923814,0.7945156125936736,47.134018857442584,285.4201082309864
2026-02-12 14:00:00,33.33468910478415,34.20392500737966,12.247975146715703,28.65263967049636,324.61554209875607
2026-02-12 15:00:00,34.8345979415262,42.26274469555866,2.7481809755000515,82.49702009560743,114.88213186788086
2026-02-12 16:00:00,33.1040185980705,46.07783350817923,1.7828792519622634,30.943347166730973,177.99261274894016
2026-02-12 17:00:00,31.70230033140005,36.85614899996064,7.3533987730548285,77.88521139055479,44.71903046720148
2026-02-12 18:00:00,31.022023980488573,41.33739975085223,13.733902343772137,41.273612723542726,6.5087576814567925
2026-02-12 19:00:00,29.574199375895095,56.33684669829384,11.501355210082078,30.63364557020022,0.0
2026-02-12 20:00:00,28.335736911285103,58.176171713633174,6.290010273478213,7.130037230388919,0.0
2026-02-12 21:00:00,22.220153472298698,55.44072006978206,3.6808291675995535,59.606430502492714,0.0
2026-02-12 22:00:00,19.83188490960417,77.79579320634816,6.314237518253588,20.919294882832993,0.0
2026-02-12 23:00:00,19.528074372198336,78.33891683630345,0.4933604246038381,41.87389112469989,0.0
2026-02-13 00:00:00,12.770718106021967,82.73835560506389,10.2118619889742,49.04602266091316,0.0
2026-02-13 01:00:00,15.708879706222277,77.07271475332668,14.425097545049688,85.8167268012668,0.0
2026-02-13 02:00:00,13.772835182873793,84.79356718265815,3.6063126826417378,0.7145814340480117,0.0
2026-02-13 03:00:00,15.205744264387098,81.31815236904733,11.744937502266323,22.949515138289968,0.0
2026-02-13 04:00:00,16.042814821664194,78.19080634388604,6.08159602594469,68.14278195297607,0.0
2026-02-13 05:00:00,17.534649812835543,77.4524512178699,9.87011810044624,32.46932705615547,0.0
2026-02-13 06:00:00,21.63673135432134,73.37923876621801,1.6418232961627999,21.314257573665074,0.0
2026-02-13 07:00:00,26.574237981315623,61.484063207137375,1.8194012816904759,69.42175354157727,50.141727556765545
2026-02-13 08:00:00,26.24202937366633,57.2254967211615,10.235078238388114,85.27326114662564,78.95635757416464
2026-02-13 09:00:00,24.807692622948686,52.16743013365427,13.81042083747907,92.51263497514272,89.52345897476806
2026-02-13 10:00:00,28.663973401872557,45.133661800777574,6.567935837795483,51.6127967569262,247.25258551726722
2026-02-13 11:00:00,33.27655981214086,41.82609643337176,12.978478233006609,23.15540095191765,382.5098228599536
2026-02-13 12:00:00,33.53891522670504,38.207256495003946,10.910742473038876,77.1239158329147,176.81178578445898
2026-02-13 13:00:00,35.058688415168106,43.66670435415719,5.821794184189088,41.207183827790836,309.0167578978871
2026-02-13 14:00:00,35.66167799423574,38.86008330577239,4.12473228231859,96.03068340920487,96.26629185547455
2026-02-13 15:00:00,38.066028327700096,47.84578619065496,14.241859332545944,73.69984015551715,137.9902835783771
2026-02-13 16:00:00,32.71986019317124,39.13463350336073,2.4683855064072144,11.982248220074855,222.3381360466651
2026-02-13 17:00:00,33.662155108236924,44.46935146259655,3.5638143946490954,36.294362413244286,87.49210562052733
2026-02-13 18:00:00,27.54461770948296,56.24715312990444,13.516376627578495,8.016915739337149,2.7838659139328152
2026-02-13 19:00:00,27.62358449872602,48.26986508818943,10.172390911104692,82.63437234221834,0.0
2026-02-13 20:00:00,22.228750853929384,69.14410204553204,6.276477102832544,0.03935018991175765,0.0
2026-02-13 21:00:00,25.634967457325885,57.0739580131449,1.6976043788552801,37.850065411832176,0.0
2026-02-13 22:00:00,19.72159222481897,68.40040838681257,1.9015049004775708,46.281174356417154,0.0
2026-02-13 23:00:00,16.266524847866194,66.80584795796133,14.05074843963068,35.17088250579473,0.0
2026-02-14 00:00:00,19.794311475143157,80.54747733676076,4.180931521479627,52.51233881593505,0.0
2026-02-14 01:00:00,17.118402834318704,82.34914578054592,10.389345120377142,32.380347589897085,0.0
2026-02-14 02:00:00,12.711958001138846,77.89352247448501,0.2912403095338051,60.39190573912177,0.0
2026-02-14 03:00:00,17.532594423820797,78.1965728500696,5.568256745825874,83.5008710032071,0.0
2026-02-14 04:00:00,17.325200898081114,67.90585763952463,12.99366710677582,47.48031721909264,0.0
2026-02-14 05:00:00,18.532824598820312,79.60111117461949,4.068003520965935,53.86164330188008,0.0
2026-02-14 06:00:00,17.06948810397331,76.40741109605925,12.723236622540943,8.952747916040904,0.0
2026-02-14 07:00:00,20.298887643316505,69.44946380581894,1.1662216708878455,24.762575334899783,108.20198477261948
2026-02-14 08:00:00,24.869971360595652,57.21115476527596,13.889843474412066,68.70275375510366,117.90573806038265
2026-02-14 09:00:00,30.612731155596148,56.05093817679163,0.47327504800109443,16.845707878862004,299.8337200407448
2026-02-14 10:00:00,30.85736140490767,51.50835262980476,4.640029044837384,59.69895839447028,224.27753495957586
2026-02-14 11:00:00,30.161199373248962,37.37898986131601,5.728659696565009,88.61616531329189,141.19153769297716
2026-02-14 12:00:00,32.71033393495687,42.62722889497903,10.10793278148259,75.62093437642704,191.1880868280448
2026-02-14 13:00:00,34.392462667263345,36.703979711547134,0.37580465803050855,96.29760117669575,111.19398149074826
2026-02-14 14:00:00,32.54920029769417,43.551134247930506,3.4107692996570083,88.7402103354762,128.52646146908668
2026-02-14 15:00:00,34.31759080801799,33.211241761175664,10.322799285907443,16.221010610576958,296.6882894196864
2026-02-14 16:00:00,35.430668373483854,39.107154379706564,1.1450304723634912,57.87498297549455,129.56000814015238
2026-02-14 17:00:00,35.249791337487544,45.19794901358807,3.1117835898214548,46.65230086748079,67.5073142902594
2026-02-14 18:00:00,29.475585330995173,50.14360571813253,4.226229691124146,32.458879267066344,0.0
2026-02-14 19:00:00,27.391333494678513,51.161105886759934,3.5395195992111974,34.21880227791354,0.0
2026-02-14 20:00:00,24.255644319636655,54.82170292381277,7.080237052476352,42.43290774975764,0.0
2026-02-14 21:00:00,23.11316181828168,66.86478999807203,1.0910220093527485,77.33932320612885,0.0
2026-02-14 22:00:00,17.51628471428626,70.76612127513134,14.670046056404962,48.58010833402175,0.0
2026-02-14 23:00:00,18.157687358546397,78.39648620803683,11.18820512525767,53.448733447064434,0.0
2026-02-15 00:00:00,13.948496466814152,74.02664566174272,13.557237467690475,9.260629477283933,0.0
2026-02-15 01:00:00,14.088581334269914,78.95647339972044,7.7128561308035755,93.7459492396665,0.0
2026-02-15 02:00:00,17.048016711482425,85.36353315927552,4.608541841979748,89.80739432812655,0.0
2026-02-15 03:00:00,13.329293458854426,81.94474656498976,4.865101379000006,61.477827902938174,0.0
2026-02-15 04:00:00,16.504772823496776,69.00653222390949,13.061739478171116,23.46298389582713,0.0
2026-02-15 05:00:00,16.995004800801436,69.39151632037742,13.673661832025825,74.48953455004391,0.0
2026-02-15 06:00:00,19.549719446095306,74.50328109176043,1.7531708283314873,31.64972468867845,0.0
2026-02-15 07:00:00,23.619374462116895,64.15661268439622,3.47536597095653,26.820472877090317,97.99426548020608
2026-02-15 08:00:00,29.570648363006697,58.11173587188523,2.8867860024421725,27.77456056190034,190.92761747512736
2026-02-15 09:00:00,23.7147740739903,58.064229746231305,6.629561747073035,87.92967792810786,112.49705196108519
2026-02-15 10:00:00,29.64289632641473,48.79626514246045,12.633164169972648,82.5171637087873,146.10932351175364
2026-02-15 11:00:00,33.05076773679444,44.99158081862863,9.776839954151805,7.0322976643513275,439.68865398384827
2026-02-15 12:00:00,35.18021085765618,42.9433164798903,7.647367361833104,62.312634456423346,244.628616208722
2026-02-15 13:00:00,35.31566035627815,44.01810141401292,11.970275548175644,76.61483919125888,180.35905218596633
2026-02-15 14:00:00,35.29691025790606,47.21130564186109,0.33926577620026044,65.62821085256526,198.83549112784445
2026-02-15 15:00:00,34.482581701569956,42.410409850636924,1.3631888077487586,63.89600890737209,167.9338935637609
2026-02-15 16:00:00,35.55129245360762,40.54996157863701,13.152038811840558,55.74383551426985,136.76426808909818
2026-02-15 17:00:00,30.947333645827367,46.613191413441605,12.709003139628583,99.76623677524866,25.52705476463394
2026-02-15 18:00:00,29.057927587257236,44.729571037581245,14.851978014726688,12.71601864804146,12.100296386465068
2026-02-15 19:00:00,27.065051275143777,53.44850749610968,8.302644627760426,43.75278307974545,0.0
2026-02-15 20:00:00,26.331587561488735,48.82704170564003,10.345195336018982,26.312620013547615,0.0
2026-02-15 21:00:00,22.652427032827738,59.900652372410676,4.874100678715267,72.18253239979741,0.0
2026-02-15 22:00:00,18.96124240684983,75.71550590368813,7.42239286747658,37.73282993893318,0.0
2026-02-15 23:00:00,18.86792445497261,77.38827193288063,0.12200541923718222,65.58406259207369,0.0
2026-02-16 00:00:00,14.03913439589102,72.01123652094748,1.4927444169399995,92.51150735502858,0.0
2026-02-16 01:00:00,12.26819473214031,79.42618090010727,5.194127444244334,40.09734176014204,0.0
2026-02-16 02:00:00,16.83378369241115,85.2577886786028,1.0597162096519437,26.33350104592673,0.0
2026-02-16 03:00:00,15.970849787906511,86.53365766913376,0.855378728304112,75.51327251001136,0.0
2026-02-16 04:00:00,14.280590928493295,82.89293511148622,13.411033071899896,80.17134543739375,0.0
2026-02-16 05:00:00,16.00252166711066,78.04086319139826,5.753986788106278,75.19635628212755,0.0
2026-02-16 06:00:00,22.054059573788617,65.0460233136185,13.530694818159489,17.562677560496343,0.0
2026-02-16 07:00:00,21.056177739977954,65.72914653495528,5.173998715371837,60.83635972714735,68.49609258498428
2026-02-16 08:00:00,23.649169808909672,57.41582322368865,12.82561821686635,70.77884236948499,104.10349685980556
2026-02-16 09:00:00,25.730919004987204,50.410554264696664,14.74950604558138,5.775878864677519,335.2421307383147
2026-02-16 10:00:00,28.907895075125282,57.48327342446377,5.746015393233017,66.54646959852262,194.91339614021533
2026-02-16 11:00:00,30.858365329522982,46.22051839920829,10.853380265210559,46.95650832951389,296.50252771855764
2026-02-16 12:00:00,31.9802750860175,42.88799024887771,10.261796940559824,94.91938416779985,118.2364329570347
2026-02-16 13:00:00,34.28211782849878,41.270966141472854,6.7983723403641,84.72956542351045,150.29458637410144
2026-02-16 14:00:00,37.292551671066676,34.70623658573055,13.475588854092903,18.306499271550734,343.94575017836786
2026-02-16 15:00:00,30.183536846922074,45.86568997086326,5.990922308454283,64.84815223607765,164.6481574230137
2026-02-16 16:00:00,30.292320115200862,39.970033972525805,0.6433568729488931,63.07721890394762,121.52671430508707
2026-02-16 17:00:00,33.24449807923952,53.95336443589926,13.39436705222566,62.85253792463126,67.19210316059197
2026-02-16 18:00:00,33.862390371771106,58.284369229906076,5.232868829094271,93.21557453117245,0.0
2026-02-16 19:00:00,23.799978000939593,55.604967489814186,7.788665382761607,3.3015571620513384,0.0
2026-02-16 20:00:00,26.20506404664269,66.96662407687363,2.2646606749624687,9.745691644822596,0.0
2026-02-16 21:00:00,22.96738310164992,64.67082831748051,8.697073546122896,38.466446065638806,0.0
2026-02-16 22:00:00,23.548386299648225,69.51658335740369,12.757146136312764,89.3073458475227,0.0
2026-02-16 23:00:00,14.824067333567283,76.10709895859291,3.4915905625420924,13.528457468169586,0.0
2026-02-17 00:00:00,17.574358559771028,78.41714135547484,0.38515835270625354,11.216525965498636,0.0
2026-02-17 01:00:00,12.694991225599248,78.36712953725832,13.742944587820173,42.738793938883404,0.0
2026-02-17 02:00:00,16.25059317772165,70.7363284905758,3.05999610534403,23.368902218625497,0.0
2026-02-17 03:00:00,16.86917168651209,87.54847486145239,11.23635452378651,98.86519406180172,0.0
2026-02-17 04:00:00,12.340554284505897,80.54133519796757,12.26811715549165,9.289837173192684,0.0
2026-02-17 05:00:00,19.122287563679787,77.26029251906816,13.204056013132805,60.340928642710736,0.0
2026-02-17 06:00:00,19.570550660307717,67.12544790590512,9.593969913933785,38.92717787463413,0.0
2026-02-17 07:00:00,21.43422129498558,62.33504676245554,6.888845955792467,75.2997161658667,47.594843911617176
2026-02-17 08:00:00,24.95755944486605,55.18929292969108,11.082698938015469,55.96810647467346,139.78298421472093
2026-02-17 09:00:00,30.90882527974158,54.5023458465326,8.358268819114802,47.423084965200026,219.81665999536153
2026-02-17 10:00:00,29.682851496749596,46.489727546801596,1.5969642733260265,29.216744382829894,326.35095851646935
2026-02-17 11:00:00,28.480568625718423,48.25175709265238,2.3374709003597864,93.42566674384055,116.86166765626466
2026-02-17 12:00:00,32.9609041709979,41.85621810180996,0.7605733358139077,42.26090369741896,326.3773224857672
2026-02-17 13:00:00,37.80833576004538,36.998620341119526,13.965037816686658,67.69261137089464,218.18105003190783
2026-02-17 14:00:00,35.10860823819463,35.101145481811876,12.582681411798669,32.2091465095967,312.0454021191278
2026-02-17 15:00:00,34.08609485103984,36.82631697206311,10.158619243588793,30.52709699149726,266.04083195461413
2026-02-17 16:00:00,34.74225713825587,52.76615581344389,9.198014266625234,7.4118794039138685,226.26938754121423
2026-02-17 17:00:00,30.111684239336103,44.89928495460724,3.3819652881041096,51.174785234933786,79.15313507848302
2026-02-17 18:00:00,30.36220551898868,45.36995042141522,4.3280888985467305,29.737448124377675,2.469547546149616
2026-02-17 19:00:00,32.459182529616605,61.643871207727486,2.8884686305624356,90.07687708363902,0.0
2026-02-17 20:00:00,25.420172148150435,66.56871633701527,13.845051952809689,29.09253239213453,0.0
2026-02-17 21:00:00,22.788980975554654,61.331214432369926,6.723594261113655,51.52662844364618,0.0
2026-02-17 22:00:00,17.675181232599463,65.58258773093736,2.2515570749442144,79.61214733898997,0.0
2026-02-17 23:00:00,23.880871518477957,82.63893665012601,10.890404954892725,88.90036049828497,0.0
2026-02-18 00:00:00,16.693097643412187,67.9605125065191,5.189347337969362,9.57932419098676,0.0
2026-02-18 01:00:00,18.534409237782583,81.56232135687594,12.541992013315312,51.326314635122685,0.0
2026-02-18 02:00:00,14.56246072708368,73.36847072376294,10.305484758689726,70.6449526794097,0.0
2026-02-18 03:00:00,16.181649224210734,75.89903430804046,0.8463333391845634,52.12042461226536,0.0
2026-02-18 04:00:00,12.252274305810207,84.70958827663455,9.248126017562058,50.40348993324129,0.0
2026-02-18 05:00:00,17.300052628459166,76.72534773914849,1.1944354531322343,50.181999030100734,0.0
2026-02-18 06:00:00,20.996646491309345,70.75586353603748,7.51244805461364,42.118924160023596,0.0
2026-02-18 07:00:00,25.3758032014578,71.74005323751848,12.15477795158151,3.9743526251658223,125.06000203063009
2026-02-18 08:00:00,28.39353845363182,64.39344372794199,3.6880727404363394,93.64932269371008,60.146467647202904
2026-02-18 09:00:00,26.066148058563556,53.385249333735075,7.7411130614561525,20.843004166306088,291.54094727080826
2026-02-18 10:00:00,29.760923736230296,46.297449038704755,13.23796246580313,98.8973978453027,93.04858828543158
2026-02-18 11:00:00,30.809399637110587,39.516969956443596,14.213843686385939,42.87650769307436,305.2289417582409
2026-02-18 12:00:00,33.99713718305059,31.84433802857274,1.8961903904990858,66.70848109227904,226.74465420207528
2026-02-18 13:00:00,35.70878021898288,45.63930326539491,8.269087406913421,86.17828962130424,138.37123699112965
2026-02-18 14:00:00,37.61397456019703,44.95606480319138,12.746250972163173,82.195773621641,141.77356647433737
2026-02-18 15:00:00,34.05204621068926,41.74309847809136,6.083626200471534,88.79686504641874,103.13822012388985
2026-02-18 16:00:00,32.389331068383036,35.95112055337481,3.4095102491393248,56.78726951021351,134.78655555250174
2026-02-18 17:00:00,29.06417076267423,39.3669516050788,3.8426381522862356,52.119506653876435,80.34538769289054
2026-02-18 18:00:00,31.700659960933155,46.54962219375259,5.543233747557665,8.396580157573574,8.9110122281616
2026-02-18 19:00:00,29.976980379265072,64.5395332178663,5.253454051189183,45.850425160383665,0.0
2026-02-18 20:00:00,23.652097984765923,60.66130781143577,1.0197282595065755,78.1416725453709,0.0
2026-02-18 21:00:00,20.402130816774655,69.54310568395952,12.07016324555661,92.58351414644815,0.0
2026-02-18 22:00:00,18.32271694344024,61.98248390410279,9.201456504058632,42.12871738953501,0.0
2026-02-18 23:00:00,17.997056837182885,76.27904034214167,6.400234186957384,87.8295730064026,0.0
2026-02-19 00:00:00,14.341418641200793,65.01934311727328,6.829462920666592,61.86682307269417,0.0
2026-02-19 01:00:00,15.619128754893664,83.175548722244,1.1874630094158216,96.69712118917928,0.0
2026-02-19 02:00:00,16.59220228158638,72.63296402788197,2.9910636937842154,25.750543449318386,0.0
2026-02-19 03:00:00,14.048361558421131,80.25408018046957,6.05233632563839,87.84948818150238,0.0
2026-02-19 04:00:00,18.257407645948845,84.52544012194107,0.6876569771846686,70.93369167165007,0.0
2026-02-19 05:00:00,16.656053471880806,75.64420376576453,7.8414446629544745,47.67699229642128,0.0
2026-02-19 06:00:00,16.55337203998731,64.3240039408877,0.9420912255558289,61.4858473798455,0.0
2026-02-19 07:00:00,19.208391606052487,67.78651001527294,4.827438782877722,10.701835476797317,122.03003057362533
2026-02-19 08:00:00,26.934655365736717,66.57138525664632,6.7025790928574445,57.95851274028592,142.30682310990136
2026-02-19 09:00:00,31.35382955679714,58.58723655722099,5.802184400491334,97.61310660946947,70.27424172229321
2026-02-19 10:00:00,31.001272468651322,54.588242148554635,10.187396065306288,34.299725580679585,306.3452946950396
2026-02-19 11:00:00,30.41632542484883,49.08617276903466,10.821766652944182,41.76724888708275,314.757171969833
2026-02-19 12:00:00,32.50760532343664,46.990748152405125,9.937782841551796,13.179724704854722,430.83212909723323
2026-02-19 13:00:00,37.20129228971208,42.55806804705706,2.16018355504137,94.91176015627263,115.22506208388675
2026-02-19 14:00:00,36.260143807364116,41.6219986836369,2.0311920527831164,64.98612002358252,204.60290121995286
2026-02-19 15:00:00,32.33040584413639,35.24791852160735,2.3883926012544565,49.53569400192323,204.05826472486797
2026-02-19 16:00:00,35.34843485196599,44.82364316402699,4.293469748974888,15.786204877914301,215.18951520760714
2026-02-19 17:00:00,30.39440325834486,49.563889401020006,3.4525555564576353,81.90471493799178,36.91372322063434
2026-02-19 18:00:00,28.743620166515313,51.5142739092782,7.228267509704053,35.94108830649628,0.0
2026-02-19 19:00:00,26.754528771236444,59.576368250691786,8.901179859170195,52.489636471081994,0.0
2026-02-19 20:00:00,30.443662206301227,57.52121618247378,8.339956550918078,32.14060935167282,0.0
2026-02-19 21:00:00,23.393233299450092,62.877792619205536,2.9434865700304043,20.871498732139038,0.0
2026-02-19 22:00:00,16.710273770858738,66.9357015022177,7.801554564252916,17.836627847503152,0.0
2026-02-19 23:00:00,21.76522342519806,76.17116477502388,10.456086264972624,13.884911370916909,0.0
2026-02-20 00:00:00,18.7737962755483,82.40804747703619,9.761654569928458,80.9089152636701,0.0
2026-02-20 01:00:00,12.922988108735902,85.81229891106778,12.419958621108076,12.100036891266763,0.0
2026-02-20 02:00:00,17.439643739738838,82.26898947480923,9.570259936131297,50.645864423087005,0.0
2026-02-20 03:00:00,13.015092583579246,78.6635162322598,2.6949829819913425,97.34990897560213,0.0
2026-02-20 04:00:00,17.03926665293274,75.24238380197605,13.080774473065533,51.97501962952792,0.0
2026-02-20 05:00:00,20.530653952660252,72.24559987875381,4.651152694137805,37.504817857741344,0.0
2026-02-20 06:00:00,19.031433311651092,63.268714059628884,2.6555532270055338,62.784364119300285,7.438320039770164
2026-02-20 07:00:00,21.069923760303986,68.8678181266989,3.9962809613805375,76.79202794889378,43.72331256132296
2026-02-20 08:00:00,24.99993322611052,57.88308110919696,8.764157059385564,44.89040521417036,151.95694335627164
2026-02-20 09:00:00,28.803764191350748,53.7795543464899,7.885582863132595,63.90456674985667,171.4776608809678
2026-02-20 10:00:00,29.123191356459085,38.01655371618139,1.0987784939359013,73.38488256180291,173.9344161277562
2026-02-20 11:00:00,29.0271430726099,53.768444768942906,5.556086158301634,36.96219047174526,339.0763713429975
2026-02-20 12:00:00,30.93678020547674,33.68468082790558,8.115013629511413,85.43952431749217,153.4183783105907
2026-02-20 13:00:00,31.320880309659085,44.794971798403076,7.099663807769946,46.12267724774603,303.89505372876135
2026-02-20 14:00:00,35.39764214472349,27.66453583662762,4.38922054223939,14.964363685626502,373.2521394547304
2026-02-20 15:00:00,34.11647482411844,29.913593672977484,14.093902969449998,92.52868640187636,90.22019044217711
2026-02-20 16:00:00,32.79887486450961,41.95117032493283,7.458333468638434,30.07670500262224,181.97711348369816
2026-02-20 17:00:00,32.30730900775902,35.72683477952932,9.580897075109128,21.317494028135986,109.15724609733597
2026-02-20 18:00:00,30.327418566791117,49.84013906894862,5.550107412664546,51.97062272691346,0.19930942948380592
2026-02-20 19:00:00,26.75391941356559,48.875509806291326,3.462658164336556,50.442430052625845,0.0
2026-02-20 20:00:00,27.593795769631512,68.56570389573115,7.083601134093329,30.60220029551306,0.0
2026-02-20 21:00:00,24.55191013314063,70.88554951963083,9.854657763150284,28.958909471127157,0.0
2026-02-20 22:00:00,20.057641962094277,72.3820593203167,11.48214253324121,39.17246345492268,0.0
2026-02-20 23:00:00,18.27653237739659,75.62376004979855,5.380153570881628,19.73613845827582,0.0
2026-02-21 00:00:00,13.569263827119396,82.82568120452734,5.878907999334599,21.77746078869367,0.0
2026-02-21 01:00:00,17.528610093257285,81.20292629565077,12.615433368340872,10.161381302260942,0.0
2026-02-21 02:00:00,16.847454720121082,84.5091558259634,5.335589841909814,17.757593415395,0.0
2026-02-21 03:00:00,14.430559962760713,80.6343635486294,6.010167699491466,2.2977655788266937,0.0
2026-02-21 04:00:00,19.869139079087386,79.18952582646855,7.67777903019065,42.46048981661256,0.0
2026-02-21 05:00:00,16.978617463041733,60.74150934166487,7.271742624158114,79.984405101704,0.0
2026-02-21 06:00:00,19.5467280154613,70.15202565032016,1.2286200395678986,85.35446239015518,5.119980294816241
2026-02-21 07:00:00,25.414240921160843,76.8249281121899,8.59105179711262,34.505104171912556,97.88502858656807
2026-02-21 08:00:00,24.76335406689228,59.91474551394128,10.091285514348844,68.20514604512114,101.7019681830818
2026-02-21 09:00:00,28.78373124895025,51.11425182500443,8.613443380902169,8.604837881378401,315.29542098560296
2026-02-21 10:00:00,29.940908893577255,52.20266944116654,0.8225798017909913,79.98983517080677,152.60133150977282
2026-02-21 11:00:00,30.16727213527857,47.707455635020914,2.536205156361711,60.661228743662754,248.53072116171217
2026-02-21 12:00:00,35.26245950058923,41.7560957019743,12.263367826656356,70.11648174356641,213.8876657306544
2026-02-21 13:00:00,37.38801992574029,32.54724820129591,2.4238533311916393,82.57644220554644,159.04133017380224
2026-02-21 14:00:00,37.611637571689194,40.981400717343284,6.2350725525125,60.76170258855292,215.54719335498683
2026-02-21 15:00:00,32.74772746872834,42.03253436644944,7.6516438155731485,44.70075275053811,213.53422589949764
2026-02-21 16:00:00,34.60510927920239,40.18589044164482,6.26129862800458,12.767587969737704,213.78293357697427
2026-02-21 17:00:00,31.071506677350218,52.42279748282508,13.207179590521164,31.380942363282184,96.49676850989455
2026-02-21 18:00:00,31.99634678788364,58.42038948676534,4.646512420476285,60.120495394415116,0.0
2026-02-21 19:00:00,30.578686845987935,56.8635410352979,4.840702126473499,56.92521709174754,0.0
2026-02-21 20:00:00,23.543996289516887,67.18684639930089,1.0836272240516291,5.4500547328678035,0.0
2026-02-21 21:00:00,21.547245323478055,59.82007754921224,14.958384913451251,37.04391134872608,0.0
2026-02-21 22:00:00,21.96302021353798,63.991508498193596,6.616861417914272,72.04887974965297,0.0
2026-02-21 23:00:00,19.368549977941633,81.96542089892327,1.2885524405525435,13.376051334647565,0.0
2026-02-22 00:00:00,17.07689955443748,76.05544338858324,8.135175768768894,93.66110259884489,0.0
2026-02-22 01:00:00,12.292041885587258,73.2456690110494,4.625049565899838,55.98839691479025,0.0
2026-02-22 02:00:00,12.984051248009342,85.85472987627712,8.543112131947485,62.68305753679749,0.0
2026-02-22 03:00:00,16.655374336048077,79.20541747067,0.10162825352186156,75.65530555123021,0.0
2026-02-22 04:00:00,19.513439502005227,74.67354382257986,7.469381437447432,11.555749146429939,0.0
2026-02-22 05:00:00,18.485824484373705,73.29707293608199,11.113623645832725,44.81032393406053,0.0
2026-02-22 06:00:00,19.994264290283308,61.346639929795344,3.4780153606646653,79.82608062120869,0.0
2026-02-22 07:00:00,20.973879804258484,60.642927911885536,8.772099101422024,92.3901774387102,31.00523247354436
2026-02-22 08:00:00,23.46059714664935,62.42657227228867,0.06828888391018084,50.20390635066448,147.55617325351943
2026-02-22 09:00:00,28.302458685161078,51.22600300391685,2.1618481598738244,69.20982457166713,158.02515087816226
2026-02-22 10:00:00,27.63128148149874,43.22433473596795,14.337414167379677,47.669199634160734,266.08829414495705
2026-02-22 11:00:00,34.38509050585756,41.703861163011304,13.862240550879694,35.613064952230424,341.7485935097174
2026-02-22 12:00:00,36.69291745986318,40.40658954239797,3.76602325378393,47.95540471182866,293.06612186503764
2026-02-22 13:00:00,36.50077115222886,43.308841966283225,5.479161264044806,36.7152880751895,328.2646546577775
2026-02-22 14:00:00,33.690240404645934,39.615116804543746,0.494520841321614,8.069823976693113,391.0987143111664
2026-02-22 15:00:00,37.316586114444426,35.84839207818923,6.7082987394372084,39.051607454125914,232.529711917752
2026-02-22 16:00:00,37.18621447038207,48.515648576193406,9.788144670813463,58.75765673734108,127.85180787782505
2026-02-22 17:00:00,30.981507572350246,49.06894069507262,6.288593841690232,80.45264431181842,51.30364853707952
2026-02-22 18:00:00,28.78318290229547,54.98988215053158,12.93271166507835,66.43376632853908,10.408232010450844
2026-02-22 19:00:00,29.456633127798423,58.30902465278974,14.096669618075396,47.15033254963913,0.0
2026-02-22 20:00:00,23.19751954139649,63.70120338303874,2.424942058833057,55.14276295807194,0.0
2026-02-22 21:00:00,23.452284170408717,68.74225027369184,13.828333257715084,3.952373403939624,0.0
2026-02-22 22:00:00,22.314088948891225,70.88970365873045,13.737564987712506,53.138184964234235,0.0
2026-02-22 23:00:00,15.928060997996658,71.32821351951539,11.273458966323801,80.44803173613055,0.0
2026-02-23 00:00:00,17.794547493950617,72.3778483654734,1.0841354228406237,57.82170458814691,0.0
2026-02-23 01:00:00,15.679782714195587,88.03375977861899,11.914095050198835,48.281622927827264,0.0
2026-02-23 02:00:00,13.687436412432872,83.50180101398736,0.9785923568767735,27.92379088416803,0.0
2026-02-23 03:00:00,17.507662644315655,74.20230006466264,5.680086323764982,48.829655643872286,0.0
2026-02-23 04:00:00,14.193175693494837,82.85828445974595,11.649394731565224,91.30332066933717,0.0
2026-02-23 05:00:00,18.82096301063229,68.37293869870017,14.820307911655563,71.68186000796328,0.0
2026-02-23 06:00:00,19.803323540051252,68.87549164254227,7.320226258410639,33.64554213112429,2.9469458619375404
2026-02-23 07:00:00,22.165487023229094,79.02497053744531,4.876503372916012,20.612132107351798,106.16330702946294
2026-02-23 08:00:00,24.45049120556401,62.92694880199999,11.724756730604648,59.54245719688815,131.19975703505563
2026-02-23 09:00:00,27.254578593375527,62.99236967491313,13.246022045801457,36.702362978264865,248.1320968467315
2026-02-23 10:00:00,28.4965516717491,56.71069153978686,7.429200319700914,30.73663013890403,323.606658423739
2026-02-23 11:00:00,26.33753170343758,51.224456000170925,1.053111045104832,24.555666759317653,391.3158911791583
2026-02-23 12:00:00,33.24255975528078,45.159527114687876,0.918346961852754,5.912749947588846,462.676998025637
2026-02-23 13:00:00,38.182415505845796,36.8413020991954,6.141018368123316,29.767437637790618,346.58262417381803
2026-02-23 14:00:00,33.51919991216474,37.35601310140107,0.3306466984261952,64.37866868585232,197.3236084936286
2026-02-23 15:00:00,34.933773651438116,36.40478358298762,6.415497636885233,82.72072947294389,116.95751932453597
2026-02-23 16:00:00,33.56610020616137,45.87769609937875,8.975706527820705,88.48963513417993,68.17458234595924
2026-02-23 17:00:00,30.104165031362378,48.03878153938618,9.383577755378955,72.29437682204083,49.59264392518522
2026-02-23 18:00:00,26.849660920359923,52.010575582040765,5.460986325397608,72.98790604645463,5.809851902130231
2026-02-23 19:00:00,29.563092790644234,52.12956092159352,5.895335874706534,14.743207641091939,0.0
2026-02-23 20:00:00,23.232721076557795,53.96662018184231,6.884913251075313,32.14515145620829,0.0
2026-02-23 21:00:00,20.36585969528608,62.16134752833889,3.6951908493550105,78.00925897708278,0.0
2026-02-23 22:00:00,19.69820620650363,63.339133349521255,10.20965892469163,55.905509745204974,0.0
2026-02-23 23:00:00,19.367650963355906,73.35017596249845,5.610104985305992,24.083462082064745,0.0
2026-02-24 00:00:00,20.637411930642315,83.5463525347443,0.6218955119688541,33.7812626101171,0.0
2026-02-24 01:00:00,18.148171949470292,72.72655560198935,9.763159159418416,15.336693220303266,0.0
2026-02-24 02:00:00,11.602653314712015,83.01399975584447,14.465729126509942,68.39736228753802,0.0
2026-02-24 03:00:00,17.068350547227052,91.14105719763677,8.085012228323457,11.98254258936946,0.0
2026-02-24 04:00:00,14.341757521800599,75.40377736816751,0.44767586923548874,71.82211277101752,0.0
2026-02-24 05:00:00,18.02935647248793,71.95697288238279,11.799005242017174,69.39431989081174,0.0
2026-02-24 06:00:00,21.57530440852982,66.02738315241228,14.472429733861878,79.20865339095545,0.0
2026-02-24 07:00:00,22.946146254972053,59.113356305755346,1.5906493014313177,22.43013197875743,103.1137469133368
2026-02-24 08:00:00,28.6587337356501,54.418234829640966,0.9912297045763491,68.1112026540201,119.2742497784059
2026-02-24 09:00:00,27.014373396514642,60.84713478460708,5.457480257999005,91.68429016599592,94.798497481552
2026-02-24 10:00:00,27.69177404740289,54.33807270797119,11.679052244035466,39.312776441764676,290.0416427224441
2026-02-24 11:00:00,31.141778849037024,50.268820022332164,4.868987706261991,14.205850143316779,414.9334402628687
2026-02-24 12:00:00,35.78640292657694,40.849362497057584,10.3922405087949,39.88430103625025,318.4566456369899
2026-02-24 13:00:00,36.38898089004736,42.34140158382689,2.4871334426839637,1.763493024920293,450.888352609511
2026-02-24 14:00:00,36.37969088030717,42.906571739354426,7.308423925784083,43.370715248343735,262.89848501116296
2026-02-24 15:00:00,34.54391151923331,49.850839717433075,0.8318953965161802,73.49470959726983,140.02633336890779
2026-02-24 16:00:00,36.40847732015919,37.10937751620164,0.7288206108006146,59.11736861393505,122.59857505013916
2026-02-24 17:00:00,33.2420836412659,45.36704075307443,7.341907901633085,23.712071099619248,108.18683883916658
2026-02-24 18:00:00,30.445917308049168,54.47198877279377,13.727227848031115,12.276227566751064,0.0
2026-02-24 19:00:00,27.686226222083732,62.04791247465567,4.349145358113237,98.11974214838091,0.0
2026-02-24 20:00:00,26.2636861857375,64.57794114676778,0.7693140883248473,59.125207681260704,0.0
2026-02-24 21:00:00,21.42122580771797,69.11685132230684,2.8346658790986377,62.83080718107057,0.0
2026-02-24 22:00:00,18.74509958950976,74.73362363272761,6.24614484077502,43.5183881393931,0.0
2026-02-24 23:00:00,18.21739792542635,69.85722543640988,0.96094789868715,64.63959793640235,0.0
2026-02-25 00:00:00,12.282365807756964,70.66851123113565,10.09240172750188,96.5917924429725,0.0
2026-02-25 01:00:00,13.543417605580554,79.2039825802238,11.363997880697347,31.339165136854707,0.0
2026-02-25 02:00:00,14.13380409184374,89.62441848690683,4.351452419296721,91.95568474187375,0.0
2026-02-25 03:00:00,15.600066864798501,80.91042887504616,7.164325985637595,39.24642040649471,0.0
2026-02-25 04:00:00,15.351197449801568,83.02164784497397,10.30970897323929,1.3038977520317685,0.0
2026-02-25 05:00:00,15.223986063141403,86.67096800838033,6.095105466268802,67.23988038103727,0.0
2026-02-25 06:00:00,23.795035292071034,64.01716078163139,4.9341936082838265,6.157663762817367,0.0
2026-02-25 07:00:00,22.91373228155048,73.09769181651279,6.43275522651734,27.882253638326105,103.02041958075974
2026-02-25 08:00:00,25.707471003895037,52.758253448534845,1.9377704459681784,74.77577709618241,103.83935326063964
2026-02-25 09:00:00,28.761672808889134,59.44215940586993,2.2638232066571518,95.14255172365215,82.53477453173174
2026-02-25 10:00:00,30.69838124866819,41.70993374541084,12.976683386260403,32.41544998993034,316.0524230492086
2026-02-25 11:00:00,28.97053635296023,45.21996740324161,8.27631482036543,15.010298724231252,412.09162979731485
2026-02-25 12:00:00,36.49057060550817,46.39422889558493,8.07430729328118,11.093044039696597,438.5980304313963
2026-02-25 13:00:00,36.415038164290095,36.18632579513977,3.427208753796621,28.436796197012036,359.6166095909853
2026-02-25 14:00:00,35.97286223059516,49.151727330577415,13.431946322266032,53.382721122166274,231.84362628345914
2026-02-25 15:00:00,34.44086631252359,38.53119885052301,4.995488675826335,63.29895907598304,172.9640234488513
2026-02-25 16:00:00,31.708978802949606,36.46861930254835,0.7323806537864092,46.95123163809857,150.4020426330377
2026-02-25 17:00:00,27.381155380460882,45.72394762782773,5.927739449494036,83.8892494619787,42.10079023060586
2026-02-25 18:00:00,28.152791626554723,43.270016984502384,0.19642870203299134,47.28880672673681,0.0
2026-02-25 19:00:00,25.689756422927026,53.148942757721734,4.473702162587742,96.40012264131218,0.0
2026-02-25 20:00:00,28.9094565512482,55.062518674418094,1.9013755572758968,57.005430219425946,0.0
2026-02-25 21:00:00,22.31281417121745,68.1085688755739,10.468096168552304,54.93940489136392,0.0
2026-02-25 22:00:00,19.37581671136723,73.36522484355837,7.299845136468292,9.127195852227366,0.0
2026-02-25 23:00:00,22.301690157837644,78.4566538734389,5.024192197978023,86.28781029976255,0.0
2026-02-26 00:00:00,16.15046799779329,74.45302646620179,4.886851098087255,78.35318092081303,0.0
2026-02-26 01:00:00,14.93311567039515,84.5035787207677,8.860166838434628,40.56293813414232,0.0
2026-02-26 02:00:00,11.433764311713652,81.5381710126555,5.327080148147175,17.898307706902106,0.0
2026-02-26 03:00:00,16.17895714697502,76.79251958745849,11.162244217767169,61.36471162877749,0.0
2026-02-26 04:00:00,14.730132698694332,83.34186347379861,7.159940244376771,84.59461576784668,0.0
2026-02-26 05:00:00,19.222326321319333,73.82040057390664,9.922511501080649,21.215514268632774,0.0
2026-02-26 06:00:00,17.87723117513756,77.33076293917125,6.4836123629480245,99.89194389513591,0.0
2026-02-26 07:00:00,20.831733552231835,69.4144282534118,11.747269893194051,29.839967068640604,96.53037136913358
2026-02-26 08:00:00,24.667812977385275,58.232593941027964,5.7688520294991354,77.79665651811541,93.32061555771641
2026-02-26 09:00:00,25.83816041564165,57.276990403801456,12.265479792879237,70.70903227590031,154.60806024745133
2026-02-26 10:00:00,31.367506024652005,46.18559898058235,13.205501622750852,11.001048076081643,387.8941531960949
2026-02-26 11:00:00,32.89617182247228,44.58771488500313,8.421085217953852,51.85350994226419,274.45867811157626
2026-02-26 12:00:00,32.47366408106899,37.734131274312,7.354199457049027,91.61447750945342,119.36241429661037
2026-02-26 13:00:00,35.66749512737697,43.68534005790693,2.2628032239912232,26.229840460768962,359.7506507023988
2026-02-26 14:00:00,35.17196991532277,39.661586078048394,6.739441512366143,92.69006316168057,113.05588171387907
2026-02-26 15:00:00,32.47448192143631,44.32368606146753,9.240557346580099,88.71543576487183,105.15728103130786
2026-02-26 16:00:00,35.34523454111835,38.42549209435618,13.622446184077745,47.90314369125528,142.87352403732785
2026-02-26 17:00:00,31.838232555333985,44.26123353378713,10.382197822166356,57.17176928357763,67.21801258870913
2026-02-26 18:00:00,33.46245239730274,50.46381319602676,10.498572326634958,42.092464287085654,0.5742169961093395
2026-02-26 19:00:00,27.290937050728342,58.60992844805363,5.087792376192649,57.69238356950426,0.0
2026-02-26 20:00:00,24.272834621001003,61.85694361386939,5.753854976669739,44.55217560129853,0.0
2026-02-26 21:00:00,19.08924377610742,61.99908849442663,8.528924832942051,75.37148388965917,0.0
2026-02-26 22:00:00,21.584962209208587,77.17216918870933,4.058470340972421,18.724299277018254,0.0
2026-02-26 23:00:00,19.249900320554524,77.21224639729337,1.8169747876636362,44.01130831449211,0.0
2026-02-27 00:00:00,13.835273512912673,80.89463625789735,7.18986679797684,10.246459979005905,0.0
2026-02-27 01:00:00,17.474269868459636,87.20904626311328,9.593651437374692,99.46609269883929,0.0
2026-02-27 02:00:00,16.004860439850557,77.99410596173817,1.9409359033603386,73.58760253950041,0.0
2026-02-27 03:00:00,16.383688910062705,83.13472908026637,10.490230607997276,66.03213114350817,0.0
2026-02-27 04:00:00,14.849067605682336,71.47560322397585,3.885758914953356,96.20839702172258,0.0
2026-02-27 05:00:00,19.375628589002034,66.36978434417604,0.9488542975658992,99.01927968086946,0.0
2026-02-27 06:00:00,16.977767624530053,77.47104215422746,14.764772888031832,36.397057908798416,0.0
2026-02-27 07:00:00,20.100070838984095,66.11681000031096,1.3496834196804102,42.52207982626708,87.39342433367301
2026-02-27 08:00:00,24.808205303646517,63.56929441128751,0.416563657820877,42.20336176719036,157.1468108119087
2026-02-27 09:00:00,26.39436935378201,56.45935551450588,6.678043984348846,32.014558427488616,259.297123391248
2026-02-27 10:00:00,31.937024577833473,48.39573218684,14.557824286840606,8.44764655767567,385.72339217513314
2026-02-27 11:00:00,31.321241608541886,58.542020898940706,11.093118571715872,59.22994882159727,245.79442665064684
2026-02-27 12:00:00,31.955999784415233,49.17299227594448,11.850649531145084,55.254420203924816,278.14468565136116
2026-02-27 13:00:00,31.751107950970063,42.061835463850905,1.0966987334628553,11.393480280217904,427.73927482349427
2026-02-27 14:00:00,35.605135324103266,37.090102986240055,0.7344516841699239,61.16548715249602,210.58894924143468
2026-02-27 15:00:00,38.344181326747524,34.33619767149252,12.959032095766645,63.71980322597602,157.47480998760724
2026-02-27 16:00:00,34.38667989592302,40.436551046439426,1.1589664017205488,49.53841936350392,144.63338707537295
2026-02-27 17:00:00,30.872360392948924,54.10827353521583,1.4284310598487733,68.06626301982718,60.34133001769388
2026-02-27 18:00:00,24.585488742142555,54.74483508686956,5.021081673339259,56.39908544134897,0.44538855097384583
2026-02-27 19:00:00,27.43796614857584,50.39539953009251,7.230253581485645,82.36899425365759,0.0
2026-02-27 20:00:00,21.88335294996652,53.99157036240467,12.273331402970106,71.54151182392486,0.0
2026-02-27 21:00:00,22.08136700332677,61.745003177367686,6.939918292139834,84.26255289783788,0.0
2026-02-27 22:00:00,18.765476078799708,82.44512817372036,14.093641030486491,37.438207902278805,0.0
2026-02-27 23:00:00,14.472945176712567,85.19667690560526,9.357232169563837,43.43360801181544,0.0
2026-02-28 00:00:00,15.279718026957198,77.07912076454393,3.8508458546670643,84.97953228179091,0.0
2026-02-28 01:00:00,11.318106891839625,82.45290847854875,6.035514131736692,53.74912542804561,0.0
2026-02-28 02:00:00,16.38494604661514,73.57611343696573,3.603176443398981,56.063562731068636,0.0
2026-02-28 03:00:00,14.305474208495863,94.7567617901022,0.020485963759459547,35.18394356964498,0.0
2026-02-28 04:00:00,12.999389365068303,79.30570712696488,2.054757151726493,63.73539977551144,0.0
2026-02-28 05:00:00,15.03960180879494,82.42915677572717,3.338337742768245,10.212686575655184,0.0
2026-02-28 06:00:00,21.740771079865645,68.72153771536598,1.2463293957396853,95.06958115463851,0.0
2026-02-28 07:00:00,20.89287980450167,61.20644782151322,14.870254545706395,7.426684290832308,121.90153334655582
2026-02-28 08:00:00,27.84588090141631,53.98761728299632,3.780094309761574,37.180761733526815,180.3115736311993
2026-02-28 09:00:00,29.254315629367284,50.75261910865526,8.52941255046014,69.48433285956824,158.4240733754234
2026-02-28 10:00:00,26.131885619769264,48.84541902536271,4.786878766370462,92.69975635513586,117.8857468045851
2026-02-28 11:00:00,31.730012580493973,40.60255357338904,13.17352634599208,59.385950938133334,248.8677470206235
2026-02-28 12:00:00,32.75875098229843,36.27962088347777,13.244369331733362,27.849582103694036,372.37659927479456
2026-02-28 13:00:00,35.79514789899149,33.61125333953406,5.83358799887849,58.22196351488732,244.31105652179343
2026-02-28 14:00:00,34.03452980883299,40.05635307609419,3.010847058411211,16.706404506723626,363.76378127958793
2026-02-28 15:00:00,33.153948278370365,37.652804631439224,5.599007663488507,62.176228368038814,153.85399503096613
2026-02-28 16:00:00,30.083749026579024,43.129132406270436,14.740890352590338,21.656467636343347,198.0787177551419
2026-02-28 17:00:00,34.04235410877823,48.651657556864215,10.229007936243912,33.01188217999728,93.22821476007063
2026-02-28 18:00:00,28.68256812090124,52.83789127921787,4.732347311061384,15.113120271541991,4.330353881040669
2026-02-28 19:00:00,29.3630895389567,64.09525867699675,5.723531962441421,96.87322421907935,0.0
2026-02-28 20:00:00,25.16917075852444,65.52306733048329,12.774850021626035,26.58325113002764,0.0
2026-02-28 21:00:00,21.449379526967352,64.07855910615602,0.02710280938900078,4.108135249933098,0.0
2026-02-28 22:00:00,18.675518347473922,68.07392711475404,2.858081348798266,34.255568282252035,0.0
2026-02-28 23:00:00,17.45179534142033,66.62599588961751,4.270602888527429,36.02709343968935,0.0
2026-03-01 00:00:00,17.106517097291455,79.29399539014352,10.48741344774745,21.846387909770492,0.0
2026-03-01 01:00:00,15.77880388528602,79.70316655364223,2.3452064928651635,66.55205481858121,0.0
2026-03-01 02:00:00,14.207834294926654,85.81797754061476,1.2272323009152286,10.128610110258363,0.0
2026-03-01 03:00:00,12.406452254190777,82.39644710956077,6.663966522193988,71.1039480865602,0.0
2026-03-01 04:00:00,16.8090943748675,82.69868762742475,7.684987753466228,78.80000127605365,0.0
2026-03-01 05:00:00,16.441903831506288,68.49687122894107,13.767270447503739,97.66759774017797,0.0
2026-03-01 06:00:00,17.31347913441953,66.48278925262638,8.912108687104908,34.8251176775775,0.0
2026-03-01 07:00:00,26.835474830319335,67.74824757200486,6.397284462464702,92.74425694157425,28.422676116972575
2026-03-01 08:00:00,27.394820704712313,59.17554143228596,14.144478121288127,77.23947951020604,101.95267350236243
2026-03-01 09:00:00,28.539871636898653,52.36283837976901,10.567721068525154,39.43027000802694,247.35332831681117
2026-03-01 10:00:00,30.350122594857197,48.35290403340222,3.157797432397187,73.17755631541706,177.88126430576548
2026-03-01 11:00:00,34.504617609281745,42.477490277585176,9.656870004738227,2.63723546879181,451.19334860444917
2026-03-01 12:00:00,33.78923628657615,44.41019713826633,2.9678551095391086,69.59831408688628,216.01261707497835
2026-03-01 13:00:00,37.0599673870672,40.28831805666886,1.0529378180067395,45.612948256137564,296.0716033466796
2026-03-01 14:00:00,35.05907898140689,48.486073340007124,10.67881600616454,17.989575870102225,355.4736733536601
2026-03-01 15:00:00,33.90050597459716,41.20650287840421,8.050862443574188,37.07497169270528,249.13985592667635
2026-03-01 16:00:00,36.278124827634024,47.777195113511254,14.331416802847206,0.04300202439542211,239.32361757691237
2026-03-01 17:00:00,32.39231883767606,37.6530600188208,7.393969721431794,81.11134442171921,43.2354885995069
2026-03-01 18:00:00,32.37010315658441,52.19493282007653,4.087631394719466,22.640518950945744,0.0
2026-03-01 19:00:00,29.39578965494761,55.62207203441434,1.3657869262471345,55.061974476233175,0.0
2026-03-01 20:00:00,23.832401386007188,61.31109592076027,2.5049351370537964,28.126476399589006,0.0
2026-03-01 21:00:00,21.220411479301852,72.94497617454914,9.134941191987478,72.09963876027643,0.0
2026-03-01 22:00:00,19.38910981105416,65.39261073298135,3.502862541777433,51.06873473742203,0.0
2026-03-01 23:00:00,18.275334757575322,66.93780415747125,12.538702076301224,33.726238886774,0.0
2026-03-02 00:00:00,14.825571463058875,69.83405885641035,9.654514566400296,33.56740315275276,0.0
2026-03-02 01:00:00,14.879090059484216,81.0347203423452,14.478749393587796,91.80918412877004,0.0
2026-03-02 02:00:00,17.07185463083588,68.37573972145367,4.814900067933483,31.048705694463397,0.0
2026-03-02 03:00:00,15.559168994639071,84.07724684723736,6.004054589037487,43.082669919915304,0.0
2026-03-02 04:00:00,17.165332733296072,77.84120829995283,2.011997582617131,14.451740975416316,0.0
2026-03-02 05:00:00,16.539455047429474,81.19217310281498,9.359303846604048,81.5214883936242,0.0
2026-03-02 06:00:00,19.883626950420794,71.40550263486101,7.621503115452616,5.76139358016361,0.0
2026-03-02 07:00:00,22.36007606672822,69.20324770230431,6.183482212632116,78.87696624785531,47.46882247880611
2026-03-02 08:00:00,23.717881356782186,57.621981687414966,6.390100698520664,76.58349227269294,105.52864727165104
2026-03-02 09:00:00,24.83309416007525,59.84725445968121,3.884734823052675,79.98250448112368,120.73269717084328
2026-03-02 10:00:00,33.74979530915154,45.65310364185769,0.13106944388454334,15.477460099259,366.45014077758776
2026-03-02 11:00:00,31.919770889533982,47.27991067274728,6.896674626784974,97.36588837074373,102.04187935223052
2026-03-02 12:00:00,34.37101274568244,46.90157857484887,0.06281995372561855,29.992722615290145,360.76445129354477
2026-03-02 13:00:00,34.584696764637634,40.384186611829925,13.2685575625348,4.295790741894956,444.546460343045
2026-03-02 14:00:00,34.65110790750199,37.492212560536075,5.91926772594197,95.3780863769659,104.54333024440453
2026-03-02 15:00:00,32.79689898253428,36.91596407989191,2.782101502111929,83.94170431721864,115.43723575764663
2026-03-02 16:00:00,33.22572795202112,48.88070005747858,9.445733539934084,21.782825032759433,191.37803290922898
2026-03-02 17:00:00,33.07302458606459,42.55752345180155,4.272952072874262,7.66919794144626,117.89673303754424
2026-03-02 18:00:00,27.313921714000188,52.29225552918207,6.333495799062053,82.99536890338484,0.0
2026-03-02 19:00:00,26.76033020603003,59.60927952155534,7.67122426189092,0.6595152182166886,0.0
2026-03-02 20:00:00,23.015081862405626,58.799684166995014,7.400576755130751,47.6451914974338,0.0
2026-03-02 21:00:00,24.060533416830268,72.69267416758882,7.136875447997752,2.46932396193994,0.0
2026-03-02 22:00:00,20.469792101835587,64.15770478697014,8.579350131362771,75.49838187813546,0.0
2026-03-02 23:00:00,21.464899462614532,74.52517945248401,4.300683253111803,68.88650531453352,0.0
2026-03-03 00:00:00,19.83944763609134,79.77463138299322,8.338985464245376,3.647943717120228,0.0
2026-03-03 01:00:00,15.594109402668957,76.53130038172016,10.250433008697325,56.871017283955716,0.0
2026-03-03 02:00:00,12.378591929548149,85.17781241111943,0.08466054860455818,87.50127835810983,0.0
2026-03-03 03:00:00,17.896310048345228,73.19773375355616,2.0074821179505458,60.182480187035466,0.0
2026-03-03 04:00:00,18.125306973015448,81.33243207333071,6.962162734209719,50.782742722401494,0.0
2026-03-03 05:00:00,17.621692158444763,67.43703353823467,1.6927576679350502,45.67740954719238,0.0
2026-03-03 06:00:00,20.02958757308237,74.2770836630105,14.936867089391669,94.69761909519102,0.0
2026-03-03 07:00:00,24.256718058350387,65.26538080767024,9.407342983008224,84.8020488640983,40.59417592229888
2026-03-03 08:00:00,25.40762272784912,54.63922916560493,6.439699687174436,57.526388789559526,136.2955864323221
2026-03-03 09:00:00,28.576745878384894,51.99804413488792,3.1763279100391384,48.642643922208364,213.47525038871632
2026-03-03 10:00:00,31.233462967884897,44.043408463759135,9.701149629708242,19.903802924915993,361.3069228341173
2026-03-03 11:00:00,28.0253343532057,37.98951863499791,5.049049547741232,90.21215193683061,138.4290307303707
2026-03-03 12:00:00,34.72123742666243,41.04612385157817,14.991364102094666,72.62333369277172,206.4668663587111
2026-03-03 13:00:00,36.23298923183593,47.8899720067975,2.872044767555701,57.52302629183161,249.41355650807802
2026-03-03 14:00:00,36.78145923517821,40.10290142161713,5.484611862660939,76.4182090175385,156.52958233774572
2026-03-03 15:00:00,33.861058850458306,46.111248498282414,12.237866965983496,16.432330699774734,298.4785111872
2026-03-03 16:00:00,37.937537353118834,37.803491140782,2.8099921355497477,2.5753475910228807,226.313571530007
2026-03-03 17:00:00,32.234954077582216,42.12390369646914,1.0745715194768723,17.935802067822436,105.49902270175508
2026-03-03 18:00:00,26.427513763404033,53.28314173731302,10.291898128233623,62.76853073652314,0.21461651242270985
2026-03-03 19:00:00,24.569922108306763,42.132882084527054,10.16651261684064,7.0709000589932565,0.0
2026-03-03 20:00:00,21.13123743218914,71.29479230867055,12.247470414260949,41.10688399062303,0.0
2026-03-03 21:00:00,25.889523983713563,75.5982421654721,14.332459744220015,35.54382224300409,0.0
2026-03-03 22:00:00,18.52717952367312,69.6898988405387,9.398799846446893,37.87602081202026,0.0
2026-03-03 23:00:00,19.103331874338366,85.88249952223319,1.638311806941108,26.61230140612415,0.0
2026-03-04 00:00:00,16.915310516547525,77.33386037670377,10.013309620207377,25.947264850405325,0.0
2026-03-04 01:00:00,13.839308341412485,81.26045627936438,13.159641954615964,80.92531468741532,0.0
2026-03-04 02:00:00,16.837586333277045,74.64024202949302,3.3142125218268212,54.28987515504736,0.0
2026-03-04 03:00:00,14.126723623502933,67.63099193611018,11.91260544729834,0.930286757650145,0.0
2026-03-04 04:00:00,14.969697265537842,74.12135580341507,14.161075574176607,78.69138027631037,0.0
2026-03-04 05:00:00,17.322818579092747,79.99364930626412,8.154618604971658,28.10459121864326,0.0
2026-03-04 06:00:00,19.584799611202627,63.29444858961031,11.886263675577114,16.72525451524649,0.0
2026-03-04 07:00:00,26.2068733166856,67.29107370223896,8.214341126824507,99.92319436973935,29.473535377378305
2026-03-04 08:00:00,23.73665621615466,63.693722226231955,1.422932676646238,53.46279420331093,134.7710103936648
2026-03-04 09:00:00,27.964682309171458,54.67074703192027,8.310147000545692,35.48833814993328,244.56783196474353
2026-03-04 10:00:00,30.988914440216938,50.197662438837035,8.248033877708544,50.00165407741629,253.42768596202598
2026-03-04 11:00:00,34.855140532356636,43.18216232276601,2.379198670440623,71.72525203894591,184.66043019536247
2026-03-04 12:00:00,32.69012717165951,43.18951060203412,8.003086807040788,93.40139745487002,128.37941970518904
2026-03-04 13:00:00,34.09695576644147,46.64190898327318,0.30269215296907126,3.7564834035484607,446.66814098851233
2026-03-04 14:00:00,35.586786710877625,33.262406928872004,12.21041682564428,80.82393684268425,136.48593615843427
2026-03-04 15:00:00,35.02522608053219,36.18241815738592,10.714653098317864,94.77296014706333,83.1022255719725
2026-03-04 16:00:00,29.644541734051735,51.50211338325647,12.860911282235229,92.25014216868776,68.82465224087971
2026-03-04 17:00:00,34.92608894118323,40.865970729959926,6.0183502350175715,55.08179610199356,71.09621209702138
2026-03-04 18:00:00,27.86615557160109,60.87692417645987,0.9874261046515109,35.905394279906446,0.0
2026-03-04 19:00:00,28.111552156156698,59.50587952652511,14.043552502290133,68.4823624700101,0.0
2026-03-04 20:00:00,26.912312826623463,68.11185834510664,3.9280718990083123,17.470246645638344,0.0
2026-03-04 21:00:00,23.40513817675742,65.45216439187763,11.008409957562463,97.92952776347391,0.0
2026-03-04 22:00:00,22.157250352812984,81.8515169180646,2.5549769691540964,31.768357302649285,0.0
2026-03-04 23:00:00,20.62168907451515,74.48167001491133,14.261697559440877,47.383518021681425,0.0
2026-03-05 00:00:00,18.577203652030235,76.07713309806168,8.552672317293903,55.47110080943944,0.0
2026-03-05 01:00:00,16.270572176072083,76.99239740781506,14.977924496473232,16.0666567932216,0.0
2026-03-05 02:00:00,14.166529878640677,81.2368410387558,7.171312364155611,22.48871824146067,0.0
2026-03-05 03:00:00,14.447522865808127,78.45981386469585,7.544801575584446,95.06149836388938,0.0
2026-03-05 04:00:00,16.588695907519906,79.3776346821374,6.575406387411488,61.80286357494408,0.0
2026-03-05 05:00:00,18.1211443268075,68.67628291028684,0.07198229136845258,69.05511265370797,0.0
2026-03-05 06:00:00,22.221399155188617,69.85549383316142,13.07041659370935,88.87692797078222,0.0
2026-03-05 07:00:00,19.975655180593908,67.54130435859973,0.748550350251892,39.69532944904673,88.76778110751711
2026-03-05 08:00:00,27.206628541252684,56.71078766625609,11.032158076143004,95.25101099008346,66.30564618696273
2026-03-05 09:00:00,26.011811660356745,59.37677038217112,0.4254486291885501,54.30612556688321,201.2965091316252
2026-03-05 10:00:00,26.154805170043662,50.60529981747598,14.84206531582081,16.204548166535236,372.2299824636618
2026-03-05 11:00:00,34.25471314970357,50.99895016121148,4.790646613777453,34.84030687268268,339.4732365901987
2026-03-05 12:00:00,33.76089360921127,43.05988585074252,1.7549206018473757,31.29021191122764,361.54957461200587
2026-03-05 13:00:00,35.50640350552991,40.064690154673244,3.9455349744701254,57.313198607768946,255.70839853862734
2026-03-05 14:00:00,35.342424468650755,42.10253253177994,3.7844060298327937,38.395732687652796,292.44762962197785
2026-03-05 15:00:00,32.56392266149648,39.78066728523102,8.721046246461169,59.279755498507456,176.4142189204246
2026-03-05 16:00:00,36.874451664138775,44.66076754906699,9.16080683953365,0.7611414575350195,241.52726909869105
2026-03-05 17:00:00,30.094289384549334,50.40273536438879,11.340409665287112,74.83309302577248,44.11513714499109
2026-03-05 18:00:00,29.003844143575435,49.33791921021336,4.404816892045149,73.9540685687091,0.0
2026-03-05 19:00:00,26.398749949119463,54.36005531808402,3.4327375277986865,65.9788238908207,0.0
2026-03-05 20:00:00,25.53098851690341,52.912045031515454,4.662287750640508,36.073340587428824,0.0
2026-03-05 21:00:00,21.769116120035353,65.48592153088595,11.645799562744052,24.93094490487292,0.0
2026-03-05 22:00:00,19.702421383414972,70.02801904715375,13.09419952390701,92.31042374025571,0.0
2026-03-05 23:00:00,21.63438644324757,66.18795856754652,2.5054901790148354,61.604805551233824,0.0
2026-03-06 00:00:00,18.831451329533692,73.88648194247165,9.301747053986825,92.44496673396439,0.0
2026-03-06 01:00:00,14.252379991142732,80.58738087233128,2.2153426794214464,78.19100680967782,0.0
2026-03-06 02:00:00,15.693385035184416,78.12772150582555,4.1470514823804985,33.961057055363156,0.0
2026-03-06 03:00:00,18.32463273834581,67.23169533066402,0.5188176632305713,93.62897217198113,0.0
2026-03-06 04:00:00,17.817321254447677,73.4637946600632,0.48181420492330485,62.52144152346537,0.0
2026-03-06 05:00:00,19.722701294857636,78.12817571031793,5.186968430667759,29.5418997924219,0.0
2026-03-06 06:00:00,16.29065680606232,70.34601666244107,9.805880141306355,55.86187809900556,2.1697656673845582
2026-03-06 07:00:00,18.406713486266828,64.30439557941688,4.138920353613548,31.285321303532665,101.51411432435833
2026-03-06 08:00:00,23.90572645267392,55.05565677428981,6.819249981885782,14.935561675717334,221.79585633184922
2026-03-06 09:00:00,27.862242557031333,52.51945524185213,2.9155377993281197,79.52438740652694,127.20030245906248
2026-03-06 10:00:00,30.18848196301815,51.99560223180963,3.5875202860950353,79.68170211183934,151.03538034774252
2026-03-06 11:00:00,30.624484598721754,50.16425612959208,14.459670394916264,71.10427568762853,200.79294948523506
2026-03-06 12:00:00,30.343846970697854,46.87504817464993,6.1330471847633135,83.2608726274225,162.621474648872
2026-03-06 13:00:00,34.50211734795679,40.596982731986735,11.756446080537485,68.6068126786531,201.3593355334854
2026-03-06 14:00:00,32.834905733292516,41.64601316391985,14.609693222304518,20.675519830944843,358.7544479304953
2026-03-06 15:00:00,32.99153471530953,30.81990585995506,6.414075095959431,13.987527789416465,301.85246426397106
2026-03-06 16:00:00,36.45207554056599,45.447809352475225,14.796526784440927,21.700624414005798,194.75481397058664
2026-03-06 17:00:00,35.684773352828266,52.700264756362564,1.1917353371885353,21.30624920501183,104.24649198003017
2026-03-06 18:00:00,31.018474616942424,47.87740975767286,8.768566727698651,44.2010488640304,4.151541431577833
2026-03-06 19:00:00,27.020114005495085,48.295837058878035,10.972819644374173,2.6247871476701823,0.0
2026-03-06 20:00:00,25.945664537506747,67.31166942812636,0.8566860227506506,37.27734370335213,0.0
2026-03-06 21:00:00,18.36361753797155,66.19236252994533,4.294371927268961,71.54397367836249,0.0
2026-03-06 22:00:00,21.336098692877545,64.79871300243639,0.08345994684194724,16.566268560101182,0.0
2026-03-06 23:00:00,16.894455808819714,73.11710073150094,11.89570488113998,24.882639763460578,0.0
2026-03-07 00:00:00,16.32961494544351,79.68507381222912,7.558233486311551,4.174622617583501,0.0
2026-03-07 01:00:00,15.136048146925193,79.84398429180901,8.413461114895352,7.595747573742684,0.0
2026-03-07 02:00:00,13.808795916125355,81.92388039470946,5.8634106789421585,59.995775136636055,0.0
2026-03-07 03:00:00,14.578145718355607,69.48343843759088,5.203291763285789,97.1203214093579,0.0
2026-03-07 04:00:00,16.019910159925,70.88873082816528,8.538199464718787,79.96663743754215,0.0
2026-03-07 05:00:00,21.17177779671307,76.11161910020981,14.786018413097088,2.0124695995196284,0.0
2026-03-07 06:00:00,20.359835042398768,79.50857803251914,2.078678130081331,3.6510848927612805,2.16721856854523
2026-03-07 07:00:00,21.498658299506484,67.68253478019098,3.7349612709456332,99.79867062481033,32.97668560456232
2026-03-07 08:00:00,25.1067638086209,58.66624629310384,4.123628151323423,33.785663444780525,181.34339641005545
2026-03-07 09:00:00,27.641965596230165,56.74555810190131,11.027329711103818,35.770964928318016,248.67179320331837
2026-03-07 10:00:00,30.155136350531215,58.565367854395774,2.4899014905656776,37.18053556631673,295.98569436405563
2026-03-07 11:00:00,31.29473899963218,50.963226801624195,8.632803856757919,89.34648824302626,125.27547818912716
2026-03-07 12:00:00,37.039467761651075,46.33735061696522,11.776797966356748,94.0341766790186,118.96430068723693
2026-03-07 13:00:00,35.09819834884229,41.34469521451907,9.38947735547538,18.888793584145315,392.6664614163312
2026-03-07 14:00:00,31.18813002749202,37.099299815423535,6.518682690653905,33.886104470886394,307.5851472715343
2026-03-07 15:00:00,37.55927943945764,41.239252019590886,8.960998298621476,41.97960989307066,217.41232425409999
2026-03-07 16:00:00,27.542178379430425,36.228024388534955,1.943622726464107,16.937548497752765,199.1875843266077
2026-03-07 17:00:00,31.205944374449196,43.89095451336587,10.75339500354139,53.679087546929374,73.21121083370316
2026-03-07 18:00:00,26.85558336676015,52.947504799480036,7.573322545787794,76.06785291588115,0.710016527620235
2026-03-07 19:00:00,27.35932993702726,52.579729494800624,14.616185721387549,82.5506205563975,0.0
2026-03-07 20:00:00,24.956178662820555,61.59632839278284,10.505187999149458,37.311610012419116,0.0
2026-03-07 21:00:00,21.76123641021137,66.63736601096919,12.341012051884753,96.71003855667601,0.0
2026-03-07 22:00:00,21.853231915670545,61.38957734196593,11.658901111641638,18.992175351043773,0.0
2026-03-07 23:00:00,18.06217496079642,76.14045482479733,2.245645489289873,7.866766024295013,0.0
2026-03-08 00:00:00,15.607256222680963,85.55337865806628,6.992483453786386,2.1009053416719325,0.0
2026-03-08 01:00:00,14.94703188031302,77.08421420660738,9.581307613124523,55.17840217264502,0.0
2026-03-08 02:00:00,15.52961174386365,83.63763548397591,3.410242296507935,38.614348660458006,0.0
2026-03-08 03:00:00,15.029651752443943,80.21032706754333,13.172957882635906,1.9040321409091066,0.0
2026-03-08 04:00:00,16.320036921939767,69.36942674425406,10.847412695921667,80.7766766092037,0.0
2026-03-08 05:00:00,15.385560595832334,80.62724391791664,14.427461388308933,94.26633217853677,0.0
2026-03-08 06:00:00,23.00031718969705,59.54591951460179,7.63614523955667,80.38732283754831,0.0
2026-03-08 07:00:00,22.690831274991577,69.5509894540278,5.654596894975747,61.03004530116759,63.58530094438158
2026-03-08 08:00:00,23.32329524522794,57.690963555729816,10.527281233508988,79.83413523692029,86.10070715339727
2026-03-08 09:00:00,29.66671373689458,55.05032903775743,7.926310241734066,70.42745933343059,144.68799214926236
2026-03-08 10:00:00,30.89557762361592,53.73604132924535,9.309559979826885,98.52347641443583,85.6620972063297
2026-03-08 11:00:00,28.92635706942134,45.92612222101987,0.5805248353539727,40.95375138078992,328.7275385914822
2026-03-08 12:00:00,30.64466767467736,45.94323361727713,0.7748797450712713,13.233377315387052,441.8060496785705
2026-03-08 13:00:00,31.881497812327222,41.34569329264056,5.027110936752092,42.55828278934347,312.23195358426557
2026-03-08 14:00:00,36.43056194891057,41.072291817707146,7.699943438228,44.85771056498143,273.2143748742786
2026-03-08 15:00:00,33.55418177851695,40.50895601481253,1.4082648377623586,67.92108764248519,149.22379018167265
2026-03-08 16:00:00,34.70284915145333,40.088184848724545,13.680670883523812,81.52634951666602,91.91933200718739
2026-03-08 17:00:00,33.515719418801154,43.14588469391708,6.354163162878748,7.763965188582866,118.43073668998773
2026-03-08 18:00:00,29.57215589209957,51.807586646710945,3.4232732171433504,55.98104636984695,0.0
2026-03-08 19:00:00,28.43954743292581,60.46798942205237,3.771116471862637,80.0790274611642,0.0
2026-03-08 20:00:00,24.44872315457702,66.80966211565938,0.9954095416878178,67.05054446929047,0.0
2026-03-08 21:00:00,19.366497516573872,67.11858597975878,13.49539034201531,12.977442119919559,0.0
2026-03-08 22:00:00,17.943555948278803,64.5062716543337,12.351972861734179,39.271480354129984,0.0
2026-03-08 23:00:00,16.448281235362995,82.90533876100511,0.6877453892814389,63.688675444923945,0.0
2026-03-09 00:00:00,17.81947812848883,81.6732109086906,13.718355214984038,14.134700949427003,0.0
2026-03-09 01:00:00,16.23850362300373,76.20643501486026,1.5492659161494244,33.39349409236654,0.0
2026-03-09 02:00:00,17.21727584018952,79.83529601946249,6.805228836900959,70.01319350559837,0.0
2026-03-09 03:00:00,16.206997235148087,84.2041925319501,5.275771333756886,32.00394812228326,0.0
2026-03-09 04:00:00,17.4603203762104,74.558913410264,11.68425415740472,25.004883206314855,0.0
2026-03-09 05:00:00,17.19885697283433,81.86298099326658,4.097103500121516,99.40941693188928,0.0
2026-03-09 06:00:00,16.13431335300796,70.29932893662938,6.296275752733091,86.59616200863302,4.7758753989639775
2026-03-09 07:00:00,21.803991887200038,72.20497955339287,1.6939857101593643,92.35400898841462,32.13110544626309
2026-03-09 08:00:00,27.756734720912505,67.09732122110057,13.749847498054084,86.41715533584876,74.25071563006259
2026-03-09 09:00:00,29.087285033239493,52.65999031097246,13.36509657417799,26.82480378102755,277.6575774499036
2026-03-09 10:00:00,32.14797425707114,48.77484297691779,7.265054740210837,17.842980259898056,371.34556189460284
2026-03-09 11:00:00,34.146221856982294,47.61251265107077,9.593290152542247,3.6696143797529834,456.28957598795364
2026-03-09 12:00:00,32.25229364360285,33.13508477161804,1.9742853939021083,9.712883539493344,441.53022859971543
2026-03-09 13:00:00,34.689184663434546,45.117622466414915,5.943142709709961,69.83851094813105,209.59222449989466
2026-03-09 14:00:00,36.915356236465044,44.34614142344413,6.126503666897489,3.575460489741422,400.7230528397779
2026-03-09 15:00:00,34.40013751048657,32.80334010963855,0.42557322971786105,12.735403812966073,300.1417668135762
2026-03-09 16:00:00,35.53561269774764,45.34841808568415,1.8266711761741656,28.427145846131396,186.73393547790792
2026-03-09 17:00:00,32.86108492907223,47.600831306003144,4.746387749355942,28.737734729745334,91.70089958120143
2026-03-09 18:00:00,27.8124436053451,48.856104686940256,6.128971250505822,15.596255511516311,1.5233848660993061
2026-03-09 19:00:00,25.057777878157946,48.7160436414463,10.287577806984947,45.39505669717,0.0
2026-03-09 20:00:00,24.90043091928362,54.36920343235453,10.059222873392267,57.370127313560516,0.0
2026-03-09 21:00:00,24.06481348354395,63.51739555663358,6.7081396938722975,2.45243455721158,0.0
2026-03-09 22:00:00,21.0067787502432,71.17096509473336,2.3600263728285227,73.82903991490744,0.0
2026-03-09 23:00:00,21.675210344689344,76.36171919699456,9.949231753697479,97.84972077462083,0.0
2026-03-10 00:00:00,14.426645091898358,81.9100057688819,12.600815644428039,42.00279824589417,0.0
2026-03-10 01:00:00,14.847535907644774,78.38380713504262,13.080573444873737,5.222137461296739,0.0
2026-03-10 02:00:00,15.879848487799386,80.653546042466,0.931926006859819,87.28307195527852,0.0
2026-03-10 03:00:00,14.368561964294932,75.16016721314755,10.301956634594049,83.51672248649088,0.0
2026-03-10 04:00:00,15.280191512263038,76.93177373585915,11.403722064010944,82.74351996010128,0.0
2026-03-10 05:00:00,18.940277156230874,77.24614402432778,7.486675737667067,63.57648295353987,0.0
2026-03-10 06:00:00,17.846541053270524,71.40544204840435,14.834277130219743,65.6456900985782,0.0
2026-03-10 07:00:00,18.909824154371087,52.76588897756935,5.210554019416246,87.6040105392279,29.36968344264612
2026-03-10 08:00:00,21.565985384192338,63.94033691131204,3.7285349757561703,3.197982467182847,239.86578644464515
2026-03-10 09:00:00,28.05861970177348,54.96913157063107,2.706678885753778,59.40549130347242,192.84828834844924
2026-03-10 10:00:00,31.785157456748685,46.22595858997069,4.753073121813447,16.020285724588323,367.6538655018497
2026-03-10 11:00:00,31.847227142874928,48.47303487625316,4.8672456566079125,49.794174995595995,280.29717639204443
2026-03-10 12:00:00,31.069520186889577,50.77568662558037,9.19971914084739,53.90723988722277,278.6765726094492
2026-03-10 13:00:00,32.82323528522835,32.058759067638064,10.93783461522686,64.82922790880048,234.40311916963543
2026-03-10 14:00:00,33.41835486760578,39.9264837360269,6.66529925353873,2.4121078382363548,407.0112952609588
2026-03-10 15:00:00,34.36802205356504,42.27400946319729,14.209792890768087,38.24034688237696,237.335798382079
2026-03-10 16:00:00,34.47819809470661,47.16868708435844,9.615900891765861,91.99338388488923,62.94204991623802
2026-03-10 17:00:00,32.67137409734737,48.91727148342492,0.08581824158144458,63.30454111807352,66.32311911749466
2026-03-10 18:00:00,29.70896663215371,57.93143509943638,12.87811079576515,59.727766119995884,0.0
2026-03-10 19:00:00,28.195801856736413,59.89324497238809,3.538915778318078,28.862379646499768,0.0
2026-03-10 20:00:00,23.78308447711465,64.39681203060563,10.038972593799423,89.91743841995124,0.0
2026-03-10 21:00:00,21.854617732297225,50.01083690315306,12.093450856830653,32.799040402143945,0.0
2026-03-10 22:00:00,23.821497633483837,59.235496647718904,11.324204698788794,38.61665534542187,0.0
2026-03-10 23:00:00,19.43523961902886,75.53476605967882,12.596210780745572,44.914968816661684,0.0
2026-03-11 00:00:00,17.184023358764783,81.33521509957878,2.6059583184347437,30.743593788570756,0.0
2026-03-11 01:00:00,17.558237578974662,87.50619616121924,8.924547834620183,59.62844590250413,0.0
2026-03-11 02:00:00,16.977493879756118,81.05494513301646,6.65638614073961,26.045474593248663,0.0
2026-03-11 03:00:00,16.144723512198723,82.00759262690939,5.425926972477741,64.5131508596655,0.0
2026-03-11 04:00:00,15.999360315447628,80.14501411689497,1.94672663745526,10.61861200943719,0.0
2026-03-11 05:00:00,17.281239482747736,83.14490987087666,14.517290167369836,99.81251914243117,0.0
2026-03-11 06:00:00,21.35244280217041,72.68755186028547,11.943121216710718,6.478528541637885,0.0
2026-03-11 07:00:00,24.88594200133157,64.3181279702157,8.236761316531297,85.31983135301854,41.59850010926819
2026-03-11 08:00:00,23.197620006076956,62.231344613887146,8.369646955080793,51.984240362626934,136.32295040545492
2026-03-11 09:00:00,28.26343444912176,51.208711944248925,5.144715536937329,59.3960036474834,178.59473847516446
2026-03-11 10:00:00,30.10997593804647,47.178235652842375,8.248868423091158,85.4392601205728,135.49638990611106
2026-03-11 11:00:00,29.50608651573003,35.72040376886629,9.165175088524235,44.25548624612246,302.54883650626726
2026-03-11 12:00:00,34.74306472125846,38.30101348817895,10.28793905626486,95.76019549938172,115.01967353775309
2026-03-11 13:00:00,39.725991513573376,42.67235897864278,3.470663174179544,96.8919517065983,97.49293415242074
2026-03-11 14:00:00,33.873664324789964,40.057475433501196,13.27431319198276,72.70352404496528,179.38536321858362
2026-03-11 15:00:00,36.865797008573416,42.92945695845168,6.531644728406426,47.61146442554788,214.46398851869301
2026-03-11 16:00:00,34.42932509330641,48.61773638245811,7.870463032453145,77.44078943558823,88.61566822834322
2026-03-11 17:00:00,32.58934613262972,43.56248740735786,8.840438104945697,91.43308472974539,26.77478088515523
2026-03-11 18:00:00,30.41469615578474,51.87582525005537,0.4177624879035219,95.48648847120295,0.0
2026-03-11 19:00:00,27.44089504830242,55.189745612276965,8.682506057752613,94.50674349108326,0.0
2026-03-11 20:00:00,26.090953448851856,53.67565686216641,11.361976236995849,76.52376271934864,0.0
2026-03-11 21:00:00,19.191110436778462,57.75741985001301,14.953879276709067,43.854811797686835,0.0
2026-03-11 22:00:00,15.297993099074713,72.11885637818621,12.846117046823162,48.114329288985466,0.0
2026-03-11 23:00:00,14.602602920678383,75.8384748172896,11.56903781607281,70.54436375573732,0.0
2026-03-12 00:00:00,12.975601568109566,72.94083848874888,6.232604162914947,90.75556926692488,0.0
2026-03-12 01:00:00,15.012874977990533,82.25515849071482,4.117863889247219,71.30762895480002,0.0
2026-03-12 02:00:00,16.660172080849186,76.20192250729308,1.718667448077806,51.76176575184756,0.0
2026-03-12 03:00:00,17.950597131058043,78.81350382615179,13.859729189104165,1.107263317858742,0.0
2026-03-12 04:00:00,17.616631152640515,85.5175664770527,8.313763282426516,52.49562111092617,0.0
2026-03-12 05:00:00,16.600034808403915,70.4324561278986,1.842797874243363,53.5859952876907,0.0
2026-03-12 06:00:00,20.4966559843207,70.78459311448132,13.376842558987203,58.79177339210998,2.203748504317124
2026-03-12 07:00:00,23.5192016571874,66.50486785546961,7.973731773524099,52.86014320223062,76.12114708962017
2026-03-12 08:00:00,23.26676223418594,61.4068708888197,5.17365098979524,53.693678351953636,143.2096950658598
2026-03-12 09:00:00,31.553106301067825,52.258693750200514,5.4618331913996885,9.082633422645436,326.25991783635436
2026-03-12 10:00:00,31.167217926010128,49.90760852417086,12.637071755236349,8.070909119509572,399.42290332480616
2026-03-12 11:00:00,31.82688671927101,34.60741554812063,6.314482071558974,39.0243702499474,326.4677500112871
2026-03-12 12:00:00,31.937853937858907,41.129557715191815,2.5474052694812634,63.93480282516195,232.10725011625024
2026-03-12 13:00:00,34.58846228480121,42.49157750971056,4.207103339821934,46.858597084518294,296.533499173103
2026-03-12 14:00:00,33.086562576760336,39.48594821099923,13.483670941363922,53.225809106322195,248.27728979184008
2026-03-12 15:00:00,35.703601375824924,31.694446548684954,6.977305468268891,58.252514521811726,182.24601819878384
2026-03-12 16:00:00,31.66331851892003,45.261608202700266,3.287542211051007,33.768459874027315,170.4979875454927
2026-03-12 17:00:00,36.75596503662164,52.549029949433105,1.7730702698815348,19.941162258872993,102.68129110464093
2026-03-12 18:00:00,31.401189103199282,46.984459654534206,1.2785737241291906,58.90765803360556,0.0
2026-03-12 19:00:00,23.861326159239354,53.9841548449882,12.926684605772465,43.72365963873822,0.0
2026-03-12 20:00:00,26.991078307089133,65.67602965662795,8.015683488586255,70.01276212401203,0.0
2026-03-12 21:00:00,18.461092818013665,63.04239003227494,0.9964948667519702,29.136553460432303,0.0
2026-03-12 22:00:00,21.34189396111107,67.52534831615506,1.7465829014503054,91.86237544233151,0.0
2026-03-12 23:00:00,17.21608193921465,80.71637882475133,9.75330900403263,6.812014162826374,0.0
2026-03-13 00:00:00,14.461130511662187,84.52649705562868,9.675512250626074,56.82414470756855,0.0
2026-03-13 01:00:00,17.896470375146656,82.65568120860416,6.644835491965365,89.29623827343922,0.0
2026-03-13 02:00:00,16.737092431597898,78.50572450191805,14.995467927373415,5.349407359374492,0.0
2026-03-13 03:00:00,15.66270131013354,79.59088717386246,14.422783406727467,25.05411895490547,0.0
2026-03-13 04:00:00,19.392581342690303,72.426640944061,13.142553642027334,92.72010354486848,0.0
2026-03-13 05:00:00,17.746757709843585,72.84754929683848,10.316466101740156,95.11834358270507,0.0
2026-03-13 06:00:00,20.614279451299275,73.1883821961976,0.8840093390196835,18.529434197860695,2.0083886940199838
2026-03-13 07:00:00,24.176588946971062,58.30251759171632,6.5503121015183305,3.0331063132267855,124.65510450569995
2026-03-13 08:00:00,26.032207721336896,66.95152988034552,0.5777876779327451,32.36481930191879,191.06111067758644
2026-03-13 09:00:00,27.640516480731858,57.47284373830743,11.722972811073767,46.138192409722855,210.9464290388259
2026-03-13 10:00:00,33.99827719096854,45.56349960482885,4.070842436207676,14.750789690049547,365.04796027091714
2026-03-13 11:00:00,31.229111285039938,42.94979803620322,1.5546251504906428,49.068630430166735,289.466884794622
2026-03-13 12:00:00,33.81791282844241,43.46474876651588,6.779946511016578,49.96876001142672,288.935724143822
2026-03-13 13:00:00,32.79965314742114,30.687367812566624,0.6064884834284168,84.20942593199912,153.62586975476373
2026-03-13 14:00:00,35.481032239425446,43.676414350756446,12.711074890401337,81.37389754031857,147.74210816738434
2026-03-13 15:00:00,35.279235657639845,35.903264939557026,2.328784977025211,52.93914157797316,196.90610796854435
2026-03-13 16:00:00,32.15748473423593,44.23710046410236,8.197478631631048,34.22918392416479,184.6136643122819
2026-03-13 17:00:00,32.47171473410966,40.0433253986844,12.230862528616397,36.8841786645976,85.14843811505075
2026-03-13 18:00:00,33.600158136691775,49.93460344965775,10.60705480326798,14.758507067208448,8.720572646493325
2026-03-13 19:00:00,26.82547065562861,60.14846396433147,11.006099250894675,70.7152117889471,0.0
2026-03-13 20:00:00,24.361677440789368,65.66856356660469,9.057155336166804,21.864362605740794,0.0
2026-03-13 21:00:00,21.424164632397943,58.09689242142406,13.674285865422899,2.133567030062833,0.0
2026-03-13 22:00:00,22.0476611447682,60.452228614853084,6.269404350155329,65.53017987613056,0.0
2026-03-13 23:00:00,18.678330413393923,71.44847786075482,2.5682494573505865,8.438307093606646,0.0
2026-03-14 00:00:00,17.38726458955631,78.39564415484269,10.66413335719869,85.7977911370797,0.0
2026-03-14 01:00:00,16.97742617568112,78.57213192522732,9.780145241236756,57.89052401524597,0.0
2026-03-14 02:00:00,14.327945540402578,81.81016085776263,10.176564746728106,99.6237288877292,0.0
2026-03-14 03:00:00,11.769921618490539,83.65191105377222,10.43376920158172,58.19855027499733,0.0
2026-03-14 04:00:00,17.249575114286845,74.81812741219682,14.008507528025955,57.54558944387102,0.0
2026-03-14 05:00:00,17.157680230602864,74.19073491741025,5.571971943573571,92.08140672314354,0.0
2026-03-14 06:00:00,23.91305949368723,70.45018948658237,3.907855012328494,80.16691420575192,4.250688185457056
2026-03-14 07:00:00,22.648667668261645,60.3713478137282,5.608951569775179,92.25177258635344,38.07576481611547
2026-03-14 08:00:00,26.224165680333947,59.0312583425455,7.810144347907374,12.339762164664736,229.41956084906053
2026-03-14 09:00:00,28.86706199930762,59.79117889332996,10.8554724399741,51.724148884490475,210.73496949707663
2026-03-14 10:00:00,31.26199073723344,48.1848231408474,13.459744272518865,16.0500763637866,374.97133543798145
2026-03-14 11:00:00,31.8913703875907,44.92551562197554,7.416749232803817,24.44183497412462,373.4318342735222
2026-03-14 12:00:00,32.825180590588104,43.604273093489354,6.214560741784209,40.507702702031736,318.6508645973541
2026-03-14 13:00:00,35.85551219830939,36.59020402131375,8.542881397435169,11.440579760705539,420.295681537662
2026-03-14 14:00:00,33.15705367624946,35.64567625113046,9.814113833585381,51.72955101619322,245.52500214547413
2026-03-14 15:00:00,32.786807823898236,30.09541261310293,2.5655545858033064,8.684015360568598,320.85923171721424
2026-03-14 16:00:00,33.710393540748825,48.523080358481096,1.3991184584358844,10.223173566969646,222.8472565531642
2026-03-14 17:00:00,32.266932157598845,48.31658889018887,5.795990046945107,88.25817014801586,42.781723673226246
2026-03-14 18:00:00,29.810738072633253,50.10523292714702,0.7791523748651513,57.55919303990847,0.0
2026-03-14 19:00:00,26.45908426389459,61.57149040151571,1.6543206411842597,27.81904016640069,0.0
2026-03-14 20:00:00,26.584309353718073,57.13851713519114,3.402566253444674,97.25456663148736,0.0
2026-03-14 21:00:00,20.455112318138884,62.25749406734439,13.91752918008674,20.398358314917818,0.0
2026-03-14 22:00:00,18.830693961160662,62.06135143105949,13.882640745235818,85.74376029880301,0.0
2026-03-14 23:00:00,17.769305636640834,80.54838237944625,9.837114678690558,40.78517725936265,0.0
2026-03-15 00:00:00,16.536379775942322,76.9355920975325,10.975520494966718,59.04521280459162,0.0
2026-03-15 01:00:00,13.534901028213376,80.24470041551282,1.442381469679349,58.37734282944498,0.0
2026-03-15 02:00:00,17.908859391503597,77.30415687702113,14.641071558557336,20.34981330148068,0.0
2026-03-15 03:00:00,12.72438284905575,85.5288475461326,12.5472316864604,24.369457523000616,0.0
2026-03-15 04:00:00,17.895437639079706,81.53519532531094,9.084227582970708,9.765163637382535,0.0
2026-03-15 05:00:00,18.161345069972466,75.0627920532853,12.239444408232176,58.30045437792541,0.0
2026-03-15 06:00:00,18.746854253991156,70.76021253595901,2.9705767459629637,49.56864576736838,2.603978511958026
2026-03-15 07:00:00,23.129552404842237,61.915277592145365,14.627471630824383,58.269697139508004,71.41423631971819
2026-03-15 08:00:00,22.152596636401107,55.43826787540039,11.834822476123806,11.591559369565129,232.29741834574946
2026-03-15 09:00:00,29.56765844397772,55.40015989247205,4.1315034757481275,41.92956968284023,224.49023376584177
2026-03-15 10:00:00,32.776632239677106,51.41696353160643,9.376020950874532,23.588014160506965,340.4671661238828
2026-03-15 11:00:00,33.34370269024487,47.44925361238708,2.9105644210297896,83.20606596095965,151.59831161524494
2026-03-15 12:00:00,35.049642236640615,46.45792838835132,11.763349968711708,74.09835410983955,183.79198620071506
2026-03-15 13:00:00,31.90068052621913,45.67155383654013,9.39787855677461,83.28736808178869,160.21952767564665
2026-03-15 14:00:00,36.31253003365597,37.524533022485834,0.17991623896564668,78.94002034564558,155.4181003433922
2026-03-15 15:00:00,34.34512680091897,37.75326864002935,14.88093733765416,63.331706155792524,170.12159439060392
2026-03-15 16:00:00,35.707678364532164,41.61330212112664,12.875120832098284,46.14130880702567,154.23373058024103
2026-03-15 17:00:00,33.76369084851927,42.54507315848733,10.37639619575013,48.35150053540096,70.28319722897855
2026-03-15 18:00:00,27.73894021552462,44.56690653277295,8.980114550705713,95.23917013190292,0.0
2026-03-15 19:00:00,24.269905184385845,52.666126960754056,14.789434518251023,14.73539162404357,0.0
2026-03-15 20:00:00,26.210425260401582,49.20334632455906,4.631824789587806,47.44365388287049,0.0
2026-03-15 21:00:00,20.46214585004827,71.67186944690472,4.1142666314668865,12.745864880078573,0.0
2026-03-15 22:00:00,18.82817146602986,66.95491540484653,4.977054124017519,27.38487842463232,0.0
2026-03-15 23:00:00,17.495301417562814,72.68875346855944,12.206609095560742,18.100529589095682,0.0
2026-03-16 00:00:00,12.808094680517414,78.48853550702151,0.22697536965718967,15.428682870127252,0.0
2026-03-16 01:00:00,14.739445720141141,73.96686871624138,6.889873090020523,64.05167439658031,0.0
2026-03-16 02:00:00,16.684786448576236,82.89854794888345,8.428802881328505,42.116431208846535,0.0
2026-03-16 03:00:00,15.116056664533097,77.18207427442596,9.215749149374563,90.7608726482281,0.0
2026-03-16 04:00:00,17.993946676631502,81.61731249782288,0.7927100392612163,63.88349605358653,0.0
2026-03-16 05:00:00,16.664483127843752,79.15415894154881,7.218097980271529,4.367968440452364,0.0
2026-03-16 06:00:00,19.622270886052238,60.33155978668445,0.6083900561893058,13.168465809620145,0.0
2026-03-16 07:00:00,21.41015797521871,62.74724317884188,5.887962073387112,77.05560976951077,39.65341576438824
2026-03-16 08:00:00,24.719050760188086,60.678689622586745,5.952799545560738,21.87010006720508,210.64293701972935
2026-03-16 09:00:00,27.551008884344725,48.81622345581983,0.6373476600107897,89.36024730414034,105.01723902859248
2026-03-16 10:00:00,29.26043050913596,48.52796361897308,11.418962436201454,26.29811548513502,334.90121364110263
2026-03-16 11:00:00,30.90488062454941,56.35815013813721,5.774848638939521,40.65808573992239,312.81469088853095
2026-03-16 12:00:00,34.590087681835364,51.04551499938257,1.8645413388034249,81.33836285041045,167.62454727597563
2026-03-16 13:00:00,31.511300203104085,36.53394970059367,9.80542719683363,47.59987375361339,285.27854756802424
2026-03-16 14:00:00,36.592764778001246,36.439448059832664,9.420719679803499,45.31991983128153,264.94358077466717
2026-03-16 15:00:00,34.83729989712854,36.55650416522971,2.3031931006477198,30.068212241441827,262.55260656667514
2026-03-16 16:00:00,29.775714359939162,37.67224914834306,10.04012711137099,63.62468112029571,120.13832857232053
2026-03-16 17:00:00,28.338002180382514,48.665775015073685,13.6476309086406,22.00768576534704,101.08246370137579
2026-03-16 18:00:00,28.83198093480191,53.81836208764974,13.042614158770624,98.58459677652624,3.2063129501460743
2026-03-16 19:00:00,27.02851493781778,55.907810783462644,9.517272837210683,13.217047973175278,0.0
2026-03-16 20:00:00,23.667407859720434,58.357022879148865,2.730578044101965,26.69633754148688,0.0
2026-03-16 21:00:00,21.37722844761443,62.0089264565513,7.756371311146358,43.39212870320301,0.0
2026-03-16 22:00:00,19.37109583692523,75.86346167055854,1.3114276055267875,74.00887483269756,0.0
2026-03-16 23:00:00,18.77016777030799,66.33041729350413,13.51910518029866,81.49252631194926,0.0
2026-03-17 00:00:00,16.913885519832895,77.43943818031447,10.61905499716328,33.6970742690186,0.0
2026-03-17 01:00:00,15.532690008697138,81.33712730106221,2.7504851765285983,54.552183240949205,0.0
2026-03-17 02:00:00,16.024723710931053,82.43671265199904,14.289580388895372,68.62371780077238,0.0
2026-03-17 03:00:00,13.531877878180119,81.13837729485333,8.252044890485681,69.55847167246468,0.0
2026-03-17 04:00:00,15.21379873539795,79.3488518038729,11.029053972776115,79.72124689764863,0.0
2026-03-17 05:00:00,13.953547666752476,62.49237096892531,0.5025028929181979,58.9222797881909,0.0
2026-03-17 06:00:00,17.706080317406304,66.73153806929167,11.355117927712762,99.67024110534435,0.0
2026-03-17 07:00:00,24.158764614473398,65.55751504325926,2.5951082689418756,2.56870985069384,124.48718445537042
2026-03-17 08:00:00,27.405817899107866,66.33948182461052,5.064435332041024,36.011386239479016,181.0873845202974
2026-03-17 09:00:00,27.24406332474425,58.21098356081671,9.655097300420165,99.72863035964632,68.35829643100325
2026-03-17 10:00:00,30.94643998618261,52.456590620779,10.372981463432113,16.12960265576826,366.93073358820027
2026-03-17 11:00:00,32.86971889180359,36.444964201130745,4.185571438826355,32.75954531354665,353.2401524896037
2026-03-17 12:00:00,33.78680829956394,35.67558136981866,8.712200701902566,29.76155457806946,372.48372530706786
2026-03-17 13:00:00,34.262459867406506,43.63011135996207,9.861290925834082,39.616515952472994,321.69663200796714
2026-03-17 14:00:00,34.84794838376243,41.98597194111807,6.645917292645152,33.014889272887935,312.9590917469074
2026-03-17 15:00:00,33.40525372472337,45.820289939519405,6.589261352234821,14.229608711587217,304.7502636043272
2026-03-17 16:00:00,31.251729507361297,37.668786056232264,8.318038294669996,61.378726241813396,124.62744538254134
2026-03-17 17:00:00,34.446729353399824,45.067532887324056,8.740122146004289,8.592330936295323,116.47811953792093
2026-03-17 18:00:00,30.10163227772085,51.31237814696003,3.8546506827980394,9.647218461093898,0.0
2026-03-17 19:00:00,28.520408137861352,53.32126463461751,5.251226381026305,1.4965711568190487,0.0
2026-03-17 20:00:00,22.184181191293685,58.88415827784722,14.846789738893962,75.7103332008349,0.0
2026-03-17 21:00:00,26.059163275310354,67.38401062645144,10.298754834410168,6.729793299537512,0.0
2026-03-17 22:00:00,21.568096970121584,69.8610546877309,2.5094741622194148,5.722968766999125,0.0
2026-03-17 23:00:00,14.522517837401375,80.80424798345464,13.897520157710076,14.62196231439007,0.0
2026-03-18 00:00:00,16.517582240727133,69.57737124851543,14.319429413449187,46.397869137521795,0.0
2026-03-18 01:00:00,17.0117581136774,81.88616781978769,14.688275183777868,51.25397301131589,0.0
2026-03-18 02:00:00,15.284560145130895,79.71322195010181,11.436208049848606,98.51501962716539,0.0
2026-03-18 03:00:00,10.862161386620727,83.0936223644149,14.573109178292587,18.37495888335492,0.0
2026-03-18 04:00:00,18.217145044848806,78.67305884051119,10.207379583403663,83.09671576292837,0.0
2026-03-18 05:00:00,19.016807223047135,69.74219206652006,4.961535092308821,57.88138416473535,0.0
2026-03-18 06:00:00,20.14855649429795,73.87463352242101,11.917281611422302,10.227466103209814,4.055185212013702
2026-03-18 07:00:00,21.606376850819142,65.84488716930973,4.344940479911015,40.48778814354367,87.03982667516514
2026-03-18 08:00:00,23.774105099880355,55.33258232121196,4.80978153031396,86.07331154511701,77.25743848878383
2026-03-18 09:00:00,29.30773592555436,62.2704943411143,11.21816315661001,92.30497911525715,89.33859384379126
2026-03-18 10:00:00,29.288234184011568,51.13851193079278,13.170059502970036,75.78185418727308,168.5683913282955
2026-03-18 11:00:00,29.678623424043906,46.84858766835788,12.81892033082636,51.9253040316372,280.1410167265112
2026-03-18 12:00:00,34.92281271386821,44.63298313857129,13.698657480245283,78.21737850040208,183.34509784828742
2026-03-18 13:00:00,31.86528771801858,38.5192775593034,5.184702492783085,28.834062554221006,362.4118159693674
2026-03-18 14:00:00,35.552683374264014,50.30055036967812,10.373272588106257,46.8139002060517,254.7528408634968
2026-03-18 15:00:00,27.903292547902225,34.74372846915631,6.446647351312325,39.16125846547322,250.50450144988326
2026-03-18 16:00:00,31.337211140059924,43.55898740903166,12.972870205666956,78.715963885628,92.32708792313387
2026-03-18 17:00:00,30.657224323945353,47.39749118129815,11.684137226424552,41.85886099679461,80.96298765750998
2026-03-18 18:00:00,26.61073286530978,55.10995994043342,0.8409878048804298,80.13783134177453,7.125116882704071
2026-03-18 19:00:00,25.983485134434073,54.00611536887045,7.604349475793006,41.258515661983274,0.0
2026-03-18 20:00:00,25.92276422640878,57.82713904167478,11.181351109872029,36.56623093206689,0.0
2026-03-18 21:00:00,21.40530751451598,64.77042706227337,4.873666350916037,64.08645177296611,0.0
2026-03-18 22:00:00,17.973794245128552,77.4791485014793,14.898089934610443,68.1076467093817,0.0
2026-03-18 23:00:00,18.023433139192292,75.40426871414358,8.229386237394014,82.70539873303346,0.0
2026-03-19 00:00:00,14.210675191490534,72.81399618503013,11.565493795419794,81.35420096561332,0.0
2026-03-19 01:00:00,12.646270011533964,74.79636142858705,9.761545338989437,68.39626289753856,0.0
2026-03-19 02:00:00,14.71867851134958,75.1529443658103,9.912378994007364,9.015140174788117,0.0
2026-03-19 03:00:00,14.025124792184025,80.30067381287427,11.061194823524358,61.94780312105298,0.0
2026-03-19 04:00:00,19.04392802362765,86.33489043909178,14.434037595264193,74.16008391534984,0.0
2026-03-19 05:00:00,16.581865808919506,75.25660683353988,9.901426765194735,41.438303065203854,0.0
2026-03-19 06:00:00,17.990223449131236,65.00377572210562,6.97284782696492,68.16857996870522,3.958745718926555
2026-03-19 07:00:00,22.233188557196005,74.9474849742909,14.356612881674916,56.791177588039076,64.30361812913397
2026-03-19 08:00:00,26.750512565642214,56.10130124392379,14.693878885775682,60.91969506029902,138.18812042018726
2026-03-19 09:00:00,27.00730804548496,50.898426229467255,5.3489987461226685,92.93650508595391,92.14555750971402
2026-03-19 10:00:00,27.292335879910453,53.32358939808873,7.10926117591484,2.843993238164799,425.08746094783544
2026-03-19 11:00:00,30.309155084100272,43.63723626901918,3.6244374037096225,91.34672171621429,131.49719809208943
2026-03-19 12:00:00,36.08295151484177,48.92579074557188,4.705907166880398,27.649511352657253,365.95164347885753
2026-03-19 13:00:00,34.15506746172107,36.89124243402922,7.690895410066493,95.37161972271652,108.09611063312232
2026-03-19 14:00:00,33.78482102597158,39.415961123206294,2.4284116828614133,53.92383950516779,229.34540600071907
2026-03-19 15:00:00,33.224029206845785,41.06061022627247,11.810830197059907,95.23553579104659,80.56884452834716
2026-03-19 16:00:00,31.728894743724194,48.66860854438898,0.8607909577628831,65.86085336539897,112.30842151979918
2026-03-19 17:00:00,30.167958269311104,46.68793169560099,8.095100686356949,19.713768768455598,115.98952057430694
2026-03-19 18:00:00,30.68285636850544,47.829737696914925,6.875564194115744,6.354439954341795,2.391583698482661
2026-03-19 19:00:00,28.929332567657568,61.2841836792356,0.850274751480708,47.754528536678485,0.0
2026-03-19 20:00:00,23.568228757239506,57.19055228530441,0.0843987773666155,10.096886340670375,0.0
2026-03-19 21:00:00,21.990832993928557,59.85924971432454,5.888979128837679,9.941049894085808,0.0
2026-03-19 22:00:00,16.214598400908447,66.36014541786774,14.412990817550318,5.436821608839781,0.0
2026-03-19 23:00:00,17.580447772150784,81.94379278879245,4.874911401430438,94.39239809471512,0.0
2026-03-20 00:00:00,16.387128999633635,73.50052906403062,11.750838192609093,99.61938994442096,0.0
2026-03-20 01:00:00,15.001349648483503,72.972849031916,7.927551669157276,33.935379515546096,0.0
2026-03-20 02:00:00,13.569099485518706,78.69786386232973,8.74547835327064,75.60473534445836,0.0
2026-03-20 03:00:00,13.655510366132884,73.98891815749111,0.9773794155988097,1.2500489075711996,0.0
2026-03-20 04:00:00,16.22741449053604,74.80701014275358,1.3876935549310314,47.17952509566601,0.0
2026-03-20 05:00:00,18.574024413365446,72.18606080605447,4.175668243080613,98.4936881832104,0.0
2026-03-20 06:00:00,19.869486669546678,68.72046180273969,8.964856794783282,62.6051590839275,0.0
2026-03-20 07:00:00,24.631048152835895,68.76704683452746,6.726903838805399,14.785845127480645,118.89130100301931
2026-03-20 08:00:00,23.89691703810578,56.6106410415467,13.966154166402717,13.400209702187793,223.662810949738
2026-03-20 09:00:00,25.529795157724607,50.83079199292642,2.2256060413524152,86.01246658992281,105.14494997377942
2026-03-20 10:00:00,31.943057092312056,50.88805678374902,9.944151579457092,35.61344888832403,309.1168244357039
2026-03-20 11:00:00,33.011846823345444,44.115265998796126,11.745471711379633,77.51988011659621,176.70124255348136
2026-03-20 12:00:00,35.67299816544961,44.10133850574201,13.225724531652759,74.28806349504448,196.24544595960603
2026-03-20 13:00:00,36.52696514472106,41.27289286403879,8.852401687155506,55.76043632490554,254.45846145611753
2026-03-20 14:00:00,35.293377416973506,39.37443145135839,8.831421368145026,7.505528776170333,383.3585629382863
2026-03-20 15:00:00,36.83076611454382,46.063164881029735,12.491361315196732,14.8788877249598,296.30219324022596
2026-03-20 16:00:00,33.43302255149542,37.460320459270086,3.4296570980310523,73.34309984853601,102.30395862793735
2026-03-20 17:00:00,34.11740838377862,46.43597479753367,7.793479740849812,57.866983715453266,72.22359115020969
2026-03-20 18:00:00,32.56573787647742,54.436443042849945,5.2448372162947186,13.293125001818174,0.0
2026-03-20 19:00:00,28.925088187671463,46.46924656767912,13.212489409085375,33.96347941238616,0.0
2026-03-20 20:00:00,22.935840459513543,65.03100206061754,9.482009837397836,79.17035109521461,0.0
2026-03-20 21:00:00,24.812447276664102,64.60249604270048,2.702176079213742,94.92585864709578,0.0
2026-03-20 22:00:00,20.446445634469328,63.34908752290564,5.54774222085053,96.64039169458646,0.0
2026-03-20 23:00:00,16.51138088512097,73.18864603762418,3.1444733941052325,74.74542492339586,0.0
2026-03-21 00:00:00,17.243762227889636,81.58066582074485,4.837442989666415,82.05291240518443,0.0
2026-03-21 01:00:00,16.118411092811908,81.09977325846914,8.348800159906041,54.325815476805204,0.0
2026-03-21 02:00:00,15.491875998319651,79.64074581018627,8.895878082083986,97.84584123083489,0.0
2026-03-21 03:00:00,17.954677890251745,86.19831535560809,14.367882590901628,17.076568001533964,0.0
2026-03-21 04:00:00,16.809708720269338,81.63810256795784,14.442177089468426,95.88940617448522,0.0
2026-03-21 05:00:00,18.356083917127954,70.16437802483664,5.2968657889264,2.5670384341441754,0.0
2026-03-21 06:00:00,19.989794214972463,76.47394303855629,2.9819787792034864,41.22009445142128,3.7622032612663627
2026-03-21 07:00:00,22.98804137911113,64.9500472403031,4.762806187219054,31.309919227172077,101.34837341249656
2026-03-21 08:00:00,25.188316842150943,57.50264003983852,2.514356177010335,35.92678524849242,178.1449399446657
2026-03-21 09:00:00,28.557479253091643,47.066984384597205,3.2069361969599153,90.1674314747701,107.70690198479468
2026-03-21 10:00:00,29.733425834082393,53.67315179525051,4.536571693621141,63.69026055594106,207.51956957361935
2026-03-21 11:00:00,32.88128905574243,43.52796872900093,0.38255631722538097,41.530357710107864,304.99154850390266
2026-03-21 12:00:00,33.82916664990917,38.93241252137232,3.523351430134438,98.9084751390496,105.33950942582791
2026-03-21 13:00:00,35.52766715590654,44.960948172361626,8.298277123042508,60.65651775208725,239.76190010403067
2026-03-21 14:00:00,32.7018197963612,40.09333630383041,13.98638451416081,34.88238615672161,300.77405781412386
2026-03-21 15:00:00,33.13761031044372,39.42488489504437,1.3377097493058998,40.229165464046844,227.6471288376596
2026-03-21 16:00:00,29.230225947441696,40.98228259989352,10.470868061481001,3.7004087260411267,233.76569662334595
2026-03-21 17:00:00,33.93140771402906,42.31015558799997,9.166676891490354,28.110059466797587,101.14985441006645
2026-03-21 18:00:00,33.762162563622724,49.83158372289936,9.968911037645578,79.57866555164038,5.163863686055176
2026-03-21 19:00:00,27.249213231139436,56.18361926601295,0.04638118050731499,63.40180395770643,0.0
2026-03-21 20:00:00,27.257066747900993,62.8477367853585,10.190107832608637,79.58908948098993,0.0
2026-03-21 21:00:00,23.293418664006257,63.369812369053065,9.910072133167281,94.64675086339125,0.0
2026-03-21 22:00:00,19.93062377152933,64.95810115187926,11.402307477295345,28.223988244337207,0.0
2026-03-21 23:00:00,16.967621348353152,70.10408899584559,0.7469711673626683,37.33484598984334,0.0
2026-03-22 00:00:00,17.21336305249275,79.14087901967798,3.384800494553169,94.43730688635301,0.0
2026-03-22 01:00:00,13.393368860574087,73.53837098372944,14.072281165551125,35.08848629240463,0.0
2026-03-22 02:00:00,18.104720608222557,75.65786315017147,4.782114738955543,49.754131794459845,0.0
2026-03-22 03:00:00,18.66343371385892,81.10019961628076,6.1740967690799256,80.94756300214696,0.0
2026-03-22 04:00:00,17.231697943895263,80.37296601796996,11.934581655927854,59.534102634912585,0.0
2026-03-22 05:00:00,19.42314778868403,75.05007007629426,14.589283459614313,76.13867731009402,0.0
2026-03-22 06:00:00,18.36406823853864,67.01236212923652,10.455009143272322,24.490825574723463,0.0
2026-03-22 07:00:00,22.69871410967274,61.853197532259166,7.675480747860163,3.2622812948242763,128.4349106334848
2026-03-22 08:00:00,25.459962559081667,55.28519423040647,10.459030347231439,10.466724504719583,234.55005934920047
2026-03-22 09:00:00,30.74760834890759,61.772316363776646,4.112969736879504,23.51428423067895,282.60981988626673
2026-03-22 10:00:00,29.57394508349588,49.767298071851386,13.055411320472864,21.828306616216718,347.03793952212635
2026-03-22 11:00:00,31.377322475085954,41.254523599970085,1.48275894336706,67.42728449471986,218.81011627960098
2026-03-22 12:00:00,31.626826639049167,49.13770899005093,3.849435842890336,75.47808477087138,190.98884348264738
2026-03-22 13:00:00,38.511153839159924,41.75026386192682,6.658721985041112,96.93754806255677,101.98563702379015
2026-03-22 14:00:00,33.81553432880815,41.0283112473668,10.591996194632516,63.180248878009984,215.2581543298461
2026-03-22 15:00:00,34.402902498519225,42.73976405642761,3.9509832953012354,66.14080112915231,154.03014350760287
2026-03-22 16:00:00,32.148567441314356,37.33433059390346,11.30306063285496,63.268883940268864,115.6661441809371
2026-03-22 17:00:00,33.68011572865429,40.73919992453136,12.288946193197376,46.17766371959638,75.94489970273514
2026-03-22 18:00:00,30.639165914634926,56.306468917918075,10.050487795164756,7.0101049198740935,0.0
2026-03-22 19:00:00,24.801178743982746,65.15400506704061,10.616190228432611,36.62263749476943,0.0
2026-03-22 20:00:00,27.190913458467158,62.57764572244001,14.583852511052232,20.94733083370992,0.0
2026-03-22 21:00:00,25.484386346066028,62.023998753516814,9.01401489522712,53.12599819037567,0.0
2026-03-22 22:00:00,20.90032780386064,65.30770192553805,5.1327450841027815,26.41037167885729,0.0
2026-03-22 23:00:00,17.97598700939241,77.71824632546554,13.725447854723495,31.70021294110069,0.0
2026-03-23 00:00:00,16.26948078423909,82.89461127320483,1.5435293162421488,81.37812973886723,0.0
2026-03-23 01:00:00,16.167801426548138,73.30420180781213,10.323701046012307,7.2362048938679475,0.0
2026-03-23 02:00:00,16.18384613269431,80.69306339077713,4.6258343374191915,98.79269928714369,0.0
2026-03-23 03:00:00,16.88081434635226,82.5532072696536,6.12911257601652,40.401559253140576,0.0
2026-03-23 04:00:00,15.333915732852997,75.59326841485425,13.043126603888084,1.4377018641759887,0.0
2026-03-23 05:00:00,19.285152777826244,75.93784422810799,4.101992528397638,79.09778782449212,0.0
2026-03-23 06:00:00,18.145643169981156,73.43327766976256,4.040179453789012,52.80699594562181,6.507196889596738
2026-03-23 07:00:00,22.959630945282647,61.79004308125317,6.957881172659827,55.761225402237145,73.27125347851606
2026-03-23 08:00:00,24.938128571794028,52.69884254411651,12.325843911926862,52.35187986119115,141.67777310720027
2026-03-23 09:00:00,29.335911676955753,48.03735428274092,5.512869030161248,41.440638649221576,227.3503950437695
2026-03-23 10:00:00,30.982669759257774,49.97478268999063,7.800377922751462,57.241620714633534,228.5917960525266
2026-03-23 11:00:00,30.14939340383822,48.66781037166868,0.9065902966057676,3.876721409741535,453.70651211617593
2026-03-23 12:00:00,35.16396921539252,48.24891699030872,1.526837572969701,79.8007079167728,177.37797274812064
2026-03-23 13:00:00,31.48972200672197,41.34664715413853,11.004720306459962,99.08194852655562,105.4082628267887
2026-03-23 14:00:00,35.21665378556553,33.53033010145427,12.580073445129708,81.31369088544385,144.94770344253047
2026-03-23 15:00:00,38.17935077655296,43.25054810088568,12.822642976004726,13.646504319823126,297.6722682660879
2026-03-23 16:00:00,34.7347521117451,43.57232403586945,7.3322633037842495,21.914669329905866,195.81854411152617
2026-03-23 17:00:00,30.346803927506702,47.49629234258274,14.869720094027516,84.5873847826941,41.65910432990836
2026-03-23 18:00:00,23.759076265594082,56.30956069295922,6.769772217844495,69.74598418892406,7.480481639519988
2026-03-23 19:00:00,26.599401015345272,56.96225872987843,6.575586219888074,2.5095705526882006,0.0
2026-03-23 20:00:00,28.27130727438768,63.51899196479815,10.762287948914183,68.25740985915687,0.0
2026-03-23 21:00:00,22.051413764730416,62.52716500740522,12.808279240344534,38.193376499295354,0.0
2026-03-23 22:00:00,22.39937519497303,69.90109097829999,14.109449839963348,41.84342891096583,0.0
2026-03-23 23:00:00,18.204341222877776,72.27278181244293,12.07955256426153,45.19851142578097,0.0
2026-03-24 00:00:00,14.51465251126738,70.61807831838209,11.723917304429309,62.6625272930017,0.0
2026-03-24 01:00:00,16.147701172215367,80.6559611439274,13.218161330618422,15.921002004307294,0.0
2026-03-24 02:00:00,13.089982911198033,81.91266648819601,0.9909263286105635,57.41613722736856,0.0
2026-03-24 03:00:00,15.147675610522077,82.47099225112865,3.841725055784893,49.14011883006343,0.0
2026-03-24 04:00:00,16.135714504399235,81.70392800210405,0.529304823970202,24.50378681395078,0.0
2026-03-24 05:00:00,16.782470069359526,86.23969230556945,7.678434959624097,58.60096511634506,0.0
2026-03-24 06:00:00,24.15924959475545,69.93637398565987,7.626585593709903,25.236907904409456,0.0
2026-03-24 07:00:00,24.30048349757714,69.20292817146822,11.469662408507602,18.69736907702837,110.38825821149715
2026-03-24 08:00:00,26.067252535877692,66.58617888554349,8.181493088441496,44.693983448336525,155.14632479766783
2026-03-24 09:00:00,27.363999694637002,53.05829440841181,10.459902865329164,50.3412262512886,211.8635167560679
2026-03-24 10:00:00,27.580792228206732,52.530950185855986,13.738527602214564,79.06141044045523,155.2247420121388
2026-03-24 11:00:00,30.747412806945487,40.95596866438652,11.395723354196617,46.93859084580115,291.324792554916
2026-03-24 12:00:00,34.744148547469635,35.54197170242349,8.815029645352679,43.88988934384722,305.08696932167544
2026-03-24 13:00:00,34.51919676140457,44.93205166535676,6.5419535531333075,91.29194119816214,126.76462916374386
2026-03-24 14:00:00,34.81001076071482,41.09698216297682,3.5205843134302746,61.27830077496481,208.4994380761153
2026-03-24 15:00:00,33.09141711343465,32.84295050540114,14.087107103877338,67.35100076783334,160.45021766270915
2026-03-24 16:00:00,36.116207545113,42.576459884349504,6.189244578747815,51.54434229621296,140.89748098917485
2026-03-24 17:00:00,34.78970634516664,41.385310564503854,11.03404763340705,0.9437034182955495,121.4316981483311
2026-03-24 18:00:00,30.555251842507314,53.32226508166861,10.227826637185876,53.20578763513547,0.0
2026-03-24 19:00:00,27.40438968930154,58.92384023105633,14.2519711910052,54.04776277302108,0.0
2026-03-24 20:00:00,27.883915479423518,60.50005827446038,13.051638608807858,96.35552555944736,0.0
2026-03-24 21:00:00,22.759765092091417,61.941421064233374,5.8458661131325975,42.27975888729263,0.0
2026-03-24 22:00:00,18.991332648401293,65.37790437968637,14.429916316931529,76.05505707918662,0.0
2026-03-24 23:00:00,19.573834028614684,76.56999574487108,0.6370709519539852,34.904336410223344,0.0
2026-03-25 00:00:00,12.815592855806553,78.90939560880987,14.534496546362313,67.70966896024521,0.0
2026-03-25 01:00:00,15.442001049967303,80.29091738056432,2.7870636468157755,67.24586362654766,0.0
2026-03-25 02:00:00,17.45221063762245,74.7994328203878,8.588892667876612,19.75573723943418,0.0
2026-03-25 03:00:00,15.254739799035523,84.02349235410169,6.584621894131742,80.06905243363788,0.0
2026-03-25 04:00:00,14.590082458052871,82.41088488290308,7.557978399180329,97.89103066286104,0.0
2026-03-25 05:00:00,19.539072951613083,77.52071697868593,2.0809983349935313,12.607311280826883,0.0
2026-03-25 06:00:00,20.618190179289037,61.69675556675589,5.612887725857114,39.17257377219919,5.042008286449239
2026-03-25 07:00:00,24.157925959961677,63.72342354478332,6.176817091146482,38.75956220419441,99.25793678602605
2026-03-25 08:00:00,23.41175057434736,58.02553991287008,4.878438211075244,5.201695680009289,232.34209076090352
2026-03-25 09:00:00,26.800608386656112,50.851384767323424,1.2980104362412965,50.36676153670704,213.5444506411175
2026-03-25 10:00:00,31.127013066714365,50.57809051903205,1.5740703188310479,66.10072184068865,198.16457351432263
2026-03-25 11:00:00,31.572601646678,47.20489005301833,5.566846577398242,75.72185431799143,185.59596145448938
2026-03-25 12:00:00,31.745662026469862,35.94920162762966,13.88147805190247,82.11557839805964,169.57622006080757
2026-03-25 13:00:00,30.507830618654637,40.613954702164854,7.056958219729793,4.9792008152848455,455.7998010492117
2026-03-25 14:00:00,35.31338231047217,42.46911801257219,12.109931240830308,36.876956891845126,288.25453581807443
2026-03-25 15:00:00,31.903927931009015,49.783876651107924,1.015575994870113,11.68447253272743,303.1624743877356
2026-03-25 16:00:00,32.47074249118396,48.21242115502652,4.3400504324058415,67.312003084712,106.61890545790898
2026-03-25 17:00:00,30.722152495208675,49.345013798321844,6.285622353188675,72.03033817763567,52.743806943396315
2026-03-25 18:00:00,28.659912894062312,53.8765195230537,10.785204697989949,64.85087198841633,0.0
2026-03-25 19:00:00,25.119151642368777,51.1975557674051,0.5135432474154555,51.91649569095183,0.0
2026-03-25 20:00:00,25.689475619275846,52.574817413809235,12.807910427288519,3.803303970402483,0.0
2026-03-25 21:00:00,23.065457452351147,64.32303754337369,14.803215136394737,41.36902807436865,0.0
2026-03-25 22:00:00,18.21738706243477,71.6627119245542,5.380263082120021,23.50973862748269,0.0
2026-03-25 23:00:00,14.417342015083511,82.07850967096395,12.343548734785106,33.32710505338521,0.0
2026-03-26 00:00:00,14.833088496658734,80.61586304557922,12.037502647661249,61.89300930356346,0.0
2026-03-26 01:00:00,13.59455718575284,90.47621318734552,12.347524712718172,48.42182690601873,0.0
2026-03-26 02:00:00,19.4083518893806,75.14103476393407,6.172197492805724,95.67396578923906,0.0
2026-03-26 03:00:00,20.851272504529163,89.56996259136997,11.246331520884388,80.86271852145155,0.0
2026-03-26 04:00:00,16.269330697625332,81.37503390465753,1.5363134455934713,84.59571705533686,0.0
2026-03-26 05:00:00,24.11246858623161,80.65709259203025,1.9416527701092423,51.38670763467594,0.0
2026-03-26 06:00:00,16.181425695462977,68.50207972772337,2.762704681341013,22.670253201951184,0.0
2026-03-26 07:00:00,25.00954464870599,67.0238566795817,0.5103108262787059,58.867975334608026,69.72721269412995
2026-03-26 08:00:00,27.179232903018985,55.08195395218492,1.7053111363301887,53.626644339343855,145.39828444219228
2026-03-26 09:00:00,26.013398789396454,57.222294618847414,7.183320607873103,19.31211251271935,295.86539273824616
2026-03-26 10:00:00,29.802423311816938,57.852833837937915,9.507476318580297,73.98055889662665,174.0321314745592
2026-03-26 11:00:00,33.85211516703789,45.540335417933555,0.8999742237562314,41.98916589776835,308.22635203001784
2026-03-26 12:00:00,35.73946786008892,47.627770852993734,12.406421350319638,57.741230016491016,251.83043927263293
2026-03-26 13:00:00,37.41393508982455,35.227071497062056,1.8115195950323004,76.46792593996935,184.33453698458368
2026-03-26 14:00:00,37.627738913762194,34.503467162413955,4.903061290801913,9.534993929755231,371.06315578919066
2026-03-26 15:00:00,34.832107812102386,46.22051127435328,1.6047822526842297,65.01649168835011,152.54917725468516
2026-03-26 16:00:00,35.46830984440407,33.742303946255966,6.868334837882237,60.564634968110866,136.1475024378734
2026-03-26 17:00:00,34.209661210250815,42.210842753920915,11.855314631767099,86.99207158362135,30.391810322517582
2026-03-26 18:00:00,28.735660629324236,54.3983034533065,11.574620911897181,55.41147609110849,0.0
2026-03-26 19:00:00,26.422860471514486,48.86230422209803,8.78195944497879,90.44793590740714,0.0
2026-03-26 20:00:00,21.455323105286173,56.76770609351534,10.535838452156584,40.827242833679854,0.0
2026-03-26 21:00:00,21.371017278026088,56.10192509072541,3.2908821045981247,33.230639433649,0.0
2026-03-26 22:00:00,18.335701934142374,67.68071291739302,7.322267751840564,17.88317192961143,0.0
2026-03-26 23:00:00,17.691546638444187,72.79451691753337,13.170655072807776,40.2181150034557,0.0
2026-03-27 00:00:00,15.973867818256798,78.55479811666876,6.185939329750994,14.58619390703958,0.0
2026-03-27 01:00:00,15.506194757330613,85.3574647335331,10.550343891084829,80.39728660580057,0.0
2026-03-27 02:00:00,15.70659820863573,87.07755746407683,11.326815758646159,44.56123205258411,0.0
2026-03-27 03:00:00,11.604492173781534,70.97974031647628,14.380089454278163,86.28726583879876,0.0
2026-03-27 04:00:00,14.8001049540804,80.06373184063504,2.4023612379433237,99.92890318776341,0.0
2026-03-27 05:00:00,16.944920764449776,74.90719514425847,2.2798579118458044,19.052899087912543,0.0
2026-03-27 06:00:00,18.207290411381436,77.24826557262391,14.133594183541474,43.591551283305186,0.0
2026-03-27 07:00:00,19.135522428760307,65.26356685619058,13.066069391270469,2.379667302273436,121.14058502773271
2026-03-27 08:00:00,27.909885343222594,63.004445976836784,2.125346642947337,87.61802450465645,62.53419279168834
2026-03-27 09:00:00,27.56234235090822,54.01319867359369,2.6248631856916047,85.82625278986353,120.83460737154105
2026-03-27 10:00:00,29.785938561177,43.644974499566196,12.727901804638165,66.05116129005889,199.53278012220204
2026-03-27 11:00:00,31.26155421820007,50.103937247506195,0.5585552436288999,42.39985101805851,301.70289609280866
2026-03-27 12:00:00,33.65584995911423,49.88353687484958,14.020573125351417,30.75638691513525,364.1225300860935
2026-03-27 13:00:00,34.286271788928836,47.09346199595292,7.108147298521334,10.50165555545851,425.9011216981983
2026-03-27 14:00:00,34.66736064206113,42.4798125619618,1.1295065209494992,77.72827371061682,158.57753800925929
2026-03-27 15:00:00,35.49281727283155,31.885359267746338,7.562684209676566,75.61112657461737,127.13746754870779
2026-03-27 16:00:00,36.44048350839065,44.45564488061682,2.4700131172634814,24.978701305564478,190.92418074906809
2026-03-27 17:00:00,32.22918655347013,45.68937544821894,8.895489961410487,57.187852637799885,63.8451782188133
2026-03-27 18:00:00,32.322344136852465,56.46108637207904,13.61936201971882,43.21024205778996,0.0
2026-03-27 19:00:00,27.38755490065668,58.42415689229706,11.551533464111847,77.54310547912134,0.0
2026-03-27 20:00:00,22.253183295192883,53.65610172995003,14.763079957487129,30.955311574098587,0.0
2026-03-27 21:00:00,26.205567256464082,65.24430784606439,6.2489108997197125,89.41596078056934,0.0
2026-03-27 22:00:00,23.117528253323524,63.713199022578465,2.6253018264642507,56.54829936651626,0.0
2026-03-27 23:00:00,18.58585424752942,72.1173644478734,8.370798022363937,97.20105030157549,0.0
2026-03-28 00:00:00,15.11396579196279,86.53521492034253,5.666827667273381,18.782686521242407,0.0
2026-03-28 01:00:00,13.39181824201606,76.47888517399701,0.8345666532333323,83.83753512618883,0.0
2026-03-28 02:00:00,11.111264448243295,81.7457866693065,13.769011391184776,55.0361183168726,0.0
2026-03-28 03:00:00,18.18962513441498,76.49388831655587,3.165847981188244,96.5862301458949,0.0
2026-03-28 04:00:00,18.277638634217276,75.78113199713492,2.5388544689513513,35.128999002671094,0.0
2026-03-28 05:00:00,17.597695975200793,78.21931261490984,7.132398239069197,12.770705199281684,0.0
2026-03-28 06:00:00,20.08079209273471,71.36548146761248,6.956987388590854,63.78804855257597,2.8433548840740173
2026-03-28 07:00:00,27.4826061437289,68.35151161310742,12.368303270880615,96.00490527518204,23.257308737761882
2026-03-28 08:00:00,24.352932994161595,59.57841709731763,13.70345791746294,36.61819179491415,174.61102461274876
2026-03-28 09:00:00,26.4003497588507,52.94869685694163,6.957487215139536,37.778326393253835,242.29161952983685
2026-03-28 10:00:00,28.24810410748272,49.772286527157036,4.636362001583811,86.90067278841885,126.61322310080871
2026-03-28 11:00:00,34.93128961599798,45.00374185127373,12.098855240470204,78.263513607652,170.06010650029222
2026-03-28 12:00:00,33.82753826079935,36.790775765093805,14.821074976844146,99.35289337320495,100.82245746937942
2026-03-28 13:00:00,31.879107161114362,34.05907151283336,7.302039417245626,96.34318767849194,107.89206773465882
2026-03-28 14:00:00,37.174151093788424,29.7792841742041,11.0430514331824,50.11346058203674,247.98003300230047
2026-03-28 15:00:00,33.58669148610507,42.424753845346075,4.214507135956408,23.984241510970627,282.9088924250203
2026-03-28 16:00:00,32.45240916942687,43.40711709530234,12.15747710584509,7.8129712309166095,228.4387260305771
2026-03-28 17:00:00,34.42893598499684,38.745554717114494,6.903880177705398,81.20820161738106,38.357407713485436
2026-03-28 18:00:00,31.971315925317835,48.28215865326434,14.160442419333666,51.27468258114063,1.1281733563843293
2026-03-28 19:00:00,26.843970241268583,61.184787049257295,0.5782882120450711,14.932769133878166,0.0
2026-03-28 20:00:00,26.042072363263177,64.9725282270024,7.313450183404045,0.915042170705771,0.0
2026-03-28 21:00:00,21.731855144436445,68.1933211632138,5.955541139665698,73.6139071825598,0.0
2026-03-28 22:00:00,18.0989387950759,64.21929304117975,3.653133078985444,42.72770373695225,0.0
2026-03-28 23:00:00,18.016318113031286,80.90731153723387,14.714697121097535,92.03414806641862,0.0
2026-03-29 00:00:00,17.927008569345137,74.3749202929684,10.6534666662239,11.647774184104687,0.0
2026-03-29 01:00:00,12.248825190168612,89.45710503669119,9.146002171728203,11.020402253905882,0.0
2026-03-29 02:00:00,13.51971648151375,93.77311908058269,11.686067522183347,5.35679339082662,0.0
2026-03-29 03:00:00,14.364770571870988,74.80978735290549,5.533346486066843,19.010316040566856,0.0
2026-03-29 04:00:00,15.077684325418577,79.65476081612773,10.950024533898802,47.70065726721965,0.0
2026-03-29 05:00:00,18.104096678482787,73.73943194337848,7.5880585665878,71.3791060718018,0.0
2026-03-29 06:00:00,18.90412601657047,72.89886628772807,7.058938503525043,94.80505812416627,5.298846359329024
2026-03-29 07:00:00,21.712744122380094,70.13085374963538,4.233221229102398,16.551711034285766,107.78337777500857
2026-03-29 08:00:00,24.948918111562293,61.380079633909766,13.749854578344415,4.737306091983962,244.87182087899467
2026-03-29 09:00:00,28.321235302464345,56.20850215851238,13.759913842575992,94.89059117912649,90.02029621662655
2026-03-29 10:00:00,29.728098985525612,49.443960200856125,8.139563470013329,42.35099599371138,288.416321031444
2026-03-29 11:00:00,28.834298516444107,45.460262544179805,11.477653875483707,70.85997821379559,206.23954244248657
2026-03-29 12:00:00,32.47463585829446,42.751904146388185,12.033759652503292,46.18326191057711,297.64171799915476
2026-03-29 13:00:00,36.18762375721814,44.644308915600796,7.066673759291636,81.13451552988384,159.68372153361028
2026-03-29 14:00:00,34.045192700663364,45.11885919775524,4.045644638888507,35.67802209392976,290.79605235214854
2026-03-29 15:00:00,33.64994739458963,37.83327708959621,13.7950675572432,75.38339969157511,129.96800216689934
2026-03-29 16:00:00,29.016403389789694,44.265142116425366,10.527157535631787,73.28683746864534,97.45940049186089
2026-03-29 17:00:00,29.511337418449198,51.25619723994194,9.102223418054306,45.49204735187009,77.90010124869816
2026-03-29 18:00:00,30.693847992820494,48.729534090378436,5.937101606638288,22.91064182002073,4.385774152847445
2026-03-29 19:00:00,28.726971869517985,62.83701125528681,3.3823875744577747,40.13492534360895,0.0
2026-03-29 20:00:00,23.668228221953964,64.57379168368792,4.807920090038023,83.27333667435134,0.0
2026-03-29 21:00:00,24.057785616631936,58.31844635699883,9.447067883387673,0.6529566528761577,0.0
2026-03-29 22:00:00,21.072779862578916,72.68338719110746,12.784959252433959,40.455159924598064,0.0
2026-03-29 23:00:00,17.847657797283787,63.9359401526292,5.54193888362094,96.80453801140928,0.0
2026-03-30 00:00:00,14.766094274103413,78.61013709707272,9.55380894165854,57.03335485444023,0.0
2026-03-30 01:00:00,18.610819758568017,76.97703187087866,2.34825767657951,64.20094095777159,0.0
2026-03-30 02:00:00,15.882783491937852,86.00020112379195,14.130624375666601,5.189755408231944,0.0
2026-03-30 03:00:00,18.154923237415378,78.24088323427526,10.303170005318355,44.463123862170484,0.0
2026-03-30 04:00:00,18.904298386828575,74.5777685150059,13.30328380589445,94.2525582104492,0.0
2026-03-30 05:00:00,16.65767277925721,64.86948728259901,5.717568957102906,36.9305724563249,0.0
2026-03-30 06:00:00,19.951508668724887,69.83753026938685,14.988076047453674,46.95660684904178,0.7492270215325846
2026-03-30 07:00:00,22.164375791359852,67.64620431177121,8.675754361329595,92.93534732708214,29.499799494232878
2026-03-30 08:00:00,23.022465273177293,55.758458884693425,8.216385349650334,53.46470065723332,135.6868566787762
2026-03-30 09:00:00,28.450590181176217,53.93390135375472,14.289334422541028,41.925125115346454,240.78968239309768
2026-03-30 10:00:00,28.070443828769513,55.98344650338166,11.946517258506889,53.42522320015456,238.3556657537456
2026-03-30 11:00:00,30.36126238377353,42.97979585291036,8.813263416433792,51.15710446813589,280.27786599367937
2026-03-30 12:00:00,34.613916436133756,38.81328276020487,4.80017691132136,0.3619447186210101,487.2209479498549
2026-03-30 13:00:00,38.559892523381286,42.739694170671854,1.1857834895570134,22.21387726709946,377.65994653582396
2026-03-30 14:00:00,35.73629273188686,34.571215107533355,5.076832467255876,4.939715217905849,400.50599117749766
2026-03-30 15:00:00,36.82556548024189,40.30574726247261,7.798255338776208,21.91199284550055,276.3872611767977
2026-03-30 16:00:00,36.62594759126284,38.759475290401014,9.994823906763791,44.8559747276252,150.725389911579
2026-03-30 17:00:00,33.00711577417589,43.98794575164116,12.99965830693468,76.50615656855105,53.84585183795889
2026-03-30 18:00:00,32.85148300796588,48.18417364939368,1.856474705278075,60.310064233385475,0.0
2026-03-30 19:00:00,28.574863478860546,66.46446741544118,14.513471482355138,76.54237653978178,0.0
2026-03-30 20:00:00,24.447536551278752,62.67046449628368,12.590547350594079,27.69943452290653,0.0
2026-03-30 21:00:00,23.129817875760946,63.50613471493698,11.131521865753339,69.4505766317698,0.0
2026-03-30 22:00:00,20.81837005010333,73.80018630981017,4.549063158521293,59.323374455903235,0.0
2026-03-30 23:00:00,21.285361888637745,72.99268516322732,9.797602370167247,94.78111907416434,0.0
2026-03-31 00:00:00,14.230872890359656,75.87776864166658,1.5623237297997798,92.77077740197423,0.0
2026-03-31 01:00:00,16.222609164027784,69.48086306060227,2.805904039122322,40.72192757381183,0.0
2026-03-31 02:00:00,12.3962358213068,80.88623732603219,12.76778147316956,39.28029238784131,0.0
2026-03-31 03:00:00,13.985868631819447,69.61906644971373,14.384915396400412,17.864258957491174,0.0
2026-03-31 04:00:00,18.681011813994672,83.11732188466075,1.3333433620664974,92.26288359725702,0.0
2026-03-31 05:00:00,16.730387783218873,73.13283029135776,12.666242801281303,44.07236372750325,0.0
2026-03-31 06:00:00,22.902855563092814,68.23628127882108,12.829239775531436,11.389200590939208,0.8105031375772666
2026-03-31 07:00:00,20.440151210617557,64.79287900962318,13.528594902410948,8.814637256941072,121.4105631507266
2026-03-31 08:00:00,27.850129306038106,53.36102899481413,14.433849112593634,14.62104581252941,211.43874354980272
2026-03-31 09:00:00,27.002516605024994,58.78687741743591,7.802939718379716,78.09542031681997,132.59233832665538
2026-03-31 10:00:00,28.680956386489818,55.40194964468982,4.918095226712928,59.51846465808749,221.4006982415118
2026-03-31 11:00:00,29.179960029347864,41.061506493409134,1.6294411293560973,65.44137482873326,218.33106476402577
2026-03-31 12:00:00,34.92018553071632,39.853488706187626,3.3143986900620144,97.39238950701665,101.48264051209628
2026-03-31 13:00:00,35.74542945829096,33.8025948012442,2.580386720732841,82.45613538220275,159.22342802534988
2026-03-31 14:00:00,38.14636709094188,40.05184248221866,11.480111886849292,21.30943221603755,331.0138456123319
2026-03-31 15:00:00,33.03088982884533,44.76504054837188,7.710557656651989,40.989690687307345,235.98576586645055
2026-03-31 16:00:00,31.47966717917101,47.28451023843925,8.89195614297158,54.413990488097575,141.55788831839286
2026-03-31 17:00:00,32.56664272336596,52.42246494432143,2.2298676832495827,76.11086254040971,48.20369143304226
2026-03-31 18:00:00,29.789530139679098,44.675626944493175,13.07998721251175,90.88235053079057,0.0
2026-03-31 19:00:00,27.462371861010954,49.545489718689424,3.033708146683876,46.180328145060976,0.0
2026-03-31 20:00:00,23.41467767271742,63.49034010349382,2.419457795460152,12.031132643705044,0.0
2026-03-31 21:00:00,23.13149067750283,66.39951433521249,12.810512752812405,59.22847268466486,0.0
2026-03-31 22:00:00,17.13656814399532,72.90765626251125,11.411843096862471,61.700711545803465,0.0
2026-03-31 23:00:00,14.685808339638427,67.3132413488409,1.8400436059085945,66.40037227372268,0.0
2026-04-01 00:00:00,16.931984816033015,67.85923101507177,6.162557313942364,79.4593261965151,0.0
2026-04-01 01:00:00,15.149635229055406,77.58535122086249,5.227584538554328,51.93311975336139,0.0
2026-04-01 02:00:00,15.692184241894317,79.48878545953457,14.21736381068077,11.833314961805552,0.0
2026-04-01 03:00:00,17.775681918932985,69.69635879371724,3.9848818403861808,73.80819623358994,0.0
2026-04-01 04:00:00,15.833718590747369,85.17202105952597,13.721291339910515,32.510138870851634,0.0
2026-04-01 05:00:00,17.978194581800036,76.44704808395005,4.443175536236643,77.97767483389096,0.0
2026-04-01 06:00:00,24.238432165089506,59.12780198313897,0.5398539399178931,19.725510747561227,0.0
2026-04-01 07:00:00,25.184114050646336,68.4775620843537,1.2625968130614251,3.1793197800546347,126.08240263465726
2026-04-01 08:00:00,24.600131336362878,53.93048091062212,12.21475496967841,52.12967892670611,146.62312999141787
2026-04-01 09:00:00,26.417961349492202,52.55480370174569,0.47568092913717663,67.6813279241929,155.41384478515798
2026-04-01 10:00:00,25.149542037018588,46.453460933237814,0.820392853565593,53.727835188509545,245.31994619733683
2026-04-01 11:00:00,33.037026883132135,42.24298268109608,14.004092614341793,11.781691804548755,418.685286431115
2026-04-01 12:00:00,32.49166055048647,43.53151063128388,7.878860610352349,27.27525366959368,382.94465344725285
2026-04-01 13:00:00,30.692937125393122,39.55814540753699,0.020301709749813157,50.75373330031939,281.4682244209226
2026-04-01 14:00:00,29.937177718844687,43.609393079887944,7.5334794001562875,66.02989849915193,190.13112540395323
2026-04-01 15:00:00,34.730854098079355,35.12616748519249,4.4186039932101995,24.611795863443465,279.05577348018824
2026-04-01 16:00:00,32.97729520347496,43.11143468274823,8.991907933558009,26.689863441733475,185.83555847301466
2026-04-01 17:00:00,34.70706264157379,38.38316923950801,1.5184693494114803,64.14284776032295,61.35595521698378
2026-04-01 18:00:00,30.599808350112628,52.42720185292678,0.17584926673381018,50.05936286933004,0.0
2026-04-01 19:00:00,28.89850026775059,59.23016097448321,11.171904854026804,87.76631733142982,0.0
2026-04-01 20:00:00,25.678849126148137,56.947660816328124,5.788773838508069,29.755441595809906,0.0
2026-04-01 21:00:00,21.334702906057554,62.85148190013261,4.155250977878147,36.72645114937172,0.0
2026-04-01 22:00:00,16.477861070264577,67.2175484364087,7.286266709756354,44.539506579416646,0.0
2026-04-01 23:00:00,17.06203802718962,77.75662124871482,14.00445222652063,92.39356717839723,0.0
2026-04-02 00:00:00,19.228491535083773,71.97783467859102,13.980898206630867,63.80378313563383,0.0
2026-04-02 01:00:00,14.685542017404456,64.60346044998307,14.100510039670729,97.60670897902096,0.0
2026-04-02 02:00:00,13.081125910000452,74.43639724261998,12.218860612519151,63.41793994455956,0.0
2026-04-02 03:00:00,13.369130170833005,80.68538040612759,9.31077967194188,58.6973925487539,0.0
2026-04-02 04:00:00,15.062357383756757,78.19009939073563,7.492313523243768,26.253478163621825,0.0
2026-04-02 05:00:00,18.271892090786338,74.19243031626706,10.108109906150165,55.74358407091555,0.0
2026-04-02 06:00:00,16.19273157077045,72.6627760535053,14.99188374716163,61.3983761644776,0.0
2026-04-02 07:00:00,22.509684004883507,58.79694034714551,7.011412217945121,36.747284834458995,87.55386227228257
2026-04-02 08:00:00,21.46855303896063,56.8608173789195,5.042784541028446,71.97179505807573,112.66170298293676
2026-04-02 09:00:00,28.13041529802892,57.918470557421514,8.176818538688895,11.328046174801399,316.12600792684816
2026-04-02 10:00:00,25.437044701659495,60.23473746319224,10.283677785912344,9.454732082040973,397.39662948936206
2026-04-02 11:00:00,35.01152818574017,43.90526069062379,6.178051834742001,97.5662392499815,105.26162405830352
2026-04-02 12:00:00,38.71783065233819,44.22544623171358,11.604378992512542,52.56071615362592,274.75003262924224
2026-04-02 13:00:00,37.083820592661255,35.65454907100446,9.387290884269401,43.03349621184278,302.72587700770384
2026-04-02 14:00:00,32.96137591577092,44.594744137149576,2.3538935794249767,78.85730973359858,147.21961996395166
2026-04-02 15:00:00,34.634157963677616,32.71309642087255,7.49638631132239,52.42035392637822,198.87244850229973
2026-04-02 16:00:00,33.041844820706864,42.072733460206784,12.173038770493825,47.194824847395054,153.45508445566833
2026-04-02 17:00:00,33.00208715864004,42.38363045717756,6.791259763896744,86.34273186924656,37.95033488076473
2026-04-02 18:00:00,29.848523422432848,45.34904852985381,5.9552390976678815,37.50240265722007,0.0
2026-04-02 19:00:00,21.89885273286621,55.817827099402315,8.362601319082428,3.591200960076857,0.0
2026-04-02 20:00:00,28.359407091438467,54.464980738973765,6.932172718661308,11.01440979299344,0.0
2026-04-02 21:00:00,22.88697777243085,57.95119988426775,8.57784677450256,12.485091756671007,0.0
2026-04-02 22:00:00,16.50170812103726,66.95119499467634,5.38749451639328,76.10307757331248,0.0
2026-04-02 23:00:00,20.868638178503062,68.60277214241736,2.982668396966777,32.32286962982731,0.0
2026-04-03 00:00:00,16.567519601421257,79.7220852901912,6.237370014250912,62.90353800880391,0.0
2026-04-03 01:00:00,16.344135280464087,82.29113714786702,6.011881333824446,85.70116877071162,0.0
2026-04-03 02:00:00,17.018184425285884,79.46713999720309,9.49155067887209,83.03377032172881,0.0
2026-04-03 03:00:00,18.457730494135912,71.53377960124062,3.7463688227463976,22.092533873269517,0.0
2026-04-03 04:00:00,17.642326043993148,83.88174720171304,11.93895276718466,69.12010374999261,0.0
2026-04-03 05:00:00,14.614945168924269,76.82250746223974,14.973829062594243,45.99784871366498,0.0
2026-04-03 06:00:00,22.065204213288197,73.8738217881747,5.8335104702741365,26.3422959071839,2.301108467919361
2026-04-03 07:00:00,19.27225764167528,56.1476180598231,11.068665240877738,8.798907461399352,114.64264273259742
2026-04-03 08:00:00,28.842815384850212,61.47263127549652,9.713960532255715,91.76958949200561,73.93573806332462
2026-04-03 09:00:00,30.03178406678349,63.204855804838004,3.388648933944422,66.5480724983276,158.7351662598855
2026-04-03 10:00:00,30.96764179300433,55.70077425409079,11.952288004150557,4.751842712012511,412.81139768480176
2026-04-03 11:00:00,35.38276964667403,39.587428635571705,1.745273654273769,3.1485431012620912,446.5310687456737
2026-04-03 12:00:00,37.65456556113426,45.1427993708194,7.044734395963022,76.32151031441936,188.83044575804072
2026-04-03 13:00:00,38.295056014743544,43.181547826574985,2.7125743831323543,10.837756871400329,418.2454891242085
2026-04-03 14:00:00,34.940708995448674,47.19539947062865,0.32566858616016103,38.702565493318644,289.308843755947
2026-04-03 15:00:00,34.13611553171294,41.4102049633658,11.869567924850903,49.78466317778929,206.56176886585618
2026-04-03 16:00:00,34.25800769074788,46.938625091362546,11.06302626521217,77.20067508520125,95.43439312824825
2026-04-03 17:00:00,32.620631944457784,41.30820112717134,11.516148832539985,57.036039810668235,64.63013576838823
2026-04-03 18:00:00,30.29783683995224,47.59070916409386,2.6327118654447363,64.73491671550484,0.0
2026-04-03 19:00:00,27.770455052422665,52.276144754737516,3.7590751777743714,67.57828141446095,0.0
2026-04-03 20:00:00,23.40254448223795,59.41378804757108,14.368606888006857,56.608858925383174,0.0
2026-04-03 21:00:00,23.511618899630363,69.90836997421658,4.562499824957387,95.6408124609031,0.0
2026-04-03 22:00:00,21.282712071481065,67.69397415769113,5.088850544345121,94.6903414295673,0.0
2026-04-03 23:00:00,17.69664922740473,82.12971837879627,6.741473781772093,99.3984522981631,0.0
2026-04-04 00:00:00,16.236507235951475,81.49869806573376,11.596306087119846,77.29931697387403,0.0
2026-04-04 01:00:00,15.804127635499762,82.18101946372987,14.924539047323263,22.69649445441232,0.0
2026-04-04 02:00:00,14.806784368541951,80.33519819838342,2.756331927324271,70.15865405570779,0.0
2026-04-04 03:00:00,13.369795689516986,68.50588836279873,3.7531847973611865,58.99319878610561,0.0
2026-04-04 04:00:00,13.631505519608794,80.86189429220514,12.287929799748367,94.69930969694721,0.0
2026-04-04 05:00:00,16.658243668379185,75.99436714297919,9.2963024449141,19.10964301247864,0.0
2026-04-04 06:00:00,19.90349408394954,69.61274442066458,6.846640304724109,49.56485558277121,10.61944562142276
2026-04-04 07:00:00,21.217293958694142,67.1176766840581,9.18734075058089,99.34766181794156,20.34778091962452
2026-04-04 08:00:00,22.694035926732266,62.11637194865871,8.290847025173889,40.60241851044227,164.06417796566456
2026-04-04 09:00:00,28.118096960421383,52.08990713716842,5.2028944806595465,92.6743601392682,80.71374163209491
2026-04-04 10:00:00,28.227840958576795,54.03030801445162,3.6845633028141145,35.619316553509336,299.65148258385267
2026-04-04 11:00:00,34.441725905722535,43.25584995552923,12.161763890790581,95.08996608179953,113.88863130337504
2026-04-04 12:00:00,30.62683182632205,45.96464925872199,0.7013866120227252,48.392860915841155,303.8997090638485
2026-04-04 13:00:00,36.85109195889705,50.43261992965904,9.755364156249204,63.00800359646511,226.75275619327368
2026-04-04 14:00:00,37.52443028721612,37.09947131661311,5.155118677038294,33.25351369843802,301.86515551024786
2026-04-04 15:00:00,33.802512698910554,34.70482864956462,5.642726192668835,69.45179914493319,150.15500922592176
2026-04-04 16:00:00,34.991643546802486,41.76073631256108,7.617270139597818,69.05087710885948,106.77785801648174
2026-04-04 17:00:00,31.674977915539806,53.10656392108959,8.281727858247729,13.738989446202755,117.32004543491183
2026-04-04 18:00:00,28.454262915064874,53.10998007455522,9.118810957511865,29.23064202234006,5.881077703234579
2026-04-04 19:00:00,28.40232118156734,57.514352880989975,1.2589079656533557,51.649244275098404,0.0
2026-04-04 20:00:00,22.76159148741506,57.09448301287801,4.985372568874479,35.50244997410697,0.0
2026-04-04 21:00:00,23.915220134956634,67.45305710181822,1.3299622112712957,72.19356492891902,0.0
2026-04-04 22:00:00,14.937197899579768,68.72378839995672,1.7229483500558533,28.23891598563587,0.0
2026-04-04 23:00:00,17.91043500355841,74.30901264636032,1.3669309730052626,87.0547088841249,0.0
2026-04-05 00:00:00,17.340308129606974,74.84018583701979,13.076015227813997,81.40004773535486,0.0
2026-04-05 01:00:00,14.688433596428437,78.5097258495456,1.4647788128258106,68.31741341622862,0.0
2026-04-05 02:00:00,13.011989038156383,76.24188751543815,6.923688022915149,22.176228271472908,0.0
2026-04-05 03:00:00,18.15827130099655,70.03546042341665,11.25541408637877,13.850778331641067,0.0
2026-04-05 04:00:00,13.727004556563065,77.2639554238638,1.2570640190626943,75.56650217602953,0.0
2026-04-05 05:00:00,15.694954541079447,76.12738837747374,13.400399330567327,73.45279134803897,0.0
2026-04-05 06:00:00,23.44664214363051,71.4692564931186,1.8901075662685622,30.08317240331172,1.520794409213311
2026-04-05 07:00:00,22.276026967955506,58.03350406610248,10.7720432738736,25.615662226041604,108.31533777494286
2026-04-05 08:00:00,23.226443931549458,69.6773910504881,5.064562138910955,35.016469198673036,181.3986542793595
2026-04-05 09:00:00,26.63067082326378,52.49899567566149,8.746969337228009,0.10485387693716097,349.0784111204063
2026-04-05 10:00:00,31.401314866313754,46.23645216304947,5.33077802524941,5.888529749719861,404.4279693221347
2026-04-05 11:00:00,31.052018967903727,42.960327023215584,9.733916302969762,89.53919921583005,130.01833535180958
2026-04-05 12:00:00,34.39281489612091,42.19753140344404,6.590480811977651,80.28059757445186,169.74231351225387
2026-04-05 13:00:00,38.19964236499564,38.97506411895327,1.2125349373787864,90.87127223831547,119.35991475497227
2026-04-05 14:00:00,32.61736105346078,43.35750480704176,0.24816833740112454,27.051686392722385,321.9924914271721
2026-04-05 15:00:00,36.8806549504726,34.22605720543846,1.1594479549517511,52.236968236827266,190.0041686702752
2026-04-05 16:00:00,33.42562452554681,42.920826639926744,3.5658592775505022,82.4087912578821,89.28364301135156
2026-04-05 17:00:00,28.537200274805954,46.458499531643234,12.927819101812796,18.000282016558167,118.84941031884654
2026-04-05 18:00:00,31.93477081042437,49.781708094084934,14.634393846392282,43.27862305226535,5.6341114607496925
2026-04-05 19:00:00,25.062883421008276,50.9748417948726,8.10901737608221,54.26805829175311,0.0
2026-04-05 20:00:00,24.47823484809259,62.9284820966611,4.220849552739362,99.5092292151453,0.0
2026-04-05 21:00:00,21.17817263790319,64.00520433746694,10.467454504536308,70.68967115164328,0.0
2026-04-05 22:00:00,21.86142299392999,61.031992156839266,11.34306788725116,90.9429457282106,0.0
2026-04-05 23:00:00,18.2078433308773,69.4642180809766,3.8160399173618504,85.13781460946723,0.0
2026-04-06 00:00:00,16.538950592302992,84.43616383946392,7.578827944779361,28.11977624750628,0.0
2026-04-06 01:00:00,12.016517995100704,77.83421387630219,13.037635883968997,67.72896824745503,0.0
2026-04-06 02:00:00,15.882629657266628,86.4659295720224,9.253070449320733,94.38825979263522,0.0
2026-04-06 03:00:00,19.15856451202656,76.29642881562293,6.974256457436219,0.6017485161656233,0.0
2026-04-06 04:00:00,17.052875429600036,72.69126243229282,12.19515991326118,75.81365487931173,0.0
2026-04-06 05:00:00,15.659061486082457,77.5767042264093,5.566408101759538,26.719104018107988,0.0
2026-04-06 06:00:00,23.092253301349476,75.7271265604453,2.604215208600575,57.82267786544223,0.46981617842741635
2026-04-06 07:00:00,22.325171673571987,70.05295121443511,12.039199339981895,38.30233338290996,93.08436131185961
2026-04-06 08:00:00,23.41913079414224,65.29535084087213,0.1749905429981724,19.24652073376635,213.5367511543421
2026-04-06 09:00:00,29.624640215980172,49.114269154449225,12.745522381893126,29.725284929780738,268.90433856439745
2026-04-06 10:00:00,27.786107140761725,52.809174366048204,7.119125690452856,12.27086785708379,379.1783562972679
2026-04-06 11:00:00,34.05247689803132,46.201074107020965,1.7839711593325924,8.56044715420291,415.7318273643037
2026-04-06 12:00:00,32.072040607168034,38.66013792942918,10.581211259890173,69.60182605888798,216.22338126095875
2026-04-06 13:00:00,37.213537250109276,39.00515351685206,6.43960905495353,70.28281933516624,204.27007783398278
2026-04-06 14:00:00,32.920796147384124,45.96450430553406,10.168981623257404,49.6200679826414,249.5880673405748
2026-04-06 15:00:00,34.555974335440155,43.84707361829931,2.814681354121187,78.9747865796787,122.36670424416654
2026-04-06 16:00:00,33.94088365139552,43.89606264952466,12.23374312815266,39.215916628364255,161.72884689606917
2026-04-06 17:00:00,30.527577593548585,43.40639382016595,7.481487919846778,74.41773187482174,61.2088307866796
2026-04-06 18:00:00,32.64580022412353,49.8255404022086,12.23731817133712,39.627514573265685,0.16195050660664473
2026-04-06 19:00:00,28.514550251276784,51.050658242531114,6.28272511410248,89.07565048557188,0.0
2026-04-06 20:00:00,24.545974099193618,61.33951393836146,13.108831179415748,20.085619623200458,0.0
2026-04-06 21:00:00,22.636951283762677,60.89836443564453,13.71856179220934,10.415019464908216,0.0
2026-04-06 22:00:00,22.50734615065562,75.96241006832489,2.3871542543871103,7.351092541236747,0.0
2026-04-06 23:00:00,19.362889538237,70.41393786661325,10.77917850806696,77.82491955816904,0.0
2026-04-07 00:00:00,17.50587719897333,74.34121653874901,3.055425384921394,98.29899749867916,0.0
2026-04-07 01:00:00,12.07128878506809,88.41444450842437,3.7536126443707056,76.58536928564533,0.0
2026-04-07 02:00:00,16.726326097480108,79.06349525966849,2.749489187172642,9.87647584162108,0.0
2026-04-07 03:00:00,16.681792452733735,78.17431807015416,13.672492540700093,92.26853651637019,0.0
2026-04-07 04:00:00,17.347140663859932,76.36479009088505,2.3911923270879805,17.639052184952675,0.0
2026-04-07 05:00:00,19.162206871663013,74.59902593434606,5.507891047255525,4.77055563511618,0.0
2026-04-07 06:00:00,19.826891383713495,71.8228510251035,11.413665399548771,18.318987303376687,0.0
2026-04-07 07:00:00,20.939288588951808,57.0698855952762,8.745598715950532,75.52326108459803,45.289554447453106
2026-04-07 08:00:00,23.625172981413705,55.88742754893359,2.902849065736661,34.61593950365936,187.79059592681216
2026-04-07 09:00:00,26.577322564733826,58.07029840527821,1.1221526338302161,5.971950930093306,330.8842352701702
2026-04-07 10:00:00,32.84933740296632,53.98778367925926,10.897386824566137,58.38572676934195,231.0177095150324
2026-04-07 11:00:00,32.43575983828402,41.15022553556493,14.741845861698142,6.342299663864825,449.8528640524948
2026-04-07 12:00:00,34.959835778691165,39.7275055869484,5.424456060641367,26.456533891893706,389.98313142411587
2026-04-07 13:00:00,35.093375814360066,37.7633222984293,6.9433821114767165,79.03599295500456,170.03276762683223
2026-04-07 14:00:00,34.999020035258056,36.77096023248833,3.6079831437756726,12.647401141692004,371.3179501797051
2026-04-07 15:00:00,34.596554871163015,36.4317690071763,6.848566609379601,84.08393121214426,110.6096143991326
2026-04-07 16:00:00,33.147163155392086,40.295656136343204,9.712956593816465,50.45954764834282,143.1463344255519
2026-04-07 17:00:00,32.08110208916622,51.85204481860745,4.001759154135535,67.93530516854716,53.64683919249101
2026-04-07 18:00:00,33.049255958203595,34.96764723744245,4.748619920522649,95.00393545464067,4.94051005721835
2026-04-07 19:00:00,26.164755816642984,57.64806157669313,12.101161115479213,98.17308134320626,0.0
2026-04-07 20:00:00,26.084132168195435,65.42423705011333,3.267780460070216,72.64802495574244,0.0
2026-04-07 21:00:00,22.250986918308158,58.472185735691966,1.096022343695543,12.552716273841513,0.0
2026-04-07 22:00:00,19.71297388243537,58.75591765413306,7.855570436962757,98.04581886320308,0.0
2026-04-07 23:00:00,17.798779229868412,72.95736592132852,6.327729417580194,80.03506424946283,0.0
2026-04-08 00:00:00,14.811532273811466,76.20503390107345,12.494721189238929,77.62581677715526,0.0
2026-04-08 01:00:00,18.257398761407075,80.46949379116228,1.1174915650349488,15.996647282139165,0.0
2026-04-08 02:00:00,17.001132140735894,81.8782828859547,3.157682476787512,92.72777096517231,0.0
2026-04-08 03:00:00,18.420267522537458,77.14223746742377,10.840344285695982,0.09029238429405506,0.0
2026-04-08 04:00:00,15.700456132960179,78.4423408443326,12.477827979518631,27.806568011590592,0.0
2026-04-08 05:00:00,18.900913115839906,86.95514062874142,13.040599131556801,8.123214855038396,0.0
2026-04-08 06:00:00,19.432583309376767,68.96464047031112,6.999384553022567,37.275632257349486,1.4618836092167433
2026-04-08 07:00:00,23.506650561518384,64.33650631538715,0.3915185180192432,24.879616212879718,104.08405838712488
2026-04-08 08:00:00,22.544292377059936,61.58074892515654,14.751789494446506,2.7166621940882374,244.56747189366482
2026-04-08 09:00:00,27.159860904907806,53.07271022025579,9.338318417131363,35.63596534703809,248.10281712806258
2026-04-08 10:00:00,27.566702552354826,56.36597432534698,5.061749302151329,1.6164511772143952,414.2964169633615
2026-04-08 11:00:00,33.897720564879364,47.67812073516315,3.321248932663,55.77211242142815,256.8297494673402
2026-04-08 12:00:00,36.336623502322816,41.763012012564865,9.284793809869747,54.11930711522134,266.7067751131096
2026-04-08 13:00:00,34.73197852707805,39.35316201048298,6.081491527475907,35.17403493897591,322.69299639602207
2026-04-08 14:00:00,32.18311173673449,39.67530718025534,5.658690783416704,60.9988940029976,215.31900381060885
2026-04-08 15:00:00,35.19142857472853,30.23412308315019,5.993103350051461,53.49696664724342,196.87205462257825
2026-04-08 16:00:00,35.634511003112216,48.858014707524504,9.22126563838153,48.48749661686341,148.90386130768422
2026-04-08 17:00:00,34.390886743116155,44.55552496434162,5.0273140449882785,91.45509821033852,34.4632250489358
2026-04-08 18:00:00,32.07128949053401,48.36273924425767,6.494303824807817,86.26045125849652,1.3936553878096627
2026-04-08 19:00:00,26.343069718857574,50.075666675568655,7.664792059636813,17.64682631433455,0.0
2026-04-08 20:00:00,25.311328947921087,63.381173909559415,12.106585470196656,14.703497967506307,0.0
2026-04-08 21:00:00,24.33470974245355,61.47244848586922,1.6450319832003886,9.055088493659436,0.0
2026-04-08 22:00:00,18.85955816561082,75.31509338445359,4.010453631494907,92.98069815622085,0.0
2026-04-08 23:00:00,24.74671749372588,71.75154399572622,2.4982684425665402,34.655756539150865,0.0
2026-04-09 00:00:00,16.09376069331388,73.28409130932212,0.5100811769628671,4.000482283158657,0.0
2026-04-09 01:00:00,13.559094232692182,74.32485309157823,6.678144572281239,69.06585059155312,0.0
2026-04-09 02:00:00,17.99059977188395,78.3862878173087,3.9642467070944996,40.96401681361882,0.0
2026-04-09 03:00:00,16.138074455453083,79.71802322716776,4.7149497087730445,96.61706135697233,0.0
2026-04-09 04:00:00,14.563223865922579,82.38478870780827,7.240892259141737,58.21168143204787,0.0
2026-04-09 05:00:00,17.177971735217728,67.36295029286526,1.4653882821959057,51.70724795657363,0.0
2026-04-09 06:00:00,22.00018274799838,72.9382362871588,9.70257058983099,75.79618791495321,0.0
2026-04-09 07:00:00,20.5499683035804,63.21958345522395,9.181708269870496,46.49879153956722,80.47932094736963
2026-04-09 08:00:00,21.025703593562604,62.79740355999672,5.282191554447857,86.6688498786638,83.49277035482162
2026-04-09 09:00:00,26.39092312991309,52.42275359786244,2.598848702716727,21.744375147139483,289.819752254541
2026-04-09 10:00:00,25.135869923534155,48.698657021883086,8.119409176956271,84.43610140095772,135.58787974607318
2026-04-09 11:00:00,34.44749869169131,46.07585293658707,10.060319592536992,67.23758631136367,214.31172990018086
2026-04-09 12:00:00,35.3902808995773,53.36659757959849,9.243418294777753,79.48570254794119,174.521166124732
2026-04-09 13:00:00,33.25851276953993,39.20628257982705,5.650464418539568,4.18430350739063,453.86667557686667
2026-04-09 14:00:00,33.1751699214096,41.77526562086767,10.612711066678255,44.59930575015254,275.27511902616783
2026-04-09 15:00:00,33.738552950635565,37.59976094132368,4.08205245336707,8.076061749773922,315.00403376735693
2026-04-09 16:00:00,31.26125640368377,43.837077489446266,3.7244270661551395,74.99934609761407,89.69168138955321
2026-04-09 17:00:00,31.057690641727646,46.42749366517668,13.82489182374199,31.277777465317502,98.66423973058046
2026-04-09 18:00:00,30.015872324875527,45.79677222531654,14.771612790054185,51.3495514631742,1.3217291734619565
2026-04-09 19:00:00,27.78159906356615,56.18300582910943,8.150016089372086,15.420525615170744,0.0
2026-04-09 20:00:00,21.433003137487116,58.07953883073187,5.244999079856467,54.36526852359579,0.0
2026-04-09 21:00:00,23.13392220110243,63.268272298066776,11.762757897509557,18.145213823425976,0.0
2026-04-09 22:00:00,18.557623933928024,70.91685073305403,9.132345027768743,19.37511252273184,0.0
2026-04-09 23:00:00,18.924430292121798,72.13641849461963,4.179723937727684,34.85126304791134,0.0
2026-04-10 00:00:00,15.329176354206725,74.47887249385124,11.765941814893667,74.23004764284713,0.0
2026-04-10 01:00:00,12.778524504879824,77.86505789419242,1.6730739683303297,78.52649777355526,0.0
2026-04-10 02:00:00,13.784668216351417,75.63609638884995,12.23054436490013,69.23952139828128,0.0
2026-04-10 03:00:00,12.632053327429109,87.92066287443521,0.047403736652644746,70.77893946026424,0.0
2026-04-10 04:00:00,17.30262774165432,77.32166183668889,4.857242119673089,45.507563870559174,0.0
2026-04-10 05:00:00,22.3590779197869,65.42835027409264,3.80001092367171,73.09251332457339,0.0
2026-04-10 06:00:00,19.198890647903227,72.57180158600758,0.1971097770217045,36.98628583219067,0.0
2026-04-10 07:00:00,22.71987687977494,58.331508373516456,14.267343929940912,1.9879712782374992,125.00350994532447
2026-04-10 08:00:00,26.92070616500944,51.207966978484826,12.655400589372977,0.2936443412562939,236.4749874783569
2026-04-10 09:00:00,30.114682452475897,51.446033948413884,6.20726250716984,25.729216325328764,260.11823898529383
2026-04-10 10:00:00,30.68084060352888,50.33177619801494,1.0996660459581271,54.73077098065331,239.8807642524878
2026-04-10 11:00:00,33.36518846084972,50.250855828311884,8.30715921571644,43.700511427651826,300.7244267420468
2026-04-10 12:00:00,32.02999963757227,41.35478127910982,11.400880872244251,99.22331607056323,104.92120846923312
2026-04-10 13:00:00,36.11445324536032,43.69618835562488,14.366022182037979,99.82406942548124,91.02927471774096
2026-04-10 14:00:00,31.797416003923548,43.75497379441263,6.9691814104586705,59.027073329623946,217.16263097529338
2026-04-10 15:00:00,34.25036971206954,37.45043612789274,12.138907359302904,11.960330933919394,318.3034569356022
2026-04-10 16:00:00,37.05000322148509,44.319155410332336,14.257654419380966,39.81392472350653,155.50279100589088
2026-04-10 17:00:00,33.11638925840512,43.35921170475774,14.263387960449386,0.11046556375089445,120.81614191996015
2026-04-10 18:00:00,27.414478008656914,52.22427532755185,1.3882420638943844,28.85165789983226,0.0
2026-04-10 19:00:00,25.38707856278584,60.21257099535026,10.005966679168445,37.48776684058864,0.0
2026-04-10 20:00:00,25.703111315757035,58.25881260233009,7.906391977502492,52.20510820885115,0.0
2026-04-10 21:00:00,23.789722108722305,64.56190386428663,13.578635358993,16.185508986916407,0.0
2026-04-10 22:00:00,19.347461529417,78.12098187368134,7.555907078118501,56.367676504277156,0.0
2026-04-10 23:00:00,16.716172476866493,66.35307810222186,5.400753906736899,70.47025913980504,0.0
2026-04-11 00:00:00,18.822533696426298,81.31156807715413,8.79107233837117,95.09329854884774,0.0
2026-04-11 01:00:00,18.348364955377,83.05270462157529,3.8665352319662434,3.7409731851033134,0.0
2026-04-11 02:00:00,14.727769044745157,86.16412057493844,14.80479061940527,55.25776905285266,0.0
2026-04-11 03:00:00,12.753626210973438,84.24552301014991,11.849487133501592,63.15635033111643,0.0
2026-04-11 04:00:00,16.857852204638498,78.48881257678366,3.0842502343852813,52.527791940996984,0.0
2026-04-11 05:00:00,18.256898537872992,80.64003495539971,13.65095225913967,75.81811721933428,0.0
2026-04-11 06:00:00,21.153019385331163,63.9845105996194,12.63522508719412,33.61309339816192,0.0
2026-04-11 07:00:00,21.214132749783104,62.641110056155824,13.209318845571602,95.56249516744197,29.22058677985473
2026-04-11 08:00:00,21.606560730057286,58.75923684145612,4.407323119595241,3.1597722663398775,249.71947720787253
2026-04-11 09:00:00,28.787201600357932,51.95643131861531,2.642148823836693,4.772361486894394,334.0035871969286
2026-04-11 10:00:00,29.091696245810695,49.90623101865649,10.674445556746475,59.181118360675946,221.4566525459229
2026-04-11 11:00:00,31.182912051674524,45.70442563409792,8.783964501608633,84.01082245774154,158.74865820053233
2026-04-11 12:00:00,35.190800141241695,43.116852072504535,10.67589787026451,50.67111607572734,280.195342121798
2026-04-11 13:00:00,34.95344855052639,38.13367194702201,13.359257934037856,57.04071118571742,262.5442191072111
2026-04-11 14:00:00,33.92990180646469,38.207331076537116,12.195480563565612,53.80378982869457,247.82283195017686
2026-04-11 15:00:00,32.437717666705204,39.918994553015956,3.9456452705371916,72.92523565553554,141.2591565346005
2026-04-11 16:00:00,27.101943545532325,43.36006329366117,2.2662006189119217,54.71143264147001,131.02835823859604
2026-04-11 17:00:00,33.613837226980856,48.163971930198606,0.6056156164841248,91.34839831099343,24.27573809892181
2026-04-11 18:00:00,29.443649777770425,51.93520277668908,9.289254384564668,43.558987188131596,0.0
2026-04-11 19:00:00,26.575106034977303,50.785313614193704,6.6653263253654496,23.911973172486757,0.0
2026-04-11 20:00:00,20.31668153908079,56.78592754313634,14.492765246325325,83.68695301739415,0.0
2026-04-11 21:00:00,23.260364213341756,66.5596538458687,1.4901031809983194,14.39415337183233,0.0
2026-04-11 22:00:00,16.24244376164921,59.16492959393888,5.361554273036752,87.46053990769236,0.0
2026-04-11 23:00:00,20.217131450815636,78.12644510845828,9.45426796745193,24.89804365778011,0.0
2026-04-12 00:00:00,17.38750731682817,83.60548781709652,6.452193029944061,15.635506954094913,0.0
2026-04-12 01:00:00,15.404253073998882,78.02296222823378,10.281515709291368,62.32298694301189,0.0
2026-04-12 02:00:00,11.659942482336703,75.9104220781582,12.875228396387497,89.5546494391912,0.0
2026-04-12 03:00:00,14.945973981139332,72.0530390168959,1.9947785537998879,51.62081697813532,0.0
2026-04-12 04:00:00,19.925794027879405,76.84059384665146,14.74217193701863,0.08875363567979466,0.0
2026-04-12 05:00:00,18.786575814914563,86.69099401936762,4.917314205083158,91.79705495685482,0.0
2026-04-12 06:00:00,19.127075451974264,62.88752683166824,8.589253693723773,1.5262905932540871,0.0
2026-04-12 07:00:00,24.907283651419593,59.46757628240877,6.694835206824848,51.13573373596518,76.64390271856281
2026-04-12 08:00:00,21.61565712102353,62.57033791633092,3.4670447255457515,65.62505330427895,117.84583400424489
2026-04-12 09:00:00,28.748274505355397,55.267039665201764,7.363717198655243,20.41394119633977,302.421418902716
2026-04-12 10:00:00,31.270841059136153,50.46177793698662,14.48022149320879,53.67035451816511,247.7366253397132
2026-04-12 11:00:00,36.68272141465589,46.23739886309309,14.09359510799648,31.547094193430315,343.7580219687201
2026-04-12 12:00:00,34.339989614643116,41.06623509066442,12.890242479364526,76.87276624257466,186.71330683147025
2026-04-12 13:00:00,36.56352651215437,37.72809644182007,0.4557695673906975,14.584039787612824,407.77452018072125
2026-04-12 14:00:00,34.10188863636959,37.91136861546333,7.134553388718697,85.98295021550403,128.26172358581965
2026-04-12 15:00:00,34.87580106654238,44.413875131447696,0.3796470016706943,21.5281389157594,287.9352167974266
2026-04-12 16:00:00,33.82174867063037,42.45660715426913,4.08337660138116,77.49266286407389,88.82313189890908
2026-04-12 17:00:00,30.728251666972515,43.931216328641504,12.56392047021585,12.572674352794166,109.41044069516171
2026-04-12 18:00:00,28.98500673308266,47.31216144850284,9.569961856071327,26.525516326265763,4.3590680272213085
2026-04-12 19:00:00,27.84188324394904,55.08960388168501,8.950369929241624,68.07774459117269,0.0
2026-04-12 20:00:00,23.08143593287424,61.44912461921704,9.155825138838875,93.04684686020606,0.0
2026-04-12 21:00:00,22.43558501218274,70.52784557500901,5.481319180167017,85.17019603025324,0.0
2026-04-12 22:00:00,20.132708419516774,70.82725697427988,11.435452872518704,58.90950618004368,0.0
2026-04-12 23:00:00,20.188683122198036,74.41704690837946,3.6627969727969836,16.360386644837355,0.0
2026-04-13 00:00:00,16.11296751974973,66.38414415488565,8.46920771948659,84.56559440079073,0.0
2026-04-13 01:00:00,13.891910528258837,74.68616063176539,4.53294258656755,26.390329891253007,0.0
2026-04-13 02:00:00,17.339811395721117,82.13419675867803,1.5838546761831718,50.37084347821149,0.0
2026-04-13 03:00:00,12.940099264551087,74.80001677060976,4.704463497505012,36.20687914357249,0.0
2026-04-13 04:00:00,16.52849937972427,84.10901264688911,3.8392421469276177,92.06717851510565,0.0
2026-04-13 05:00:00,18.89002558635436,74.51134332946776,13.56144496450305,12.365209346128136,0.0
2026-04-13 06:00:00,18.863329137399713,66.36868684493831,5.2560777962289045,35.30222037795032,0.0
2026-04-13 07:00:00,23.879132465501186,65.54981078874216,3.1679537367324873,53.508752014778125,69.37507977186964
2026-04-13 08:00:00,24.208687725529277,53.29001847100376,4.691599163509918,22.84727960588291,202.60805137361717
2026-04-13 09:00:00,25.35629216901363,60.985670125691996,3.9430913152984113,35.87721735049711,244.6791381313482
2026-04-13 10:00:00,30.12799329205594,54.98591650524498,14.8093222616961,52.688554197887214,235.2430901058316
2026-04-13 11:00:00,34.50656932158398,43.28609904200682,6.93297929353927,3.412234806061465,454.2081954999799
2026-04-13 12:00:00,30.801532264422,37.674465751869825,14.909306425570088,16.82839843189833,415.1863266941846
2026-04-13 13:00:00,36.59956713301816,41.49997549723343,11.182377574395781,92.70174115392133,122.34248284536967
2026-04-13 14:00:00,34.81350731171294,40.148882165396515,3.969234298205075,68.13229532041373,199.8067034048743
2026-04-13 15:00:00,35.943371161077856,43.35486321453515,5.200973491113129,85.74137757105532,105.15465635617525
2026-04-13 16:00:00,33.16807944682868,40.201502218982924,0.6601978612491954,8.521349867856342,228.51994371334197
2026-04-13 17:00:00,31.110502091399137,34.34474554415057,9.896003454102926,96.37029100721742,27.700229579792754
2026-04-13 18:00:00,28.48203972991591,52.75086941622358,10.797243579812454,94.99691883207107,8.14510965042084
2026-04-13 19:00:00,27.264184269068455,42.142681112937595,11.127629595949628,57.024039831541,0.0
2026-04-13 20:00:00,25.057062020146297,58.420717160166944,13.290456395923863,89.73764371319713,0.0
2026-04-13 21:00:00,24.76809165315537,66.52658060235898,6.079531345819244,41.39433826736361,0.0
2026-04-13 22:00:00,17.567702200844906,64.23369312896594,2.852843042476827,98.77599511458641,0.0
2026-04-13 23:00:00,19.466651644232705,70.88292867658971,5.730146764594781,22.52639281057118,0.0
2026-04-14 00:00:00,14.988483809775584,83.57099791956279,13.665421024565605,98.63722165827001,0.0
2026-04-14 01:00:00,12.857519565643418,81.89818849419366,2.362674576816291,78.59534429848729,0.0
2026-04-14 02:00:00,14.918437681143645,72.41764022391399,10.567593304974427,96.00059194205376,0.0
2026-04-14 03:00:00,15.994995932335748,81.61899797391598,6.541597771412301,6.006461934052787,0.0
2026-04-14 04:00:00,18.018636832583955,71.5416662380834,12.414232570761294,45.94634307634193,0.0
2026-04-14 05:00:00,19.448140994839942,59.69205666436933,13.978299936525328,27.049849888135704,0.0
2026-04-14 06:00:00,20.34414800371006,59.278613674321434,0.6264232934123376,68.41110205961888,0.0
2026-04-14 07:00:00,21.86661243644575,55.85024086353712,1.5887436202413152,50.926638441901375,78.17717627028509
2026-04-14 08:00:00,28.120764532122685,60.98849549574156,12.979729483452454,62.88294034322822,123.1978812654067
2026-04-14 09:00:00,27.172904456974248,62.88575157506662,9.220997242454974,89.18491613178699,95.92001544939366
2026-04-14 10:00:00,28.543202316348765,49.4994771859862,13.033588337832104,26.354559036799074,336.5815538428792
2026-04-14 11:00:00,34.64376937435622,38.987742567775236,13.103299163206783,87.51468648865404,134.11934197987313
2026-04-14 12:00:00,30.795784221566645,34.44742403641085,14.070918023067307,99.34191646585207,112.38426101981948
2026-04-14 13:00:00,36.00374055885902,45.91667700470693,7.360948949654454,7.273169706964799,420.35175327524917
2026-04-14 14:00:00,35.26469720746041,33.885746942133565,11.717197034139991,75.9303128009808,166.60986344347396
2026-04-14 15:00:00,34.6496878151946,37.676524217223324,10.502524666103257,20.565151404098636,285.7608169280485
2026-04-14 16:00:00,33.58658679780967,41.429114155971156,0.41521083106634105,10.580514792102857,218.8654660857072
2026-04-14 17:00:00,35.15650828409513,45.61184834877638,8.633845915096886,22.657543240032552,103.8963280396652
2026-04-14 18:00:00,28.216005215463415,53.508972895613404,1.1412854309098934,87.44317172632145,0.0
2026-04-14 19:00:00,26.569964961441766,55.21449746099552,13.634757383900366,37.0814603931174,0.0
2026-04-14 20:00:00,24.54190165440943,63.68943539018754,14.111048297275566,69.73788658520242,0.0
2026-04-14 21:00:00,21.810253087853614,71.03054230931276,10.8337567259656,71.01165514624432,0.0
2026-04-14 22:00:00,22.060350019029467,62.967316193540725,6.100612231438002,50.365052244396225,0.0
2026-04-14 23:00:00,16.48454780562569,68.53862317705187,8.279951576993133,60.5400946211757,0.0
2026-04-15 00:00:00,17.26710400796737,74.02537910549714,7.7771937604122945,80.22769215758692,0.0
2026-04-15 01:00:00,15.175502542684061,77.97838027360817,10.27651679471007,47.15401081208983,0.0
2026-04-15 02:00:00,14.259487021538423,75.27144132944086,7.314018247026247,37.73535343535405,0.0
2026-04-15 03:00:00,16.42327674808385,80.37132236423898,4.559523927335215,90.90805946559375,0.0
2026-04-15 04:00:00,15.218411775325226,77.0218727267335,4.977676623996082,90.17018014737583,0.0
2026-04-15 05:00:00,19.342242521583277,68.05511657193304,13.873841782935443,8.660712036423678,0.0
2026-04-15 06:00:00,19.87751951330761,69.02852564457129,0.9458915261967843,23.615903397308113,3.363333102116031
2026-04-15 07:00:00,21.238664894338132,60.57650301071278,0.658011099263684,38.52124116084571,90.57458688130833
2026-04-15 08:00:00,25.649965618618268,60.13236207144689,5.562003743934338,35.5993040870755,184.08704183286613
2026-04-15 09:00:00,24.021059513196125,56.71895604210372,9.83989700304817,4.779857665627329,339.5603633404794
2026-04-15 10:00:00,29.771402624831914,45.559402365454474,13.995573151341995,74.21786544234898,164.9428917286647
2026-04-15 11:00:00,33.35166590155503,46.14637121252488,8.489282797232022,36.56024400498503,344.9851079748019
2026-04-15 12:00:00,34.669218418615046,35.54463870320837,7.968976184299743,3.5239440825112767,466.1629181530043
2026-04-15 13:00:00,35.5338477211729,53.37509867196256,12.435381868875028,38.874458860610915,331.19176035102697
2026-04-15 14:00:00,35.825693301684716,43.38235821548864,6.346691305977112,26.168529785694826,326.96938402498995
2026-04-15 15:00:00,33.59741310625365,44.42296042878888,4.59453285039006,63.775500072317506,170.30993528471697
2026-04-15 16:00:00,35.183203683734845,32.370063150362505,10.116681544662292,28.269752064568276,194.5753236776073
2026-04-15 17:00:00,33.91770654168033,41.379219985099276,3.82529409178923,49.97515164083319,72.4276225760099
2026-04-15 18:00:00,29.773704509557803,43.31944891657275,2.5290166087757977,16.825872249389118,0.0
2026-04-15 19:00:00,25.82974651884462,55.006322822946906,5.655415312968552,71.45093611025825,0.0
2026-04-15 20:00:00,22.487601971268422,61.82190592516669,14.355752714316264,42.89341656946846,0.0
2026-04-15 21:00:00,21.50240326087097,64.22414189424012,12.112450443265613,35.10213231898525,0.0
2026-04-15 22:00:00,19.808529011670206,77.54337829805709,8.554572716458502,77.38159675747036,0.0
2026-04-15 23:00:00,18.844485234328573,83.23962482686048,9.745351101611705,93.30720795204141,0.0
2026-04-16 00:00:00,15.56751823890002,79.03139848002193,8.515831778215702,47.99046747634041,0.0
2026-04-16 01:00:00,16.727498761762657,74.0217562676552,2.7556054339416933,88.82580834176915,0.0
2026-04-16 02:00:00,16.030771645360126,78.5110663936126,12.384029562494113,41.01452758703709,0.0
2026-04-16 03:00:00,15.55865631384495,81.01964662984116,4.462073461597936,6.734189797296352,0.0
2026-04-16 04:00:00,16.817142670065923,79.31215551828609,3.1976086783460818,90.84089913951023,0.0
2026-04-16 05:00:00,17.816803306164132,81.65982675038502,13.22905600434691,43.245072026600106,0.0
2026-04-16 06:00:00,19.153227204200252,70.1110792561612,5.875214967203258,40.14419558256851,0.0
2026-04-16 07:00:00,21.789991144731026,56.73519992911787,6.0327260790662525,11.652250574012568,115.46465219154234
2026-04-16 08:00:00,25.34760927081182,59.003795163350084,3.3728506816097124,42.463008119779076,167.6944655416509
2026-04-16 09:00:00,26.29035689093509,58.33253543092837,6.4658045846730685,75.59732310591252,138.62585809549773
2026-04-16 10:00:00,30.873723921710564,43.33586777287267,5.776810094855315,35.97400985014756,309.3106789782558
2026-04-16 11:00:00,32.508634972510436,49.165274168653994,9.22349371920776,68.06003627684683,215.19714681320994
2026-04-16 12:00:00,31.31180718952203,44.658633334614535,8.872166583667617,1.2816504379421167,481.1290328142087
2026-04-16 13:00:00,31.47364991704324,40.90197959820234,7.8460762025242925,86.48664997257711,142.16816680850735
2026-04-16 14:00:00,33.53663733302351,44.66363939428553,2.796156557463215,77.03360550287444,161.15192679520663
2026-04-16 15:00:00,35.40266148087647,40.36837451774082,4.2457535676268074,27.808988025704373,254.1484238572756
2026-04-16 16:00:00,32.93342291595688,48.746433841836705,3.715820829099356,81.64676023721739,80.97027622992114
2026-04-16 17:00:00,34.64889634406308,49.95525327160931,14.097663802278442,48.29960014926849,72.07045936845819
2026-04-16 18:00:00,30.991851164975003,52.229826140631005,9.757048315769868,16.585270558476516,9.482588929055172
2026-04-16 19:00:00,27.294941500723283,51.8348782559354,5.544716288724874,19.457690356102987,0.0
2026-04-16 20:00:00,25.11566926985288,64.58950538366489,2.6032285647921345,23.241720162259195,0.0
2026-04-16 21:00:00,20.96777891707566,69.38940760686074,9.517226555383578,54.5547919558004,0.0
2026-04-16 22:00:00,19.3226399438803,64.1567416605022,9.04235467775519,99.46349707873974,0.0
2026-04-16 23:00:00,21.296100527027527,61.823819000662326,5.6119151666039535,4.427399184258696,0.0
2026-04-17 00:00:00,19.41556216289387,75.68627535826108,9.481740203734747,64.95002482326048,0.0
2026-04-17 01:00:00,13.98906386800108,87.8978816771164,14.480312759226377,11.19345050335161,0.0
2026-04-17 02:00:00,12.663538349361485,78.34165599959623,9.053238603128355,73.37760938180597,0.0
2026-04-17 03:00:00,14.618793016237795,82.28007784177709,5.1617621822440745,97.46013691500261,0.0
2026-04-17 04:00:00,15.890331561104324,83.01339519171924,1.955249679632527,54.78685541702751,0.0
2026-04-17 05:00:00,19.620243698837793,74.41369989368198,14.014564369426754,60.23032949971585,0.0
2026-04-17 06:00:00,16.425937370640547,78.4636318521107,12.128951361895412,35.19613029776847,1.8350065897871852
2026-04-17 07:00:00,21.43802898042573,62.940263938992224,9.91895433110971,26.044072656176475,104.39146708658006
2026-04-17 08:00:00,23.855898343363954,56.10621153482533,9.274468370351663,84.62943914049589,73.5354535455805
2026-04-17 09:00:00,28.409988078349848,63.124288760976654,11.335003205166206,21.13707780719428,295.22503947566867
2026-04-17 10:00:00,31.447731177812596,44.81026705262383,9.168765263303062,80.60346856488941,139.25105119442816
2026-04-17 11:00:00,32.03537148787427,53.92823299513008,13.349597591314408,10.80725015901266,427.0483441930344
2026-04-17 12:00:00,32.816615040973296,45.63490746781046,11.279584761362694,49.68023256711944,287.53357527527
2026-04-17 13:00:00,32.48491599832812,43.07831624541103,1.8539994277612708,70.91780459680417,203.85234271445083
2026-04-17 14:00:00,33.814068633908704,39.22796990384044,2.6370699061063565,41.54345208751222,280.9921220782038
2026-04-17 15:00:00,35.015315244202064,44.528589814548035,13.349265946974374,20.397923866661817,275.34892218844834
2026-04-17 16:00:00,33.66122427607756,51.600901427509505,0.3511124001292004,97.42197245149687,55.8200557736502
2026-04-17 17:00:00,28.629030304645703,45.01069055605488,9.103526650104289,24.72334580420359,102.52987834573328
2026-04-17 18:00:00,28.97748347260742,49.38712757655432,6.788385110433321,20.287817971864175,0.3111124832287908
2026-04-17 19:00:00,30.465312341366886,46.371775662473496,7.425750181543162,34.4993396651456,0.0
2026-04-17 20:00:00,24.88184532748354,65.95208319220437,14.660936325082318,34.66049173052639,0.0
2026-04-17 21:00:00,23.17562344412555,64.92339995273487,5.06178504085031,24.93148937004347,0.0
2026-04-17 22:00:00,22.934926771865374,75.09542203906646,4.611823429243649,17.0118508933667,0.0
2026-04-17 23:00:00,17.383837961602428,74.10121070073743,6.303276043752414,15.776799259888907,0.0
2026-04-18 00:00:00,14.463279777520384,77.32335799543009,11.60579074630125,37.834027267723826,0.0
2026-04-18 01:00:00,15.439626173350746,82.19498226061673,9.3482154176932,66.13770175237268,0.0
2026-04-18 02:00:00,12.124321491680771,83.57488773761969,14.96641727008135,34.49559242212907,0.0
2026-04-18 03:00:00,12.37392615354864,76.7493727340346,12.788673457106382,52.13115881292428,0.0
2026-04-18 04:00:00,13.7185871695086,82.63797544405455,4.022207890652118,65.17904563771614,0.0
2026-04-18 05:00:00,22.274200650193865,68.67228130858516,9.138982319844207,67.66180855978962,0.0
2026-04-18 06:00:00,21.259288618113764,69.12143024302273,14.026200840603229,51.84221194707188,0.0
2026-04-18 07:00:00,22.023212567710047,63.38579371717061,9.901418382594786,10.640771666793224,116.12401514790814
2026-04-18 08:00:00,28.591850732570155,53.68551167793174,12.351412272487838,9.488532651451997,230.94965708708568
2026-04-18 09:00:00,29.554100668037286,58.67856119976875,1.546939119569251,9.628832726252979,323.288392936923
2026-04-18 10:00:00,31.13306510359004,47.626579831622394,10.272050032488401,44.349402829171524,277.10335655008146
2026-04-18 11:00:00,31.115435717594895,49.04696855358603,13.21365580934096,6.8981576131216915,455.05244636529034
2026-04-18 12:00:00,35.17937896618913,54.32959061450418,3.874860008150958,39.04005383012351,328.1623747524143
2026-04-18 13:00:00,38.663338600253766,43.85004821386999,14.976805384590714,54.23528646658977,258.23235370027373
2026-04-18 14:00:00,37.90223093663518,35.3387018049472,4.998955622038242,84.29251374773553,133.69211292824164
2026-04-18 15:00:00,37.74944806722185,35.89833168931978,0.7849797353685339,46.89616328967774,219.82775165875492
2026-04-18 16:00:00,34.01575697586479,37.36319160230104,7.800569573117594,59.47312352408346,121.47233089509474
2026-04-18 17:00:00,34.29303537627375,38.177409501345544,2.7954207528331363,48.68519466846368,77.70759801044049
2026-04-18 18:00:00,27.83974792517638,54.63238779223622,8.108982705736148,5.106794767709277,1.108776930489958
2026-04-18 19:00:00,25.470412279042794,54.08062244784843,8.170860559671151,32.64690270487248,0.0
2026-04-18 20:00:00,23.623751554977037,62.63210392411296,8.992480740073551,77.66932992648923,0.0
2026-04-18 21:00:00,23.890016624795532,60.9967559719583,3.5847124910404364,34.51398574397163,0.0
2026-04-18 22:00:00,20.29844946237877,70.6808211258903,1.3199236018164218,80.02478258045781,0.0
2026-04-18 23:00:00,14.195995112108962,70.05806558267442,9.099420228225014,86.69340566599848,0.0
2026-04-19 00:00:00,14.01407590543645,68.91725792636217,10.927785559775604,75.6747533677061,0.0
2026-04-19 01:00:00,15.148503157288461,71.24519511679802,5.089375260547522,56.71026896147671,0.0
2026-04-19 02:00:00,14.460723669425876,79.15030660456786,5.635458382459183,47.75653420422346,0.0
2026-04-19 03:00:00,14.004138325752537,81.83746244389636,3.6005690730210245,73.20551993217161,0.0
2026-04-19 04:00:00,20.199426776120916,76.54371652675157,4.9102296627534505,71.8951426472223,0.0
2026-04-19 05:00:00,17.89917677614971,68.96217081877887,14.18945592590287,70.26007801692859,0.0
2026-04-19 06:00:00,18.8261107967735,71.30410952159133,10.230513584165065,34.811862911350424,8.289410724898307
2026-04-19 07:00:00,23.379705746239296,68.46757986796135,13.925613932069092,35.09753490611723,92.36301887991593
2026-04-19 08:00:00,24.40620469927572,70.38697588649269,12.025586909337097,76.95944678955775,99.20255178182282
2026-04-19 09:00:00,25.696713342312233,53.64500431959057,7.690252000880717,95.92923776853625,83.44976050885222
2026-04-19 10:00:00,32.397442438116954,60.72558506573452,12.595355704381905,12.634630265134616,389.69734385416683
2026-04-19 11:00:00,31.36731452558883,39.093787624514995,3.9036966865826557,51.62217776102197,269.6126192906482
2026-04-19 12:00:00,33.16906277752766,39.70202242212758,9.640028209860056,75.59609540195488,183.88432681252738
2026-04-19 13:00:00,35.08051096040039,36.81964495643379,6.842146975999963,42.03181213769026,306.51245132309896
2026-04-19 14:00:00,35.21303656118588,43.66217396196112,4.898565639296492,43.82063059223816,271.27504593655516
2026-04-19 15:00:00,34.62711069122581,39.83932320548447,6.8320705136061575,72.76069696934628,139.74687382569277
2026-04-19 16:00:00,38.292412547944785,42.450913002246715,7.522829186375474,19.09752848496926,209.01901694172548
2026-04-19 17:00:00,32.75523099362263,57.54207591744099,7.236319442893825,42.25713006587854,81.09597265577641
2026-04-19 18:00:00,29.928268428096732,38.971046853930126,8.855733814313917,94.56330933918635,1.4199516536785153
2026-04-19 19:00:00,28.459646354652286,55.61529872871333,3.951448577193943,7.750832180850309,0.0
2026-04-19 20:00:00,24.164268244141986,54.34964729953853,9.7782794042477,57.18095880991616,0.0
2026-04-19 21:00:00,23.26938464372644,73.87367375452286,9.650973288579154,57.33769906389799,0.0
2026-04-19 22:00:00,24.431370455957797,64.05034831168624,9.128744817814681,64.75154381661086,0.0
2026-04-19 23:00:00,19.293460819980737,74.25943295626388,14.504002231145313,1.7758399030644467,0.0
2026-04-20 00:00:00,16.686225211804956,72.34204936729893,5.22305451378608,84.51270039543797,0.0
2026-04-20 01:00:00,16.78565682939702,74.89978115304685,8.39388019259211,9.294959869514008,0.0
2026-04-20 02:00:00,20.484236858740637,80.94981711893402,4.190288551073269,85.92479422747824,0.0
2026-04-20 03:00:00,16.023037860857123,71.83626488802786,10.338289951941618,21.706087416480003,0.0
2026-04-20 04:00:00,17.057022870504756,80.54090825575675,6.440622115746018,11.384144867117685,0.0
2026-04-20 05:00:00,19.791748542367394,73.80596145036272,4.869480621803089,23.85049053024243,0.0
2026-04-20 06:00:00,23.13832724169109,67.36551182454377,1.8571787316345896,51.1102303025654,7.019161060920851
2026-04-20 07:00:00,23.162767500250375,62.97372573093371,1.5718400869941163,31.452473134060565,92.2836633305876
2026-04-20 08:00:00,25.927179088050746,65.79671368538015,14.9945542194002,15.822398652780489,218.8247548359336
2026-04-20 09:00:00,27.17992318594447,50.92816830600535,10.08902330207471,47.85282207892742,218.84299189340157
2026-04-20 10:00:00,30.520967258008458,59.54542971104226,7.672873481432274,45.951590331955586,267.322413141612
2026-04-20 11:00:00,31.907754859028476,52.558648628000455,12.790563419841936,18.993657761758275,396.03235120052153
2026-04-20 12:00:00,33.331820609741115,47.450196477417556,1.0215284704501864,63.447209846913225,232.58418999648842
2026-04-20 13:00:00,32.9560140659294,41.19971127472442,10.035954454792883,57.27741091008775,249.41765464330828
2026-04-20 14:00:00,37.733201799163574,54.9435279448925,6.444917889119721,30.50025663316881,313.8341346076338
2026-04-20 15:00:00,33.07420217625666,36.41693111360762,7.619598074734472,10.975414215850021,310.1829458706942
2026-04-20 16:00:00,34.26608084292368,48.340526893137536,10.552422832619786,64.07933314844377,121.08437414359535
2026-04-20 17:00:00,31.304493299261175,34.94739793137082,13.823934872863349,49.87454382223094,77.5580439368529
2026-04-20 18:00:00,33.07657856257076,51.99734710426355,13.989559635329204,88.194875302464,0.0
2026-04-20 19:00:00,28.400765283656686,55.19833730340186,5.445980624230274,1.8118456959108853,0.0
2026-04-20 20:00:00,24.972956050003283,51.19023428629644,1.0366917392787984,45.58400937325898,0.0
2026-04-20 21:00:00,20.418907253021228,62.87657125150623,7.053180253291585,80.48322708490294,0.0
2026-04-20 22:00:00,21.608981197958332,66.45730745295681,8.178824439148219,98.64623327817816,0.0
2026-04-20 23:00:00,18.301899482356863,68.26177370972017,3.3724938164110956,46.47025599606675,0.0
2026-04-21 00:00:00,13.352813945629308,69.79130195356936,3.473226085907071,8.095111226552188,0.0
2026-04-21 01:00:00,18.76114475579302,74.2561141604013,1.0239077927353735,80.77797916203244,0.0
2026-04-21 02:00:00,17.750690462440723,82.28591063487426,10.630247803950098,90.33286378147632,0.0
2026-04-21 03:00:00,15.977173278149131,85.85104632668308,3.0176871282331548,0.8659179562914732,0.0
2026-04-21 04:00:00,16.49252613287059,72.97060335531533,12.839492692321484,7.289917419038283,0.0
2026-04-21 05:00:00,16.945125095683416,74.56262416770495,14.909720192419734,89.86233319435082,0.0
2026-04-21 06:00:00,20.237500481012503,73.65328788026166,11.39002439155913,69.54639525640451,14.659133722830882
2026-04-21 07:00:00,26.697473216311828,55.11244812605828,11.72845465710049,69.18292023818715,62.7692620993535
2026-04-21 08:00:00,25.5799764066034,61.60505495859649,0.19130446246864385,66.59809831245266,120.81901367065278
2026-04-21 09:00:00,27.41406549987318,65.15503916450875,0.18603281070014632,78.0477075604102,131.88633210316473
2026-04-21 10:00:00,31.025841162577965,51.29291172728662,4.766627544268895,42.788938410295884,272.14377226947227
2026-04-21 11:00:00,29.38191944600208,46.76593293619858,14.136536639209577,5.279388723169487,453.5146629034592
2026-04-21 12:00:00,33.629244308815686,38.65160203374416,11.101641070611883,18.16461124587483,408.2784281133994
2026-04-21 13:00:00,36.66571643445637,47.88250735300761,6.937578211178204,33.79564334957201,332.5735786564472
2026-04-21 14:00:00,34.65705802659228,41.12331061544332,0.8041797620700375,42.00331620036898,283.5746927572566
2026-04-21 15:00:00,34.241780925422916,32.93259451140797,6.617631948743026,85.9396973387829,103.27928734651991
2026-04-21 16:00:00,33.955797614774326,41.10323144837245,14.946161504324332,79.11851650923116,86.33043241295567
2026-04-21 17:00:00,30.73059622191713,40.48548954243437,13.29300396501186,37.84221054693469,95.21477107233565
2026-04-21 18:00:00,29.904692338931355,53.06836532427468,9.09356164929878,74.5707492334149,5.1217810890398345
2026-04-21 19:00:00,28.741786129595596,55.18252039860397,1.2397403983293265,48.41439142606776,0.0
2026-04-21 20:00:00,25.563090908650366,61.01059138262883,3.5561472579735383,9.299733216815598,0.0
2026-04-21 21:00:00,22.90530185288028,57.22256208760183,9.054357627686286,27.260561460233703,0.0
2026-04-21 22:00:00,24.94686021490534,76.16859550819895,2.696036314758898,55.57179558172534,0.0
2026-04-21 23:00:00,16.704940149466005,65.6919149928796,3.2966557380735555,89.9761884770745,0.0
2026-04-22 00:00:00,15.214708493961625,76.70951219505383,9.20705338021796,36.481198854907944,0.0
2026-04-22 01:00:00,15.180019532215354,89.06908869539566,5.449715855802263,2.0841551762615373,0.0
2026-04-22 02:00:00,14.814840546323413,76.30846171445577,5.005132260246613,24.36940396479528,0.0
2026-04-22 03:00:00,17.455624656858514,77.60176275332849,10.113745631465397,14.88287232205694,0.0
2026-04-22 04:00:00,14.7921282621401,83.34974091117121,0.5209558047024426,1.995136864086977,0.0
2026-04-22 05:00:00,16.637975044832974,74.978305666664,7.677183983946079,64.64786560881397,0.0
2026-04-22 06:00:00,21.663151352797957,60.18561489855706,2.4564762899169272,73.92587906071752,1.6020173694125763
2026-04-22 07:00:00,25.636191184407657,66.93356092939045,5.641992997328597,6.433664718210719,125.5906550572174
2026-04-22 08:00:00,26.535906060931957,61.34442907127225,5.419267958445672,41.951017776357006,159.95402310422668
2026-04-22 09:00:00,26.26110632846283,50.87655344706498,12.773119744458143,75.51677504713,139.3993114130881
2026-04-22 10:00:00,28.11167843361845,52.33861547782948,3.619154893856091,89.4757824395813,122.52425232357591
2026-04-22 11:00:00,32.53414625006017,44.89870733701019,14.420279243638777,2.06410067214724,455.957489616223
2026-04-22 12:00:00,32.87982007363591,50.809680331751835,6.535166178430535,50.452167197588196,284.6680160318977
2026-04-22 13:00:00,38.54356175435552,48.29500896103423,8.263470788021055,83.88035218821204,162.70094450744605
2026-04-22 14:00:00,33.27930168108375,41.78289425347386,12.378788383687555,5.854294193544963,405.5716830496886
2026-04-22 15:00:00,34.57458598740478,38.25593592042688,7.600745352070797,43.797394558302095,219.6356309243203
2026-04-22 16:00:00,35.907218503911665,35.57683016873305,13.43815231052522,32.417684996237085,181.9538488396048
2026-04-22 17:00:00,34.20987388741877,39.18600142984781,13.689580885844656,21.413797222358543,107.9716332177183
2026-04-22 18:00:00,29.30052361596585,47.88548807318306,7.708886272214899,51.7650776150927,0.0
2026-04-22 19:00:00,26.464488932960162,60.48789440677508,3.9660255006846783,7.231257260429647,0.0
2026-04-22 20:00:00,26.632691342307552,62.05628147061034,3.306391580083969,57.30387657642576,0.0
2026-04-22 21:00:00,18.500373415214586,64.47721477396846,7.783812026017088,49.35575094697898,0.0
2026-04-22 22:00:00,21.29728566155095,66.12550559182758,13.698835702373671,23.69894460165871,0.0
2026-04-22 23:00:00,16.221529466528978,72.64957014852075,10.60363283273266,97.1683915080702,0.0
2026-04-23 00:00:00,18.221716584403968,84.60309959769458,0.5323552188223546,38.49871852432882,0.0
2026-04-23 01:00:00,13.66446197087437,74.26040915011225,14.439316530712293,88.27578072615687,0.0
2026-04-23 02:00:00,14.796426617823252,84.40139015898326,8.01938356395418,96.9322387893006,0.0
2026-04-23 03:00:00,14.304967585513799,73.09746103008877,4.784016867942715,24.483544481341426,0.0
2026-04-23 04:00:00,13.099788213298396,66.1303702706939,10.351058497795806,76.67078685150098,0.0
2026-04-23 05:00:00,16.07524332988049,74.88917441594191,10.16380307574759,42.80857440272936,0.0
2026-04-23 06:00:00,21.508328087723935,80.52033652444453,10.870892878198307,16.48690088889515,0.0
2026-04-23 07:00:00,20.206628458046808,65.00643447238782,8.997846800249443,12.403280989084763,119.37792551361973
2026-04-23 08:00:00,24.478430248445534,60.12018897566467,12.665004288553034,78.56609270824234,95.7970781897521
2026-04-23 09:00:00,28.455327966114275,55.88838935654697,14.898843646248293,2.2658528262071487,346.0894897453305
2026-04-23 10:00:00,30.663644723889206,53.43540879983282,2.0822197188226648,36.1011676469426,306.2451018321383
2026-04-23 11:00:00,33.13940740542174,43.81507132065441,3.7288915367500692,22.0571828395827,373.21756556493295
2026-04-23 12:00:00,30.500219243059256,41.61058450632341,11.119668550388738,93.92352968462525,120.86873369155929
2026-04-23 13:00:00,33.20130088572138,38.97646827969648,4.914857142357015,88.19532780089831,143.15324589835149
2026-04-23 14:00:00,32.61649919591416,41.83133472762786,5.377974542996244,52.89630489647025,233.0732412761727
2026-04-23 15:00:00,34.20073281902975,41.69898971196495,9.08425212594263,19.283900858823543,283.9496020113547
2026-04-23 16:00:00,28.706122658495275,47.510548094574496,0.21225157969911812,5.376516684200771,233.01734167716282
2026-04-23 17:00:00,30.19826736992537,45.66110352133565,5.377543455905273,43.16561271391775,94.04323428558769
2026-04-23 18:00:00,31.011929632554853,47.39465680369898,4.894864237420224,63.987506550989316,0.0
2026-04-23 19:00:00,25.25711550490216,44.636332732457205,5.91911519602281,52.27548604013921,0.0
2026-04-23 20:00:00,22.069041330350895,59.031455179597074,2.1678795435294393,39.56979951077483,0.0
2026-04-23 21:00:00,17.55330691250399,70.05439610069612,9.905981440200282,5.7513736466078935,0.0
2026-04-23 22:00:00,22.170291522422353,72.6505750373046,0.5419461097366002,40.2784466571584,0.0
2026-04-23 23:00:00,19.08240255553345,72.1929756269091,6.221720367755493,83.64506479208042,0.0
2026-04-24 00:00:00,17.354093769449445,77.23263992452408,8.888512320737554,66.57172776738415,0.0
2026-04-24 01:00:00,15.764619561613172,80.16745590812863,3.1319772565305386,39.065923051586935,0.0
2026-04-24 02:00:00,12.441059320466564,78.42976897321738,14.105148780425187,24.384888452373453,0.0
2026-04-24 03:00:00,12.539464067874357,88.25013852429849,9.886650864383915,43.661201874447016,0.0
2026-04-24 04:00:00,17.97024095564532,82.63877777707471,10.268655548176088,94.11527934315257,0.0
2026-04-24 05:00:00,20.01384693021603,71.76605747099921,1.515187159297275,42.39561930971849,0.0
2026-04-24 06:00:00,16.175233189695028,72.6558169436616,5.86214389596226,32.6759020496139,5.462522244079683
2026-04-24 07:00:00,24.04377552385418,63.5673252819408,1.0771540325403723,8.47041523051587,122.58573807216725
2026-04-24 08:00:00,25.809796814116226,62.31832371843987,10.327625432929567,82.32028928147874,84.89120451978717
2026-04-24 09:00:00,24.999580660560664,56.48853606611672,7.271448311623557,63.36971172854553,169.48266674551323
2026-04-24 10:00:00,30.72157686171987,59.61650867560895,6.4697189580808,9.440995009527764,388.2137709937699
2026-04-24 11:00:00,31.528068428319603,43.33037319968831,10.646222211727354,28.045757334851253,369.63553937355357
2026-04-24 12:00:00,35.11263510934163,39.41207751110739,9.129856716668163,78.78789687663088,174.09981514216565
2026-04-24 13:00:00,37.00352042264593,40.89017983861455,9.292524287161072,69.61271817659325,199.3364963571779
2026-04-24 14:00:00,34.72784514057246,48.731361409140455,11.572001305886344,39.277904334823155,285.5551535746822
2026-04-24 15:00:00,32.721424163336245,43.3684530516949,12.170563692779817,0.8507707148696309,341.8155850385619
2026-04-24 16:00:00,32.3210797166792,46.55648239757191,12.776215527074545,66.55988350949838,115.49370247658534
2026-04-24 17:00:00,32.93217148574152,54.67134290934843,14.928806109203501,86.19180352280146,28.811072265575504
2026-04-24 18:00:00,31.392634730833453,55.389864651768384,9.73284223221698,66.78514617960793,2.258040389857784
2026-04-24 19:00:00,27.153354129464457,49.003630758354554,1.938808607378698,9.770290249895119,0.0
2026-04-24 20:00:00,24.48081546382699,56.5932978090048,14.391026521111117,17.185178794087243,0.0
2026-04-24 21:00:00,24.96727261893209,68.02180338537195,13.37610615665765,13.915093125993849,0.0
2026-04-24 22:00:00,21.08838217098854,71.51217203316413,6.885591934413272,90.69689474153529,0.0
2026-04-24 23:00:00,17.168378509696893,80.07352461793569,3.171560792522936,4.0133798016998234,0.0
2026-04-25 00:00:00,17.05134125356064,82.69765399117168,8.422319110841235,92.93521943620584,0.0
2026-04-25 01:00:00,15.647301417406785,80.93118219664466,6.062726388849718,39.87619669057308,0.0
2026-04-25 02:00:00,13.759172836759959,87.04722337113165,4.800765689478549,47.7066105950155,0.0
2026-04-25 03:00:00,14.018340529040062,84.69633518732553,4.197053939337149,70.09996115635781,0.0
2026-04-25 04:00:00,18.53682322515669,71.79214578111204,1.5049394335515425,8.787639486259414,0.0
2026-04-25 05:00:00,14.920593708579695,82.313529702273,3.1586288975071297,22.075713125975383,0.0
2026-04-25 06:00:00,22.196455816732826,72.07231248115386,11.952322021349676,48.89101954059091,0.0026955906921550528
2026-04-25 07:00:00,25.53140619899422,64.09309754733016,2.1342613292491635,37.20704152207814,90.79744176899294
2026-04-25 08:00:00,23.215559053115612,57.28110163461963,3.7909021373238163,44.609500679437566,165.10626380172295
2026-04-25 09:00:00,20.379993728027852,51.16701597898021,3.313013106405454,14.042298293386713,315.4600085684434
2026-04-25 10:00:00,32.8233249790026,59.53055574552099,0.2259864063043593,38.24145033209564,291.48592403688264
2026-04-25 11:00:00,31.845490436194353,37.924693775437284,12.530796752481843,77.68890610362489,180.45825157633053
2026-04-25 12:00:00,34.481854438597466,50.19029538678589,11.823577648637606,4.749798587027588,467.27520749173095
2026-04-25 13:00:00,34.05881033305173,38.35607659771741,5.778200092319954,76.27295501543095,177.27006532085548
2026-04-25 14:00:00,37.83909882246521,38.85622802742823,8.248594219166147,13.332409286529344,368.2935087518573
2026-04-25 15:00:00,35.84472075048208,46.04205324323336,2.9373567922079262,58.11006677882974,177.79891824086408
2026-04-25 16:00:00,33.041445059904525,39.800167794800565,2.207917333671321,97.05068861581739,45.27817280387018
2026-04-25 17:00:00,32.24774520486091,43.153794795281,10.142857083401767,90.84954210423717,34.319449467635685
2026-04-25 18:00:00,25.267973954507845,58.94603918894372,13.391727668473479,69.79087524750562,3.025705560167434
2026-04-25 19:00:00,27.39630110513228,50.16550596677731,2.6991653832795937,50.63928844385238,0.0
2026-04-25 20:00:00,24.838856329310783,56.255710884234006,2.5516931951483564,50.72973183106664,0.0
2026-04-25 21:00:00,15.78531003273792,67.54025613604784,13.059692265848325,95.26613202928209,0.0
2026-04-25 22:00:00,18.370131374636216,64.49648363833077,11.370230658115814,95.64351317694386,0.0
2026-04-25 23:00:00,17.59155048560692,81.21279404111942,3.766501236051539,1.7917357909222775,0.0
2026-04-26 00:00:00,19.297808656146557,72.55799381174353,12.680128971767859,78.59081620341603,0.0
2026-04-26 01:00:00,15.368532472782668,75.77285382160423,7.646708714378038,65.43327023102401,0.0
2026-04-26 02:00:00,15.701595495898875,75.73123021391868,7.3547889581227786,82.91501459873886,0.0
2026-04-26 03:00:00,15.955814612883437,73.89790506023256,4.417799933604284,21.32706088790468,0.0
2026-04-26 04:00:00,17.620932405306593,76.43201596723536,12.879256666402933,89.70724123913747,0.0
2026-04-26 05:00:00,19.721787494115144,69.62060166194634,8.326747024585769,67.175663228521,0.0
2026-04-26 06:00:00,20.161890073395462,70.07221684010044,8.825932302986647,61.50989436078065,1.5264957380009627
2026-04-26 07:00:00,24.683092927109122,62.70874574591151,10.358118496657745,45.73090791126007,84.76298648687296
2026-04-26 08:00:00,23.843817822933836,64.43078219522157,4.175242300298406,62.261120718520644,127.13264948690727
2026-04-26 09:00:00,30.23536396706641,51.42267546515657,14.705255109145513,76.35951569263257,140.58996834681886
2026-04-26 10:00:00,32.13218857997525,52.28749860244734,11.616022840705279,30.138283163663793,318.14810462594346
2026-04-26 11:00:00,33.417229973996015,41.035567709564845,4.486896579980168,8.443195280437088,435.40923859470166
2026-04-26 12:00:00,31.33436015832178,54.78515499365042,11.22844731254328,89.8271338514932,131.10580940663866
2026-04-26 13:00:00,30.481557621044463,31.72605928259687,5.769215311600965,43.225434731837744,313.12434460030425
2026-04-26 14:00:00,32.62270073274952,39.535637225749035,7.445736697475314,46.13270291462116,273.9139420953893
2026-04-26 15:00:00,32.0012716257206,36.35759428700844,14.60777802043859,90.74617611124525,92.06731366137939
2026-04-26 16:00:00,34.99798252028651,41.05760536118743,8.66644840799167,39.75279735686335,163.10074792911215
2026-04-26 17:00:00,30.97397053521984,56.13727934243472,11.717937969663659,62.11085621347618,71.92461234742257
2026-04-26 18:00:00,32.81981030490578,52.2270632010298,5.610237007409383,75.02811627470307,0.0
2026-04-26 19:00:00,26.446061193929154,52.360806893271004,6.559036117067571,73.34142627581804,0.0
2026-04-26 20:00:00,24.40017380830118,70.41252814591037,2.2915449331186966,87.08304274045982,0.0
2026-04-26 21:00:00,21.988023505250897,68.3326221281903,14.814141902940284,27.305979780941612,0.0
2026-04-26 22:00:00,20.99341968632925,75.58275611679869,12.414402460675703,42.94763606777197,0.0
2026-04-26 23:00:00,17.437247412252592,81.95740528003553,14.260073861888651,37.28010373025148,0.0
2026-04-27 00:00:00,16.546926635525704,82.61104509842235,1.8045206497334243,42.909195524629396,0.0
2026-04-27 01:00:00,18.450155528542638,79.31917393332513,3.3657975425210305,69.44213329936673,0.0
2026-04-27 02:00:00,18.291065026531026,75.43003893614846,13.743273703911223,58.75693955903849,0.0
2026-04-27 03:00:00,16.226785399936805,74.98701059672518,9.066170471999031,66.22584986407007,0.0
2026-04-27 04:00:00,17.033548718497325,80.53051003006753,2.348146027871679,16.11708784601066,0.0
2026-04-27 05:00:00,20.049566404969823,74.05548353283828,8.906521039176543,76.83637827853994,0.0
2026-04-27 06:00:00,20.89864250162929,71.5028119281219,13.89327627742383,89.46859430328105,2.148581077777611
2026-04-27 07:00:00,21.761931573602684,63.59562471654883,10.97570436816078,76.61140334921632,54.36170005379402
2026-04-27 08:00:00,24.155618681577543,54.42595979568382,12.583047982723134,83.57025847707855,72.93994092420878
2026-04-27 09:00:00,29.170253299428474,50.943986059998295,13.927719316683426,69.17272423968332,151.37793941245602
2026-04-27 10:00:00,32.387672381401536,51.0499716843687,9.5406343152841,55.868323560934115,225.85752419169052
2026-04-27 11:00:00,31.517489659783603,53.551247029565296,12.095071751782895,36.86546990357211,334.32810232333475
2026-04-27 12:00:00,34.985924968544985,37.49742781198048,1.2568962521846578,79.62399022245509,175.5224974861712
2026-04-27 13:00:00,36.3414823458361,48.086230334470216,0.5309220787082775,98.17490045527005,89.83389185267693
2026-04-27 14:00:00,34.70056034313412,34.605096745294986,14.66556979184954,50.78822633472817,252.27563216837189
2026-04-27 15:00:00,36.31193534797533,28.97127826192734,11.212174792674166,54.68968549893343,187.6995268055535
2026-04-27 16:00:00,36.41032745086033,40.12491915812695,4.785392950107709,40.61946832865547,158.40706139945027
2026-04-27 17:00:00,34.59216069691599,46.1171161782581,3.2898560525337137,49.327598900798854,86.18455792371626
2026-04-27 18:00:00,28.736199965744596,55.16910224183873,13.225889724237534,4.6037677297020245,0.0
2026-04-27 19:00:00,24.669687010482996,60.699577222674904,1.0972467115280744,64.93482152714867,0.0
2026-04-27 20:00:00,22.143837368200153,64.63892447282134,10.891209260328086,96.2686853712832,0.0
2026-04-27 21:00:00,21.34511883427638,64.39347155175139,14.754666828335004,31.491881871180617,0.0
2026-04-27 22:00:00,19.749986579089533,75.1259623033218,14.38918068542529,54.05305166181185,0.0
2026-04-27 23:00:00,14.829214264707286,75.49323201423378,0.9117791337675046,97.94109863889705,0.0
2026-04-28 00:00:00,15.205311287210204,74.7174685053431,1.259669158846718,89.09454592404819,0.0
2026-04-28 01:00:00,16.432017014319904,64.91585253169858,12.088274117807527,49.82295376103478,0.0
2026-04-28 02:00:00,13.267722582674375,77.31738526605508,5.414467509147107,15.023361754486064,0.0
2026-04-28 03:00:00,13.994472951648733,75.49958902816323,12.267415389182789,66.7581110447452,0.0
2026-04-28 04:00:00,17.640515353175175,78.67092684326957,3.97579107481787,82.65059876051724,0.0
2026-04-28 05:00:00,18.64537841204994,70.52067998456492,7.62462953830956,12.513377030395635,0.0
2026-04-28 06:00:00,17.601332400925905,68.52534462324371,13.505803249768272,75.0941813639732,0.0
2026-04-28 07:00:00,23.201704270869733,59.27881704411936,9.522054654837344,71.78393107845719,50.545361773494186
2026-04-28 08:00:00,21.031555784846823,60.578109336557915,6.526279540922875,46.34583290443942,151.06423180492965
2026-04-28 09:00:00,26.39765420739982,58.06043235546339,9.238616732509733,22.946424363487804,285.3633424702882
2026-04-28 10:00:00,28.394536859075338,44.66622858019612,6.547750310195608,19.54086940851216,364.81247663583815
2026-04-28 11:00:00,30.613101117113196,45.079282511799384,0.483861553389226,11.927484711337122,423.3189962122547
2026-04-28 12:00:00,31.731456732343837,33.48679408235515,1.4561217960123485,27.33995692819271,380.928628635593
2026-04-28 13:00:00,35.18351387653833,40.275845933466684,1.5978774169556735,82.06441964809692,159.4853709605372
2026-04-28 14:00:00,33.83243863714235,43.804344428285,2.1819725648999726,50.38744365472512,246.97331351125837
2026-04-28 15:00:00,31.822172939249867,40.873106004024045,1.5589075413924531,18.580210158108244,292.2197843632026
2026-04-28 16:00:00,32.92308360129949,50.036527331884976,12.485026334512384,82.15752518468075,83.37942413939105
2026-04-28 17:00:00,31.865423759635927,40.430477714434076,12.738512639446022,89.43001161746757,34.69774846225744
2026-04-28 18:00:00,32.468072972701876,61.60875691434717,11.133977615747028,66.5478692701655,0.0
2026-04-28 19:00:00,23.842904885255912,57.46554313858811,9.598812552192364,75.68930767707374,0.0
2026-04-28 20:00:00,27.37401165883943,54.36533086231488,6.344674929034289,75.87604705952835,0.0
2026-04-28 21:00:00,25.72943671578556,60.90479216869033,10.952024530463062,83.58764373565603,0.0
2026-04-28 22:00:00,19.735675012027215,64.66786140311929,9.29395570935059,33.99378051053129,0.0
2026-04-28 23:00:00,15.582399319450193,73.21699706078844,2.025627255743278,44.86849912127734,0.0
2026-04-29 00:00:00,17.41965461280648,80.80027214383828,4.558035669934475,61.716469726263156,0.0
2026-04-29 01:00:00,16.506269310224674,73.67147626727393,10.87338608585518,8.225303968284036,0.0
2026-04-29 02:00:00,13.623616064101459,76.08314847245839,11.928853039596909,56.908589614922455,0.0
2026-04-29 03:00:00,14.772031511641453,83.6772356215247,6.821771442549214,72.56624774405213,0.0
2026-04-29 04:00:00,16.88134573474593,70.11955492407914,0.4298077127136274,36.51577635501698,0.0
2026-04-29 05:00:00,18.137301280690526,75.93731334205715,13.597213708457874,20.785630891740713,0.0
2026-04-29 06:00:00,18.99273455708463,68.72540802627645,4.125319949901879,15.471074005604446,3.8052807727447293
2026-04-29 07:00:00,20.491309817616077,72.32474843122971,4.101318186097973,65.36645804032975,57.21364934244322
2026-04-29 08:00:00,25.100367791798135,57.764825773950776,12.637625452964356,17.597599161649512,217.38381268937744
2026-04-29 09:00:00,28.12830245445073,61.28111371271063,0.3633480439216863,37.427886809852495,241.94361796350304
2026-04-29 10:00:00,30.311125413861113,53.374738847090256,0.30237585520328236,14.222426685451229,367.9457094215871
2026-04-29 11:00:00,31.208003945957717,46.56165268307578,12.53316937841633,51.66874217570514,267.5337235247374
2026-04-29 12:00:00,30.22319582667877,45.918160302672234,13.055861382467358,2.3477844103848122,483.53703056251976
2026-04-29 13:00:00,37.99369708849276,38.12531513813873,13.8565564027011,97.07283233530781,100.85672146238622
2026-04-29 14:00:00,35.7001788523926,37.85615114023988,9.047324072547811,81.36409827042273,138.01470637861564
2026-04-29 15:00:00,33.4865327279412,34.11328165666887,4.035660952765989,46.51432582298435,219.71050163557373
2026-04-29 16:00:00,34.88402483320638,45.59833800873199,10.46266461147153,55.1803859904652,137.70272367510648
2026-04-29 17:00:00,35.431018762620425,49.09707195486287,5.202933241921701,30.760218962773322,89.11973347703916
2026-04-29 18:00:00,29.135846490681974,51.19903495248075,7.779406519565951,28.92933758993925,6.377746024955456
2026-04-29 19:00:00,27.947470973352814,51.766852536212696,11.088453818249198,52.76167287798567,0.0
2026-04-29 20:00:00,24.53625656265611,57.64858873133837,7.89920769043357,94.06313296424925,0.0
2026-04-29 21:00:00,21.184755098808385,64.94344006473277,12.633461390778727,72.07142115483872,0.0
2026-04-29 22:00:00,17.500063708837796,70.02416654960075,4.865927810336162,3.0377457148079157,0.0
2026-04-29 23:00:00,17.09398539898353,71.54038892661065,2.1758015275130416,1.9162205662821008,0.0
2026-04-30 00:00:00,15.46944099094108,77.4559520369043,5.625395958680716,4.415719534587382,0.0
2026-04-30 01:00:00,15.182525514040284,77.56336496748062,11.270145860044133,3.927050341145366,0.0
2026-04-30 02:00:00,14.257818740314692,78.54633804304652,7.380436203937633,18.538116407264894,0.0
2026-04-30 03:00:00,19.192538512153824,85.99406340657674,13.756954760322841,12.207697132581409,0.0
2026-04-30 04:00:00,17.606663586663526,70.66951804194487,13.408335171643142,60.44399262429222,0.0
2026-04-30 05:00:00,16.740756878367694,69.65500579694279,2.1105158461708577,98.73317454077967,0.0
2026-04-30 06:00:00,20.73050943145101,78.52028973835274,9.397942801928455,3.9229646700032483,7.534243641874346
2026-04-30 07:00:00,21.21514571505298,60.66582336874917,5.421906217083998,39.27869614310995,82.52188163519865
2026-04-30 08:00:00,23.463075852518248,54.34699204604341,10.288940752009072,48.1739217339254,158.54800112127685
2026-04-30 09:00:00,27.589533358149513,62.106709504014916,14.992849871073767,63.2100120932998,171.7241536635902
2026-04-30 10:00:00,31.720198754420416,54.21084069220156,9.311744379875293,14.66404070863565,373.8936219142868
2026-04-30 11:00:00,31.038620266482862,48.89005963835431,5.06821041492547,52.88258406413945,277.9042677123963
2026-04-30 12:00:00,31.77969267248095,35.98893210944331,2.163251218768,80.29985212804962,170.67330861812604
2026-04-30 13:00:00,34.53412845802006,41.91762786042752,13.950823539152724,49.595885149332844,280.67649541067067
2026-04-30 14:00:00,35.534122566714345,41.21219510855461,12.686653917963135,14.994843382437784,357.8403620416973
2026-04-30 15:00:00,34.21678333345966,39.133839283031854,7.99921741732059,20.538339135590235,285.234651777614
2026-04-30 16:00:00,32.803074145207994,53.03643034521304,3.80149537801874,5.826107316503403,233.347520175047
2026-04-30 17:00:00,31.837990323905732,41.35386648295243,4.189694099922823,24.9361806988052,97.32453433760574
2026-04-30 18:00:00,29.036159073917155,47.41239242569629,9.04843600560836,11.344078245949586,1.162575008983178
2026-04-30 19:00:00,28.18501237788832,47.814624715209995,14.197000273397938,4.28677980711557,0.0
2026-04-30 20:00:00,24.019281121362788,55.90384412984474,13.169031005170341,73.87910837398299,0.0
2026-04-30 21:00:00,22.191329933878766,63.209956482084465,13.998458542357849,12.629843267539032,0.0
2026-04-30 22:00:00,21.286400711612853,79.81237368586014,7.291490838007895,16.617561500279045,0.0
2026-04-30 23:00:00,17.00884705086303,78.42057479738183,14.480427665567618,4.642958622453408,0.0
2026-05-01 00:00:00,15.04041054210293,72.63966858836994,13.752177700867229,83.78041659156807,0.0
